[10:57:51.111] CLIENT -> SERVER
XT PACKET
  fields:
    type: xt
    server_header: EmpireEx_21
    command: jca
    request_id: 1
    payload: {"CID":16366513,"KID":2}

  json_payload:
{
  "CID": 16366513,
  "KID": 2
}

  raw:
%xt%EmpireEx_21%jca%1%{"CID":16366513,"KID":2}%
---
[10:57:51.265] SERVER -> CLIENT
XT PACKET
  fields:
    type: xt
    command: jaa
    request_id: 1
    status: 0
    payload: {"KID":2,"T":12,"gca":{"O":{"OID":16862926,"DUM":false,"N":"Ventrilo","E":{"BGT":0,"BGC1":1644825,"BGC2":1644825,"SPT":1,"S1":42,"SC1":1644825,"S2":42,"SC2":1644825,"IS":1},"L":70,"LL":950,"H":839,"AVP":61745,"CF":29114523,"HF":147045694,"PRE":13,"SUF":28,"TOPX":-1,"MP":27731306,"R":0,"AID":189639,"AR":7,"AN":"Sons of Guelon","aee":{"ACCA":{"ACLI":11,"ACCS":[4,3,12]},"ACFB":{"ACLI":3,"ACCS":[4,3]}},"RPT":4270290,"AP":[[0,16011862,509,405,1],[0,16632819,505,407,4],[0,16673031,509,407,4],[1,16366514,593,613,12],[2,16366513,654,696,12],[3,16681051,688,582,12],[[10,293,1310,111]]],"VP":[[1,610985,612,588,10],[1,713871,585,658,10],[1,725272,624,582,10],[1,2548320,501,589,10],[1,2548324,494,596,10],[1,2840852,486,575,10]],"SA":0,"VF":0,"PF":0,"RRD":0,"TI":-1,"RNP":-1,"FN":{"MC":293,"FID":0,"TID":111,"NS":-1,"PMS":-1,"PMT":0,"SPC":0}},"RAF":2,"RAW":2,"RAS":2,"RAB":2,"BG":[[200,1,200,200,0,0,4,100,-1,-1,0,0,0,0,-1,-1,-1],[201,33,180,180,3,0,4,100,-1,-1,0,0,0,0,-1,-1,-1],[201,66,220,210,1,0,4,100,-1,-1,0,0,0,0,-1,-1,-1],[201,36,200,180,0,0,4,100,-1,-1,0,0,0,0,-1,-1,-1],[201,69,220,220,1,0,4,100,-1,-1,0,0,0,0,-1,-1,-1],[201,39,210,180,0,0,4,100,-1,-1,0,0,0,0,-1,-1,-1],[201,72,180,230,1,0,4,100,-1,-1,0,0,0,0,-1,-1,-1],[201,10,200,220,1,0,4,100,-1,-1,0,0,0,0,-1,-1,-1],[201,42,220,180,0,0,4,100,-1,-1,0,0,0,0,-1,-1,-1],[201,45,230,180,0,0,4,100,-1,-1,0,0,0,0,-1,-1,-1],[201,80,200,230,1,0,4,100,-1,-1,0,0,0,0,-1,-1,-1],[201,24,190,200,2,0,4,100,-1,-1,0,0,0,0,-1,-1,-1],[201,57,220,200,1,0,4,100,-1,-1,0,0,0,0,-1,-1,-1],[201,27,180,200,2,0,4,100,-1,-1,0,0,0,0,-1,-1,-1],[201,30,180,190,3,0,4,100,-1,-1,0,0,0,0,-1,-1,-1],[201,63,180,220,1,0,4,100,-1,-1,0,0,0,0,-1,-1,-1]],"BD":[[171,6,180,180,0,0,4,56,-1,-1,0,0,0,0,-1,-1,-1],[756,75,204,204,0,0,4,100,-1,-1,0,0,0,0,-1,-1,-1],[100,12,215,205,0,0,4,64,-1,100,0,0,0,0,-1,-1,-1],[101,13,215,200,0,0,4,51,-1,100,0,0,0,0,-1,-1,-1],[2492,77,180,230,0,0,4,100,-1,-1,0,4200,-1,0,-1,-1,-1],[105,14,215,220,0,0,4,66,-1,100,0,0,0,0,-1,-1,-1],[3160,78,185,230,0,0,4,100,-1,-1,0,0,0,0,-1,-1,-1],[106,15,215,225,0,0,4,79,-1,100,0,0,0,0,-1,-1,-1],[3150,79,187,201,0,0,4,100,-1,-1,0,0,0,0,-1,-1,-1],[110,16,205,225,0,0,4,57,-1,31,0,0,0,0,-1,-1,-1],[1898,48,202,180,0,0,4,100,-1,100,0,0,0,0,-1,-1,-1],[111,17,200,225,0,0,4,49,-1,42,0,0,0,0,-1,-1,-1],[1898,49,207,180,0,0,4,100,-1,100,0,0,0,0,-1,-1,-1],[202,18,198,199,0,0,4,61,-1,-1,0,0,0,0,-1,-1,-1],[1699,51,192,180,0,0,4,100,-1,75,0,0,0,0,-1,-1,-1],[226,20,186,192,0,0,4,100,-1,-1,0,0,0,0,-1,-1,-1],[1699,52,197,180,0,0,4,100,-1,56,0,0,0,0,-1,-1,-1],[3157,53,235,190,0,0,4,100,-1,-1,0,0,0,0,-1,-1,-1],[1741,22,180,192,0,0,4,100,-1,-1,0,0,0,0,-1,-1,-1],[2305,54,230,190,0,0,4,100,-1,-1,0,3300,-1,0,-1,-1,-1],[2305,55,225,190,0,0,4,100,-1,-1,0,3300,-1,0,-1,-1,-1],[2406,56,220,190,0,0,4,100,-1,-1,0,3000,-1,0,-1,-1,-1],[2918,60,235,205,0,0,4,100,-1,-1,0,0,0,0,-1,-1,-1],[3161,61,235,200,0,0,4,100,-1,-1,0,0,0,0,-1,-1,-1]],"T":[[401,64,0,0,0,0,4,100,-1,-1,0,0,0,0,-1,-1,-1],[401,2,0,0,0,0,4,100,-1,-1,0,0,0,0,-1,-1,-1],[401,34,0,0,0,0,4,100,-1,-1,0,0,0,0,-1,-1,-1],[401,3,0,0,0,0,4,100,-1,-1,0,0,0,0,-1,-1,-1],[401,67,0,0,0,0,4,100,-1,-1,0,0,0,0,-1,-1,-1],[401,4,0,0,0,0,4,100,-1,-1,0,0,0,0,-1,-1,-1],[401,5,0,0,0,0,4,100,-1,-1,0,0,0,0,-1,-1,-1],[401,37,0,0,0,0,4,100,-1,-1,0,0,0,0,-1,-1,-1],[401,70,0,0,0,0,4,100,-1,-1,0,0,0,0,-1,-1,-1],[401,40,0,0,0,0,4,100,-1,-1,0,0,0,0,-1,-1,-1],[401,73,0,0,0,0,4,100,-1,-1,0,0,0,0,-1,-1,-1],[401,11,0,0,0,0,4,100,-1,-1,0,0,0,0,-1,-1,-1],[401,43,0,0,0,0,4,100,-1,-1,0,0,0,0,-1,-1,-1],[401,46,0,0,0,0,4,100,-1,-1,0,0,0,0,-1,-1,-1],[401,81,0,0,0,0,4,100,-1,-1,0,0,0,0,-1,-1,-1],[401,25,0,0,0,0,4,100,-1,-1,0,0,0,0,-1,-1,-1],[401,58,0,0,0,0,4,100,-1,-1,0,0,0,0,-1,-1,-1],[401,28,0,0,0,0,4,100,-1,-1,0,0,0,0,-1,-1,-1],[401,31,0,0,0,0,4,100,-1,-1,0,0,0,0,-1,-1,-1]],"G":[[450,7,0,0,0,0,4,100,-1,-1,0,0,0,0,-1,-1,-1]],"D":[[501,8,0,0,0,0,4,100,-1,-1,0,0,0,0,-1,-1,-1]],"CI":[{"OID":22,"CIL":[{"CID":14,"S":0}]}],"A":[12,654,696,16366513,16862926,1,1,1,0,0,"Nui",0,0,-1,-1,-1,2,1195,[],0],"scl":{"OIDL":[-1,-2,-2,-2],"SSC":2}},"uap":{"KID":2,"NS":-1,"PMS":1,"PMT":4270290},"csl":{"SL":1},"grc":{"AID":16366513,"W":60800.0,"S":60800.0,"F":51466.508,"C":4014.0,"O":0.0,"G":0.0,"A":0.0,"I":0.0,"HONEY":0.0,"MEAD":0.0,"BEEF":0.0,"KID":2},"gpa":{"DFC":31920.0,"DMEADC":0.0,"DBEEFC":0.0,"DW":7655,"DS":7860,"DF":57686,"DC":0,"DO":0,"DG":0,"DA":0,"DI":0,"DHONEY":0,"DMEAD":0,"DBEEF":0,"S":0,"WM":122.0,"SM":122.0,"FM":174.0,"CM":100.0,"OM":100.0,"GM":100.0,"AM":100.0,"IM":100.0,"HONEYM":137.0,"MEADM":129.0,"BEEFM":100.0,"MP":0,"FCR":100,"MEADCR":100,"BEEFCR":100,"MRW":60800,"SAFE_W":800.0,"MRS":60800,"SAFE_S":800.0,"MRF":60800,"SAFE_F":800.0,"MRC":60800,"SAFE_C":800.0,"MRO":60800,"SAFE_O":800.0,"MRG":60800,"SAFE_G":800.0,"MRA":450800,"SAFE_A":800.0,"MRI":60800,"SAFE_I":800.0,"MRHONEY":0,"SAFE_HONEY":800.0,"MRMEAD":0,"SAFE_MEAD":800.0,"MRBEEF":0,"SAFE_BEEF":800.0,"P":0,"NDP":29425,"R":40,"GRD":0,"RS1":766.0,"RS2":0.0,"RS3":0.0,"RSH":443,"BDB":100,"US":0,"M":0},"gui":{"I":[[607,1596],[620,27000]],"SHI":[],"HI":[],"TU":[]},"spl0":{"PS":{"WID":607,"TUA":6,"CBS":0,"RAH":true,"PID":1430003111,"RCT":29,"ICT":90,"SPID":2049563726},"QS":[{"P":{"WID":607,"TUA":30,"CBS":0,"RAH":true,"PID":2049563726},"SI":{"RUT":-1,"VIP":0}},{"P":{"WID":607,"TUA":204,"CBS":0,"RAH":true,"PID":1220987398},"SI":{"RUT":-1,"VIP":0}},{"P":{"WID":607,"TUA":204,"CBS":0,"RAH":true,"PID":987846471},"SI":{"RUT":1678845,"VIP":1}},{"SI":{"RUT":1678845,"VIP":1}},{"SI":{"RUT":296581,"VIP":0}}],"RM":0,"TCT":6599,"LID":0},"spl1":{"PS":{},"QS":[{"SI":{"RUT":-1,"VIP":0}},{"SI":{"RUT":-1,"VIP":0}},{"SI":{"RUT":1678845,"VIP":1}},{"SI":{"RUT":1678845,"VIP":1}},{"SI":{"RUT":0,"VIP":0}}],"RM":0,"TCT":0,"LID":1},"spl2":{"LID":2,"PIDL":[[-2,0,0,0,0,0,0,0],[-2,0,0,0,0,0,0,0],[-2,0,0,0,0,0,0,0],[-2,0,0,0,0,0,0,0],[-2,0,0,0,0,0,0,0]]},"spl3":{},"gab":{"B":0.0},"hin":{"FB":0,"WSR":0},"sin":[{"SID":1,"RD":[[321,3,0],[322,4,0],[2498,1,0],[324,1,0],[3142,3,0],[71,1,0],[1545,1,0],[3149,2,0],[2766,4,0],[3151,3,0],[3154,2,0],[3155,3,0],[2837,2,0],[3157,39,0],[2456,2,0],[3160,1,0],[2137,1,0],[3161,2,0],[4441,1,0],[2458,1,0],[2842,2,0],[3108,1,0],[357,3,0],[2214,1,0],[360,1,0],[361,2,0],[1514,2,0],[2282,4,0],[363,1,0],[1515,1,0],[2475,1,0],[364,1,0],[365,1,0],[1646,1,0],[1585,2,0],[307,15,0],[4275,2,0],[4276,15,0],[2997,4,0],[2359,1,0],[4471,2,0],[2490,1,0],[2491,5,0]],"CD":[[342,837952,993,0]],"UD":[]},{"SID":10,"RD":[],"CD":[],"UD":[]},{"SID":2,"RD":[]}],"abpi":[],"crai":{"CAI":{"CBI":[],"CE":[]}}}

  json_payload:
{
  "KID": 2,
  "T": 12,
  "abpi": [],
  "crai": {
    "CAI": {
      "CBI": [],
      "CE": []
    }
  },
  "csl": {
    "SL": 1
  },
  "gab": {
    "B": 0.0
  },
  "gca": {
    "A": [
      12,
      654,
      696,
      16366513,
      16862926,
      1,
      1,
      1,
      0,
      0,
      "Nui",
      0,
      0,
      -1,
      -1,
      -1,
      2,
      1195,
      [],
      0
    ],
    "BD": [
      [
        171,
        6,
        180,
        180,
        0,
        0,
        4,
        56,
        -1,
        -1,
        0,
        0,
        0,
        0,
        -1,
        -1,
        -1
      ],
      [
        756,
        75,
        204,
        204,
        0,
        0,
        4,
        100,
        -1,
        -1,
        0,
        0,
        0,
        0,
        -1,
        -1,
        -1
      ],
      [
        100,
        12,
        215,
        205,
        0,
        0,
        4,
        64,
        -1,
        100,
        0,
        0,
        0,
        0,
        -1,
        -1,
        -1
      ],
      [
        101,
        13,
        215,
        200,
        0,
        0,
        4,
        51,
        -1,
        100,
        0,
        0,
        0,
        0,
        -1,
        -1,
        -1
      ],
      [
        2492,
        77,
        180,
        230,
        0,
        0,
        4,
        100,
        -1,
        -1,
        0,
        4200,
        -1,
        0,
        -1,
        -1,
        -1
      ],
      [
        105,
        14,
        215,
        220,
        0,
        0,
        4,
        66,
        -1,
        100,
        0,
        0,
        0,
        0,
        -1,
        -1,
        -1
      ],
      [
        3160,
        78,
        185,
        230,
        0,
        0,
        4,
        100,
        -1,
        -1,
        0,
        0,
        0,
        0,
        -1,
        -1,
        -1
      ],
      [
        106,
        15,
        215,
        225,
        0,
        0,
        4,
        79,
        -1,
        100,
        0,
        0,
        0,
        0,
        -1,
        -1,
        -1
      ],
      [
        3150,
        79,
        187,
        201,
        0,
        0,
        4,
        100,
        -1,
        -1,
        0,
        0,
        0,
        0,
        -1,
        -1,
        -1
      ],
      [
        110,
        16,
        205,
        225,
        0,
        0,
        4,
        57,
        -1,
        31,
        0,
        0,
        0,
        0,
        -1,
        -1,
        -1
      ],
      [
        1898,
        48,
        202,
        180,
        0,
        0,
        4,
        100,
        -1,
        100,
        0,
        0,
        0,
        0,
        -1,
        -1,
        -1
      ],
      [
        111,
        17,
        200,
        225,
        0,
        0,
        4,
        49,
        -1,
        42,
        0,
        0,
        0,
        0,
        -1,
        -1,
        -1
      ],
      [
        1898,
        49,
        207,
        180,
        0,
        0,
        4,
        100,
        -1,
        100,
        0,
        0,
        0,
        0,
        -1,
        -1,
        -1
      ],
      [
        202,
        18,
        198,
        199,
        0,
        0,
        4,
        61,
        -1,
        -1,
        0,
        0,
        0,
        0,
        -1,
        -1,
        -1
      ],
      [
        1699,
        51,
        192,
        180,
        0,
        0,
        4,
        100,
        -1,
        75,
        0,
        0,
        0,
        0,
        -1,
        -1,
        -1
      ],
      [
        226,
        20,
        186,
        192,
        0,
        0,
        4,
        100,
        -1,
        -1,
        0,
        0,
        0,
        0,
        -1,
        -1,
        -1
      ],
      [
        1699,
        52,
        197,
        180,
        0,
        0,
        4,
        100,
        -1,
        56,
        0,
        0,
        0,
        0,
        -1,
        -1,
        -1
      ],
      [
        3157,
        53,
        235,
        190,
        0,
        0,
        4,
        100,
        -1,
        -1,
        0,
        0,
        0,
        0,
        -1,
        -1,
        -1
      ],
      [
        1741,
        22,
        180,
        192,
        0,
        0,
        4,
        100,
        -1,
        -1,
        0,
        0,
        0,
        0,
        -1,
        -1,
        -1
      ],
      [
        2305,
        54,
        230,
        190,
        0,
        0,
        4,
        100,
        -1,
        -1,
        0,
        3300,
        -1,
        0,
        -1,
        -1,
        -1
      ],
      [
        2305,
        55,
        225,
        190,
        0,
        0,
        4,
        100,
        -1,
        -1,
        0,
        3300,
        -1,
        0,
        -1,
        -1,
        -1
      ],
      [
        2406,
        56,
        220,
        190,
        0,
        0,
        4,
        100,
        -1,
        -1,
        0,
        3000,
        -1,
        0,
        -1,
        -1,
        -1
      ],
      [
        2918,
        60,
        235,
        205,
        0,
        0,
        4,
        100,
        -1,
        -1,
        0,
        0,
        0,
        0,
        -1,
        -1,
        -1
      ],
      [
        3161,
        61,
        235,
        200,
        0,
        0,
        4,
        100,
        -1,
        -1,
        0,
        0,
        0,
        0,
        -1,
        -1,
        -1
      ]
    ],
    "BG": [
      [
        200,
        1,
        200,
        200,
        0,
        0,
        4,
        100,
        -1,
        -1,
        0,
        0,
        0,
        0,
        -1,
        -1,
        -1
      ],
      [
        201,
        33,
        180,
        180,
        3,
        0,
        4,
        100,
        -1,
        -1,
        0,
        0,
        0,
        0,
        -1,
        -1,
        -1
      ],
      [
        201,
        66,
        220,
        210,
        1,
        0,
        4,
        100,
        -1,
        -1,
        0,
        0,
        0,
        0,
        -1,
        -1,
        -1
      ],
      [
        201,
        36,
        200,
        180,
        0,
        0,
        4,
        100,
        -1,
        -1,
        0,
        0,
        0,
        0,
        -1,
        -1,
        -1
      ],
      [
        201,
        69,
        220,
        220,
        1,
        0,
        4,
        100,
        -1,
        -1,
        0,
        0,
        0,
        0,
        -1,
        -1,
        -1
      ],
      [
        201,
        39,
        210,
        180,
        0,
        0,
        4,
        100,
        -1,
        -1,
        0,
        0,
        0,
        0,
        -1,
        -1,
        -1
      ],
      [
        201,
        72,
        180,
        230,
        1,
        0,
        4,
        100,
        -1,
        -1,
        0,
        0,
        0,
        0,
        -1,
        -1,
        -1
      ],
      [
        201,
        10,
        200,
        220,
        1,
        0,
        4,
        100,
        -1,
        -1,
        0,
        0,
        0,
        0,
        -1,
        -1,
        -1
      ],
      [
        201,
        42,
        220,
        180,
        0,
        0,
        4,
        100,
        -1,
        -1,
        0,
        0,
        0,
        0,
        -1,
        -1,
        -1
      ],
      [
        201,
        45,
        230,
        180,
        0,
        0,
        4,
        100,
        -1,
        -1,
        0,
        0,
        0,
        0,
        -1,
        -1,
        -1
      ],
      [
        201,
        80,
        200,
        230,
        1,
        0,
        4,
        100,
        -1,
        -1,
        0,
        0,
        0,
        0,
        -1,
        -1,
        -1
      ],
      [
        201,
        24,
        190,
        200,
        2,
        0,
        4,
        100,
        -1,
        -1,
        0,
        0,
        0,
        0,
        -1,
        -1,
        -1
      ],
      [
        201,
        57,
        220,
        200,
        1,
        0,
        4,
        100,
        -1,
        -1,
        0,
        0,
        0,
        0,
        -1,
        -1,
        -1
      ],
      [
        201,
        27,
        180,
        200,
        2,
        0,
        4,
        100,
        -1,
        -1,
        0,
        0,
        0,
        0,
        -1,
        -1,
        -1
      ],
      [
        201,
        30,
        180,
        190,
        3,
        0,
        4,
        100,
        -1,
        -1,
        0,
        0,
        0,
        0,
        -1,
        -1,
        -1
      ],
      [
        201,
        63,
        180,
        220,
        1,
        0,
        4,
        100,
        -1,
        -1,
        0,
        0,
        0,
        0,
        -1,
        -1,
        -1
      ]
    ],
    "CI": [
      {
        "CIL": [
          {
            "CID": 14,
            "S": 0
          }
        ],
        "OID": 22
      }
    ],
    "D": [
      [
        501,
        8,
        0,
        0,
        0,
        0,
        4,
        100,
        -1,
        -1,
        0,
        0,
        0,
        0,
        -1,
        -1,
        -1
      ]
    ],
    "G": [
      [
        450,
        7,
        0,
        0,
        0,
        0,
        4,
        100,
        -1,
        -1,
        0,
        0,
        0,
        0,
        -1,
        -1,
        -1
      ]
    ],
    "O": {
      "AID": 189639,
      "AN": "Sons of Guelon",
      "AP": [
        [
          0,
          16011862,
          509,
          405,
          1
        ],
        [
          0,
          16632819,
          505,
          407,
          4
        ],
        [
          0,
          16673031,
          509,
          407,
          4
        ],
        [
          1,
          16366514,
          593,
          613,
          12
        ],
        [
          2,
          16366513,
          654,
          696,
          12
        ],
        [
          3,
          16681051,
          688,
          582,
          12
        ],
        [
          [
            10,
            293,
            1310,
            111
          ]
        ]
      ],
      "AR": 7,
      "AVP": 61745,
      "CF": 29114523,
      "DUM": false,
      "E": {
        "BGC1": 1644825,
        "BGC2": 1644825,
        "BGT": 0,
        "IS": 1,
        "S1": 42,
        "S2": 42,
        "SC1": 1644825,
        "SC2": 1644825,
        "SPT": 1
      },
      "FN": {
        "FID": 0,
        "MC": 293,
        "NS": -1,
        "PMS": -1,
        "PMT": 0,
        "SPC": 0,
        "TID": 111
      },
      "H": 839,
      "HF": 147045694,
      "L": 70,
      "LL": 950,
      "MP": 27731306,
      "N": "Ventrilo",
      "OID": 16862926,
      "PF": 0,
      "PRE": 13,
      "R": 0,
      "RNP": -1,
      "RPT": 4270290,
      "RRD": 0,
      "SA": 0,
      "SUF": 28,
      "TI": -1,
      "TOPX": -1,
      "VF": 0,
      "VP": [
        [
          1,
          610985,
          612,
          588,
          10
        ],
        [
          1,
          713871,
          585,
          658,
          10
        ],
        [
          1,
          725272,
          624,
          582,
          10
        ],
        [
          1,
          2548320,
          501,
          589,
          10
        ],
        [
          1,
          2548324,
          494,
          596,
          10
        ],
        [
          1,
          2840852,
          486,
          575,
          10
        ]
      ],
      "aee": {
        "ACCA": {
          "ACCS": [
            4,
            3,
            12
          ],
          "ACLI": 11
        },
        "ACFB": {
          "ACCS": [
            4,
            3
          ],
          "ACLI": 3
        }
      }
    },
    "RAB": 2,
    "RAF": 2,
    "RAS": 2,
    "RAW": 2,
    "T": [
      [
        401,
        64,
        0,
        0,
        0,
        0,
        4,
        100,
        -1,
        -1,
        0,
        0,
        0,
        0,
        -1,
        -1,
        -1
      ],
      [
        401,
        2,
        0,
        0,
        0,
        0,
        4,
        100,
        -1,
        -1,
        0,
        0,
        0,
        0,
        -1,
        -1,
        -1
      ],
      [
        401,
        34,
        0,
        0,
        0,
        0,
        4,
        100,
        -1,
        -1,
        0,
        0,
        0,
        0,
        -1,
        -1,
        -1
      ],
      [
        401,
        3,
        0,
        0,
        0,
        0,
        4,
        100,
        -1,
        -1,
        0,
        0,
        0,
        0,
        -1,
        -1,
        -1
      ],
      [
        401,
        67,
        0,
        0,
        0,
        0,
        4,
        100,
        -1,
        -1,
        0,
        0,
        0,
        0,
        -1,
        -1,
        -1
      ],
      [
        401,
        4,
        0,
        0,
        0,
        0,
        4,
        100,
        -1,
        -1,
        0,
        0,
        0,
        0,
        -1,
        -1,
        -1
      ],
      [
        401,
        5,
        0,
        0,
        0,
        0,
        4,
        100,
        -1,
        -1,
        0,
        0,
        0,
        0,
        -1,
        -1,
        -1
      ],
      [
        401,
        37,
        0,
        0,
        0,
        0,
        4,
        100,
        -1,
        -1,
        0,
        0,
        0,
        0,
        -1,
        -1,
        -1
      ],
      [
        401,
        70,
        0,
        0,
        0,
        0,
        4,
        100,
        -1,
        -1,
        0,
        0,
        0,
        0,
        -1,
        -1,
        -1
      ],
      [
        401,
        40,
        0,
        0,
        0,
        0,
        4,
        100,
        -1,
        -1,
        0,
        0,
        0,
        0,
        -1,
        -1,
        -1
      ],
      [
        401,
        73,
        0,
        0,
        0,
        0,
        4,
        100,
        -1,
        -1,
        0,
        0,
        0,
        0,
        -1,
        -1,
        -1
      ],
      [
        401,
        11,
        0,
        0,
        0,
        0,
        4,
        100,
        -1,
        -1,
        0,
        0,
        0,
        0,
        -1,
        -1,
        -1
      ],
      [
        401,
        43,
        0,
        0,
        0,
        0,
        4,
        100,
        -1,
        -1,
        0,
        0,
        0,
        0,
        -1,
        -1,
        -1
      ],
      [
        401,
        46,
        0,
        0,
        0,
        0,
        4,
        100,
        -1,
        -1,
        0,
        0,
        0,
        0,
        -1,
        -1,
        -1
      ],
      [
        401,
        81,
        0,
        0,
        0,
        0,
        4,
        100,
        -1,
        -1,
        0,
        0,
        0,
        0,
        -1,
        -1,
        -1
      ],
      [
        401,
        25,
        0,
        0,
        0,
        0,
        4,
        100,
        -1,
        -1,
        0,
        0,
        0,
        0,
        -1,
        -1,
        -1
      ],
      [
        401,
        58,
        0,
        0,
        0,
        0,
        4,
        100,
        -1,
        -1,
        0,
        0,
        0,
        0,
        -1,
        -1,
        -1
      ],
      [
        401,
        28,
        0,
        0,
        0,
        0,
        4,
        100,
        -1,
        -1,
        0,
        0,
        0,
        0,
        -1,
        -1,
        -1
      ],
      [
        401,
        31,
        0,
        0,
        0,
        0,
        4,
        100,
        -1,
        -1,
        0,
        0,
        0,
        0,
        -1,
        -1,
        -1
      ]
    ],
    "scl": {
      "OIDL": [
        -1,
        -2,
        -2,
        -2
      ],
      "SSC": 2
    }
  },
  "gpa": {
    "AM": 100.0,
    "BDB": 100,
    "BEEFCR": 100,
    "BEEFM": 100.0,
    "CM": 100.0,
    "DA": 0,
    "DBEEF": 0,
    "DBEEFC": 0.0,
    "DC": 0,
    "DF": 57686,
    "DFC": 31920.0,
    "DG": 0,
    "DHONEY": 0,
    "DI": 0,
    "DMEAD": 0,
    "DMEADC": 0.0,
    "DO": 0,
    "DS": 7860,
    "DW": 7655,
    "FCR": 100,
    "FM": 174.0,
    "GM": 100.0,
    "GRD": 0,
    "HONEYM": 137.0,
    "IM": 100.0,
    "M": 0,
    "MEADCR": 100,
    "MEADM": 129.0,
    "MP": 0,
    "MRA": 450800,
    "MRBEEF": 0,
    "MRC": 60800,
    "MRF": 60800,
    "MRG": 60800,
    "MRHONEY": 0,
    "MRI": 60800,
    "MRMEAD": 0,
    "MRO": 60800,
    "MRS": 60800,
    "MRW": 60800,
    "NDP": 29425,
    "OM": 100.0,
    "P": 0,
    "R": 40,
    "RS1": 766.0,
    "RS2": 0.0,
    "RS3": 0.0,
    "RSH": 443,
    "S": 0,
    "SAFE_A": 800.0,
    "SAFE_BEEF": 800.0,
    "SAFE_C": 800.0,
    "SAFE_F": 800.0,
    "SAFE_G": 800.0,
    "SAFE_HONEY": 800.0,
    "SAFE_I": 800.0,
    "SAFE_MEAD": 800.0,
    "SAFE_O": 800.0,
    "SAFE_S": 800.0,
    "SAFE_W": 800.0,
    "SM": 122.0,
    "US": 0,
    "WM": 122.0
  },
  "grc": {
    "A": 0.0,
    "AID": 16366513,
    "BEEF": 0.0,
    "C": 4014.0,
    "F": 51466.508,
    "G": 0.0,
    "HONEY": 0.0,
    "I": 0.0,
    "KID": 2,
    "MEAD": 0.0,
    "O": 0.0,
    "S": 60800.0,
    "W": 60800.0
  },
  "gui": {
    "HI": [],
    "I": [
      [
        607,
        1596
      ],
      [
        620,
        27000
      ]
    ],
    "SHI": [],
    "TU": []
  },
  "hin": {
    "FB": 0,
    "WSR": 0
  },
  "sin": [
    {
      "CD": [
        [
          342,
          837952,
          993,
          0
        ]
      ],
      "RD": [
        [
          321,
          3,
          0
        ],
        [
          322,
          4,
          0
        ],
        [
          2498,
          1,
          0
        ],
        [
          324,
          1,
          0
        ],
        [
          3142,
          3,
          0
        ],
        [
          71,
          1,
          0
        ],
        [
          1545,
          1,
          0
        ],
        [
          3149,
          2,
          0
        ],
        [
          2766,
          4,
          0
        ],
        [
          3151,
          3,
          0
        ],
        [
          3154,
          2,
          0
        ],
        [
          3155,
          3,
          0
        ],
        [
          2837,
          2,
          0
        ],
        [
          3157,
          39,
          0
        ],
        [
          2456,
          2,
          0
        ],
        [
          3160,
          1,
          0
        ],
        [
          2137,
          1,
          0
        ],
        [
          3161,
          2,
          0
        ],
        [
          4441,
          1,
          0
        ],
        [
          2458,
          1,
          0
        ],
        [
          2842,
          2,
          0
        ],
        [
          3108,
          1,
          0
        ],
        [
          357,
          3,
          0
        ],
        [
          2214,
          1,
          0
        ],
        [
          360,
          1,
          0
        ],
        [
          361,
          2,
          0
        ],
        [
          1514,
          2,
          0
        ],
        [
          2282,
          4,
          0
        ],
        [
          363,
          1,
          0
        ],
        [
          1515,
          1,
          0
        ],
        [
          2475,
          1,
          0
        ],
        [
          364,
          1,
          0
        ],
        [
          365,
          1,
          0
        ],
        [
          1646,
          1,
          0
        ],
        [
          1585,
          2,
          0
        ],
        [
          307,
          15,
          0
        ],
        [
          4275,
          2,
          0
        ],
        [
          4276,
          15,
          0
        ],
        [
          2997,
          4,
          0
        ],
        [
          2359,
          1,
          0
        ],
        [
          4471,
          2,
          0
        ],
        [
          2490,
          1,
          0
        ],
        [
          2491,
          5,
          0
        ]
      ],
      "SID": 1,
      "UD": []
    },
    {
      "CD": [],
      "RD": [],
      "SID": 10,
      "UD": []
    },
    {
      "RD": [],
      "SID": 2
    }
  ],
  "spl0": {
    "LID": 0,
    "PS": {
      "CBS": 0,
      "ICT": 90,
      "PID": 1430003111,
      "RAH": true,
      "RCT": 29,
      "SPID": 2049563726,
      "TUA": 6,
      "WID": 607
    },
    "QS": [
      {
        "P": {
          "CBS": 0,
          "PID": 2049563726,
          "RAH": true,
          "TUA": 30,
          "WID": 607
        },
        "SI": {
          "RUT": -1,
          "VIP": 0
        }
      },
      {
        "P": {
          "CBS": 0,
          "PID": 1220987398,
          "RAH": true,
          "TUA": 204,
          "WID": 607
        },
        "SI": {
          "RUT": -1,
          "VIP": 0
        }
      },
      {
        "P": {
          "CBS": 0,
          "PID": 987846471,
          "RAH": true,
          "TUA": 204,
          "WID": 607
        },
        "SI": {
          "RUT": 1678845,
          "VIP": 1
        }
      },
      {
        "SI": {
          "RUT": 1678845,
          "VIP": 1
        }
      },
      {
        "SI": {
          "RUT": 296581,
          "VIP": 0
        }
      }
    ],
    "RM": 0,
    "TCT": 6599
  },
  "spl1": {
    "LID": 1,
    "PS": {},
    "QS": [
      {
        "SI": {
          "RUT": -1,
          "VIP": 0
        }
      },
      {
        "SI": {
          "RUT": -1,
          "VIP": 0
        }
      },
      {
        "SI": {
          "RUT": 1678845,
          "VIP": 1
        }
      },
      {
        "SI": {
          "RUT": 1678845,
          "VIP": 1
        }
      },
      {
        "SI": {
          "RUT": 0,
          "VIP": 0
        }
      }
    ],
    "RM": 0,
    "TCT": 0
  },
  "spl2": {
    "LID": 2,
    "PIDL": [
      [
        -2,
        0,
        0,
        0,
        0,
        0,
        0,
        0
      ],
      [
        -2,
        0,
        0,
        0,
        0,
        0,
        0,
        0
      ],
      [
        -2,
        0,
        0,
        0,
        0,
        0,
        0,
        0
      ],
      [
        -2,
        0,
        0,
        0,
        0,
        0,
        0,
        0
      ],
      [
        -2,
        0,
        0,
        0,
        0,
        0,
        0,
        0
      ]
    ]
  },
  "spl3": {},
  "uap": {
    "KID": 2,
    "NS": -1,
    "PMS": 1,
    "PMT": 4270290
  }
}

  raw:
%xt%jaa%1%0%{"KID":2,"T":12,"gca":{"O":{"OID":16862926,"DUM":false,"N":"Ventrilo","E":{"BGT":0,"BGC1":1644825,"BGC2":1644825,"SPT":1,"S1":42,"SC1":1644825,"S2":42,"SC2":1644825,"IS":1},"L":70,"LL":950,"H":839,"AVP":61745,"CF":29114523,"HF":147045694,"PRE":13,"SUF":28,"TOPX":-1,"MP":27731306,"R":0,"AID":189639,"AR":7,"AN":"Sons of Guelon","aee":{"ACCA":{"ACLI":11,"ACCS":[4,3,12]},"ACFB":{"ACLI":3,"ACCS":[4,3]}},"RPT":4270290,"AP":[[0,16011862,509,405,1],[0,16632819,505,407,4],[0,16673031,509,407,4],[1,16366514,593,613,12],[2,16366513,654,696,12],[3,16681051,688,582,12],[[10,293,1310,111]]],"VP":[[1,610985,612,588,10],[1,713871,585,658,10],[1,725272,624,582,10],[1,2548320,501,589,10],[1,2548324,494,596,10],[1,2840852,486,575,10]],"SA":0,"VF":0,"PF":0,"RRD":0,"TI":-1,"RNP":-1,"FN":{"MC":293,"FID":0,"TID":111,"NS":-1,"PMS":-1,"PMT":0,"SPC":0}},"RAF":2,"RAW":2,"RAS":2,"RAB":2,"BG":[[200,1,200,200,0,0,4,100,-1,-1,0,0,0,0,-1,-1,-1],[201,33,180,180,3,0,4,100,-1,-1,0,0,0,0,-1,-1,-1],[201,66,220,210,1,0,4,100,-1,-1,0,0,0,0,-1,-1,-1],[201,36,200,180,0,0,4,100,-1,-1,0,0,0,0,-1,-1,-1],[201,69,220,220,1,0,4,100,-1,-1,0,0,0,0,-1,-1,-1],[201,39,210,180,0,0,4,100,-1,-1,0,0,0,0,-1,-1,-1],[201,72,180,230,1,0,4,100,-1,-1,0,0,0,0,-1,-1,-1],[201,10,200,220,1,0,4,100,-1,-1,0,0,0,0,-1,-1,-1],[201,42,220,180,0,0,4,100,-1,-1,0,0,0,0,-1,-1,-1],[201,45,230,180,0,0,4,100,-1,-1,0,0,0,0,-1,-1,-1],[201,80,200,230,1,0,4,100,-1,-1,0,0,0,0,-1,-1,-1],[201,24,190,200,2,0,4,100,-1,-1,0,0,0,0,-1,-1,-1],[201,57,220,200,1,0,4,100,-1,-1,0,0,0,0,-1,-1,-1],[201,27,180,200,2,0,4,100,-1,-1,0,0,0,0,-1,-1,-1],[201,30,180,190,3,0,4,100,-1,-1,0,0,0,0,-1,-1,-1],[201,63,180,220,1,0,4,100,-1,-1,0,0,0,0,-1,-1,-1]],"BD":[[171,6,180,180,0,0,4,56,-1,-1,0,0,0,0,-1,-1,-1],[756,75,204,204,0,0,4,100,-1,-1,0,0,0,0,-1,-1,-1],[100,12,215,205,0,0,4,64,-1,100,0,0,0,0,-1,-1,-1],[101,13,215,200,0,0,4,51,-1,100,0,0,0,0,-1,-1,-1],[2492,77,180,230,0,0,4,100,-1,-1,0,4200,-1,0,-1,-1,-1],[105,14,215,220,0,0,4,66,-1,100,0,0,0,0,-1,-1,-1],[3160,78,185,230,0,0,4,100,-1,-1,0,0,0,0,-1,-1,-1],[106,15,215,225,0,0,4,79,-1,100,0,0,0,0,-1,-1,-1],[3150,79,187,201,0,0,4,100,-1,-1,0,0,0,0,-1,-1,-1],[110,16,205,225,0,0,4,57,-1,31,0,0,0,0,-1,-1,-1],[1898,48,202,180,0,0,4,100,-1,100,0,0,0,0,-1,-1,-1],[111,17,200,225,0,0,4,49,-1,42,0,0,0,0,-1,-1,-1],[1898,49,207,180,0,0,4,100,-1,100,0,0,0,0,-1,-1,-1],[202,18,198,199,0,0,4,61,-1,-1,0,0,0,0,-1,-1,-1],[1699,51,192,180,0,0,4,100,-1,75,0,0,0,0,-1,-1,-1],[226,20,186,192,0,0,4,100,-1,-1,0,0,0,0,-1,-1,-1],[1699,52,197,180,0,0,4,100,-1,56,0,0,0,0,-1,-1,-1],[3157,53,235,190,0,0,4,100,-1,-1,0,0,0,0,-1,-1,-1],[1741,22,180,192,0,0,4,100,-1,-1,0,0,0,0,-1,-1,-1],[2305,54,230,190,0,0,4,100,-1,-1,0,3300,-1,0,-1,-1,-1],[2305,55,225,190,0,0,4,100,-1,-1,0,3300,-1,0,-1,-1,-1],[2406,56,220,190,0,0,4,100,-1,-1,0,3000,-1,0,-1,-1,-1],[2918,60,235,205,0,0,4,100,-1,-1,0,0,0,0,-1,-1,-1],[3161,61,235,200,0,0,4,100,-1,-1,0,0,0,0,-1,-1,-1]],"T":[[401,64,0,0,0,0,4,100,-1,-1,0,0,0,0,-1,-1,-1],[401,2,0,0,0,0,4,100,-1,-1,0,0,0,0,-1,-1,-1],[401,34,0,0,0,0,4,100,-1,-1,0,0,0,0,-1,-1,-1],[401,3,0,0,0,0,4,100,-1,-1,0,0,0,0,-1,-1,-1],[401,67,0,0,0,0,4,100,-1,-1,0,0,0,0,-1,-1,-1],[401,4,0,0,0,0,4,100,-1,-1,0,0,0,0,-1,-1,-1],[401,5,0,0,0,0,4,100,-1,-1,0,0,0,0,-1,-1,-1],[401,37,0,0,0,0,4,100,-1,-1,0,0,0,0,-1,-1,-1],[401,70,0,0,0,0,4,100,-1,-1,0,0,0,0,-1,-1,-1],[401,40,0,0,0,0,4,100,-1,-1,0,0,0,0,-1,-1,-1],[401,73,0,0,0,0,4,100,-1,-1,0,0,0,0,-1,-1,-1],[401,11,0,0,0,0,4,100,-1,-1,0,0,0,0,-1,-1,-1],[401,43,0,0,0,0,4,100,-1,-1,0,0,0,0,-1,-1,-1],[401,46,0,0,0,0,4,100,-1,-1,0,0,0,0,-1,-1,-1],[401,81,0,0,0,0,4,100,-1,-1,0,0,0,0,-1,-1,-1],[401,25,0,0,0,0,4,100,-1,-1,0,0,0,0,-1,-1,-1],[401,58,0,0,0,0,4,100,-1,-1,0,0,0,0,-1,-1,-1],[401,28,0,0,0,0,4,100,-1,-1,0,0,0,0,-1,-1,-1],[401,31,0,0,0,0,4,100,-1,-1,0,0,0,0,-1,-1,-1]],"G":[[450,7,0,0,0,0,4,100,-1,-1,0,0,0,0,-1,-1,-1]],"D":[[501,8,0,0,0,0,4,100,-1,-1,0,0,0,0,-1,-1,-1]],"CI":[{"OID":22,"CIL":[{"CID":14,"S":0}]}],"A":[12,654,696,16366513,16862926,1,1,1,0,0,"Nui",0,0,-1,-1,-1,2,1195,[],0],"scl":{"OIDL":[-1,-2,-2,-2],"SSC":2}},"uap":{"KID":2,"NS":-1,"PMS":1,"PMT":4270290},"csl":{"SL":1},"grc":{"AID":16366513,"W":60800.0,"S":60800.0,"F":51466.508,"C":4014.0,"O":0.0,"G":0.0,"A":0.0,"I":0.0,"HONEY":0.0,"MEAD":0.0,"BEEF":0.0,"KID":2},"gpa":{"DFC":31920.0,"DMEADC":0.0,"DBEEFC":0.0,"DW":7655,"DS":7860,"DF":57686,"DC":0,"DO":0,"DG":0,"DA":0,"DI":0,"DHONEY":0,"DMEAD":0,"DBEEF":0,"S":0,"WM":122.0,"SM":122.0,"FM":174.0,"CM":100.0,"OM":100.0,"GM":100.0,"AM":100.0,"IM":100.0,"HONEYM":137.0,"MEADM":129.0,"BEEFM":100.0,"MP":0,"FCR":100,"MEADCR":100,"BEEFCR":100,"MRW":60800,"SAFE_W":800.0,"MRS":60800,"SAFE_S":800.0,"MRF":60800,"SAFE_F":800.0,"MRC":60800,"SAFE_C":800.0,"MRO":60800,"SAFE_O":800.0,"MRG":60800,"SAFE_G":800.0,"MRA":450800,"SAFE_A":800.0,"MRI":60800,"SAFE_I":800.0,"MRHONEY":0,"SAFE_HONEY":800.0,"MRMEAD":0,"SAFE_MEAD":800.0,"MRBEEF":0,"SAFE_BEEF":800.0,"P":0,"NDP":29425,"R":40,"GRD":0,"RS1":766.0,"RS2":0.0,"RS3":0.0,"RSH":443,"BDB":100,"US":0,"M":0},"gui":{"I":[[607,1596],[620,27000]],"SHI":[],"HI":[],"TU":[]},"spl0":{"PS":{"WID":607,"TUA":6,"CBS":0,"RAH":true,"PID":1430003111,"RCT":29,"ICT":90,"SPID":2049563726},"QS":[{"P":{"WID":607,"TUA":30,"CBS":0,"RAH":true,"PID":2049563726},"SI":{"RUT":-1,"VIP":0}},{"P":{"WID":607,"TUA":204,"CBS":0,"RAH":true,"PID":1220987398},"SI":{"RUT":-1,"VIP":0}},{"P":{"WID":607,"TUA":204,"CBS":0,"RAH":true,"PID":987846471},"SI":{"RUT":1678845,"VIP":1}},{"SI":{"RUT":1678845,"VIP":1}},{"SI":{"RUT":296581,"VIP":0}}],"RM":0,"TCT":6599,"LID":0},"spl1":{"PS":{},"QS":[{"SI":{"RUT":-1,"VIP":0}},{"SI":{"RUT":-1,"VIP":0}},{"SI":{"RUT":1678845,"VIP":1}},{"SI":{"RUT":1678845,"VIP":1}},{"SI":{"RUT":0,"VIP":0}}],"RM":0,"TCT":0,"LID":1},"spl2":{"LID":2,"PIDL":[[-2,0,0,0,0,0,0,0],[-2,0,0,0,0,0,0,0],[-2,0,0,0,0,0,0,0],[-2,0,0,0,0,0,0,0],[-2,0,0,0,0,0,0,0]]},"spl3":{},"gab":{"B":0.0},"hin":{"FB":0,"WSR":0},"sin":[{"SID":1,"RD":[[321,3,0],[322,4,0],[2498,1,0],[324,1,0],[3142,3,0],[71,1,0],[1545,1,0],[3149,2,0],[2766,4,0],[3151,3,0],[3154,2,0],[3155,3,0],[2837,2,0],[3157,39,0],[2456,2,0],[3160,1,0],[2137,1,0],[3161,2,0],[4441,1,0],[2458,1,0],[2842,2,0],[3108,1,0],[357,3,0],[2214,1,0],[360,1,0],[361,2,0],[1514,2,0],[2282,4,0],[363,1,0],[1515,1,0],[2475,1,0],[364,1,0],[365,1,0],[1646,1,0],[1585,2,0],[307,15,0],[4275,2,0],[4276,15,0],[2997,4,0],[2359,1,0],[4471,2,0],[2490,1,0],[2491,5,0]],"CD":[[342,837952,993,0]],"UD":[]},{"SID":10,"RD":[],"CD":[],"UD":[]},{"SID":2,"RD":[]}],"abpi":[],"crai":{"CAI":{"CBI":[],"CE":[]}}}%
---
[10:57:53.313] CLIENT -> SERVER
XT PACKET
  fields:
    type: xt
    server_header: EmpireEx_21
    command: jca
    request_id: 1
    payload: {"CID":16366514,"KID":1}

  json_payload:
{
  "CID": 16366514,
  "KID": 1
}

  raw:
%xt%EmpireEx_21%jca%1%{"CID":16366514,"KID":1}%
---
[10:57:53.458] SERVER -> CLIENT
XT PACKET
  fields:
    type: xt
    command: jaa
    request_id: 1
    status: 0
    payload: {"KID":1,"T":12,"gca":{"O":{"OID":16862926,"DUM":false,"N":"Ventrilo","E":{"BGT":0,"BGC1":1644825,"BGC2":1644825,"SPT":1,"S1":42,"SC1":1644825,"S2":42,"SC2":1644825,"IS":1},"L":70,"LL":950,"H":839,"AVP":61745,"CF":29114523,"HF":147045694,"PRE":13,"SUF":28,"TOPX":-1,"MP":27731306,"R":0,"AID":189639,"AR":7,"AN":"Sons of Guelon","aee":{"ACCA":{"ACLI":11,"ACCS":[4,3,12]},"ACFB":{"ACLI":3,"ACCS":[4,3]}},"RPT":4270288,"AP":[[0,16011862,509,405,1],[0,16632819,505,407,4],[0,16673031,509,407,4],[1,16366514,593,613,12],[2,16366513,654,696,12],[3,16681051,688,582,12],[[10,293,1310,111]]],"VP":[[1,610985,612,588,10],[1,713871,585,658,10],[1,725272,624,582,10],[1,2548320,501,589,10],[1,2548324,494,596,10],[1,2840852,486,575,10]],"SA":0,"VF":0,"PF":0,"RRD":0,"TI":-1,"RNP":-1,"FN":{"MC":293,"FID":0,"TID":111,"NS":-1,"PMS":-1,"PMT":0,"SPC":0}},"RAF":2,"RAW":1,"RAS":1,"RAB":2,"BG":[[200,1,200,200,0,0,4,100,-1,-1,0,0,0,0,-1,-1,-1],[201,68,220,180,3,0,4,100,-1,-1,0,0,0,0,-1,-1,-1],[201,71,200,180,3,0,4,100,-1,-1,0,0,0,0,-1,-1,-1],[201,10,200,220,1,0,4,100,-1,-1,0,0,0,0,-1,-1,-1],[201,74,190,180,2,0,4,100,-1,-1,0,0,0,0,-1,-1,-1],[201,12,200,230,1,0,4,100,-1,-1,0,0,0,0,-1,-1,-1],[201,77,180,180,2,0,4,100,-1,-1,0,0,0,0,-1,-1,-1],[201,14,220,200,0,0,4,100,-1,-1,0,0,0,0,-1,-1,-1],[201,16,220,220,0,0,4,100,-1,-1,0,0,0,0,-1,-1,-1],[201,48,200,190,3,0,4,100,-1,-1,0,0,0,0,-1,-1,-1],[201,80,180,200,1,0,4,100,-1,-1,0,0,0,0,-1,-1,-1],[201,18,230,200,0,0,4,100,-1,-1,0,0,0,0,-1,-1,-1],[201,83,180,210,1,0,4,100,-1,-1,0,0,0,0,-1,-1,-1],[201,20,230,220,0,0,4,100,-1,-1,0,0,0,0,-1,-1,-1],[201,53,220,190,3,0,4,100,-1,-1,0,0,0,0,-1,-1,-1],[201,86,180,220,1,0,4,100,-1,-1,0,0,0,0,-1,-1,-1],[201,406,240,220,0,0,4,100,-1,-1,0,0,0,0,-1,-1,-1],[201,90,180,230,1,0,4,100,-1,-1,0,0,0,0,-1,-1,-1]],"BD":[[175,6,180,180,0,0,4,49,-1,-1,0,0,0,0,-1,-1,-1],[4276,263,205,210,0,0,4,100,-1,-1,0,4000,-1,0,-1,-1,-1],[100,267,195,235,0,0,4,36,-1,13,0,0,0,0,-1,-1,-1],[100,268,190,235,0,0,4,28,-1,10,0,0,0,0,-1,-1,-1],[4467,396,235,190,0,0,4,100,-1,-1,0,4450,-1,0,-1,-1,-1],[100,269,190,230,0,0,4,36,-1,7,0,0,0,0,-1,-1,-1],[4464,397,240,220,0,0,4,100,-1,-1,0,0,0,0,-1,-1,-1],[168,142,227,180,0,0,4,100,-1,-1,0,0,0,0,-1,-1,-1],[100,270,195,230,0,0,4,6,-1,5,0,0,0,0,-1,-1,-1],[4458,408,220,200,0,0,4,100,-1,-1,0,0,0,0,-1,-1,-1],[4461,417,200,220,0,0,4,100,-1,-1,0,0,0,0,-1,-1,-1],[4388,419,220,230,0,0,4,100,-1,-1,0,4600,-1,0,-1,-1,-1],[4388,420,225,230,0,0,4,100,-1,-1,0,4600,-1,0,-1,-1,-1],[4388,421,230,230,0,0,4,100,-1,-1,0,4600,-1,0,-1,-1,-1],[118,294,180,197,1,0,4,12,-1,-1,0,0,0,0,-1,-1,-1],[3019,422,235,230,0,0,4,100,-1,-1,0,0,0,0,-1,-1,-1],[779,39,180,203,1,0,4,40,-1,-1,0,0,0,0,-1,-1,-1],[3229,423,235,220,0,0,4,100,-1,-1,0,0,0,0,-1,-1,-1],[232,40,180,192,1,0,4,26,-1,-1,0,0,0,0,-1,-1,-1],[3009,424,230,220,0,0,4,100,-1,-1,0,0,0,0,-1,-1,-1],[1749,41,180,215,3,0,4,100,-1,-1,0,0,0,0,-1,-1,-1],[4359,425,220,220,0,0,4,100,-1,-1,0,0,0,0,-1,-1,-1],[167,42,232,180,0,0,4,53,-1,-1,0,0,0,0,-1,-1,-1],[4359,426,215,210,0,0,4,100,-1,-1,0,0,0,0,-1,-1,-1],[100,171,195,225,0,0,4,0,-1,56,0,0,0,0,-1,-1,-1],[100,172,215,190,0,0,4,59,-1,42,0,0,0,0,-1,-1,-1],[2913,428,210,210,0,0,4,100,-1,-1,0,5500,-1,0,-1,-1,-1],[494,45,186,215,0,0,4,100,-1,-1,0,0,0,0,-1,-1,-1],[4467,429,205,200,0,0,4,100,-1,-1,0,4450,-1,0,-1,-1,-1],[4431,430,215,200,0,0,4,100,-1,-1,0,4450,-1,0,-1,-1,-1],[4360,431,210,200,0,0,4,100,-1,-1,0,0,0,0,-1,-1,-1],[3159,432,210,190,0,0,4,100,-1,-1,0,0,0,0,-1,-1,-1],[2492,433,205,190,0,0,4,100,-1,-1,0,4200,-1,0,-1,-1,-1],[226,51,190,200,0,0,4,100,-1,-1,0,0,0,0,-1,-1,-1],[3157,183,190,220,0,0,4,100,-1,-1,0,0,0,0,-1,-1,-1],[756,60,195,205,0,0,4,100,-1,-1,0,0,0,0,-1,-1,-1],[196,61,180,209,1,0,4,100,-1,-1,0,0,0,0,-1,-1,-1],[1962,317,195,190,0,0,4,100,-1,100,0,0,0,0,-1,-1,-1],[216,62,180,232,1,0,4,58,-1,-1,0,0,0,0,-1,-1,-1],[1944,318,195,195,0,0,4,100,-1,100,0,0,0,0,-1,-1,-1],[3200,320,202,180,0,0,4,100,-1,-1,0,0,0,0,-1,-1,-1],[100,193,215,195,0,0,4,0,-1,31,0,0,0,0,-1,-1,-1],[1944,321,200,195,0,0,4,100,-1,100,0,0,0,0,-1,-1,-1],[1944,322,200,190,0,0,4,100,-1,100,0,0,0,0,-1,-1,-1],[2842,328,200,210,0,0,4,100,-1,-1,0,3750,-1,0,-1,-1,-1],[2837,329,195,210,0,0,4,100,-1,-1,0,3750,-1,0,-1,-1,-1],[3152,330,190,210,0,0,4,100,-1,-1,0,0,0,0,-1,-1,-1],[2918,210,190,195,0,0,4,100,-1,-1,0,0,0,0,-1,-1,-1],[2918,212,200,205,0,0,4,100,-1,-1,0,0,0,0,-1,-1,-1],[2918,213,200,200,0,0,4,100,-1,-1,0,0,0,0,-1,-1,-1],[2918,214,190,205,0,0,4,100,-1,-1,0,0,0,0,-1,-1,-1],[3157,217,230,190,0,0,4,100,-1,-1,0,0,0,0,-1,-1,-1],[2498,219,185,222,0,0,4,100,-1,-1,0,4000,-1,0,-1,-1,-1],[2599,220,180,222,0,0,4,100,-1,-1,0,3900,-1,0,-1,-1,-1],[506,93,195,220,0,0,4,100,-1,-1,0,0,0,0,-1,-1,-1],[1898,95,192,180,0,0,4,100,-1,75,0,0,0,0,-1,-1,-1],[1898,96,197,180,0,0,4,100,-1,56,0,0,0,0,-1,-1,-1],[1718,97,-1,-1,0,0,4,100,-1,100,0,0,0,0,6,0,-1],[1718,98,-1,-1,0,0,4,100,-1,100,0,0,0,0,6,1,-1],[590,102,212,180,0,0,4,100,-1,42,0,0,0,0,-1,-1,-1],[590,103,212,185,0,0,4,100,-1,31,0,0,0,0,-1,-1,-1],[590,104,217,180,0,0,4,100,-1,23,0,0,0,0,-1,-1,-1],[590,105,217,185,0,0,4,100,-1,17,0,0,0,0,-1,-1,-1],[590,106,222,180,0,0,4,100,-1,13,0,0,0,0,-1,-1,-1],[590,107,222,185,0,0,4,100,-1,10,0,0,0,0,-1,-1,-1],[100,238,225,220,0,0,4,51,-1,23,0,0,0,0,-1,-1,-1],[1769,242,220,190,0,0,4,100,-1,100,0,0,0,0,-1,-1,-1],[1769,243,225,190,0,0,4,100,-1,75,0,0,0,0,-1,-1,-1],[1880,248,195,200,0,0,4,100,-1,-1,0,0,0,0,-1,-1,-1],[100,249,225,225,0,0,4,0,-1,17,0,0,0,0,-1,-1,-1]],"T":[[454,2,0,0,0,0,4,53,-1,-1,0,0,0,0,-1,-1,-1],[454,3,0,0,0,0,4,93,-1,-1,0,0,0,0,-1,-1,-1],[405,4,0,0,0,0,4,88,-1,-1,0,0,0,0,-1,-1,-1],[454,5,0,0,0,0,4,83,-1,-1,0,0,0,0,-1,-1,-1],[403,69,0,0,0,0,4,66,-1,-1,0,0,0,0,-1,-1,-1],[454,72,0,0,0,0,4,59,-1,-1,0,0,0,0,-1,-1,-1],[454,11,0,0,0,0,4,75,-1,-1,0,0,0,0,-1,-1,-1],[454,75,0,0,0,0,4,82,-1,-1,0,0,0,0,-1,-1,-1],[454,13,0,0,0,0,4,53,-1,-1,0,0,0,0,-1,-1,-1],[405,78,0,0,0,0,4,100,-1,-1,0,0,0,0,-1,-1,-1],[454,15,0,0,0,0,4,88,-1,-1,0,0,0,0,-1,-1,-1],[454,17,0,0,0,0,4,46,-1,-1,0,0,0,0,-1,-1,-1],[454,49,0,0,0,0,4,60,-1,-1,0,0,0,0,-1,-1,-1],[401,81,0,0,0,0,4,100,-1,-1,0,0,0,0,-1,-1,-1],[454,19,0,0,0,0,4,94,-1,-1,0,0,0,0,-1,-1,-1],[454,84,0,0,0,0,4,67,-1,-1,0,0,0,0,-1,-1,-1],[454,21,0,0,0,0,4,86,-1,-1,0,0,0,0,-1,-1,-1],[454,54,0,0,0,0,4,80,-1,-1,0,0,0,0,-1,-1,-1],[454,87,0,0,0,0,4,74,-1,-1,0,0,0,0,-1,-1,-1],[401,407,0,0,0,0,4,100,-1,-1,0,0,0,0,-1,-1,-1],[454,91,0,0,0,0,4,33,-1,-1,0,0,0,0,-1,-1,-1]],"G":[[452,7,0,0,0,0,4,100,-1,-1,0,0,0,0,-1,-1,-1]],"D":[[505,8,0,0,0,0,4,100,-1,-1,0,0,0,0,-1,-1,-1],[455,224,0,0,0,0,4,100,-1,-1,0,0,0,0,-1,-1,-1]],"CI":[{"OID":96,"CIL":[{"CID":396,"S":0},{"CID":762,"S":0}]},{"OID":321,"CIL":[{"CID":626,"S":0}]},{"OID":97,"CIL":[{"CID":762,"S":0},{"CID":415,"S":0}]},{"OID":322,"CIL":[{"CID":626,"S":0}]},{"OID":98,"CIL":[{"CID":762,"S":0},{"CID":415,"S":0}]},{"OID":6,"CIL":[{"CID":1282,"S":0}]},{"OID":102,"CIL":[{"CID":756,"S":0},{"CID":396,"S":0}]},{"OID":103,"CIL":[{"CID":396,"S":0},{"CID":420,"S":0}]},{"OID":40,"CIL":[{"CID":30232,"S":0,"RS":48808}]},{"OID":104,"CIL":[{"CID":396,"S":0}]},{"OID":105,"CIL":[{"CID":396,"S":0}]},{"OID":41,"CIL":[{"CID":14,"S":0}]},{"OID":106,"CIL":[{"CID":396,"S":0}]},{"OID":267,"CIL":[{"CID":898,"S":0,"RS":151467}]},{"OID":107,"CIL":[{"CID":396,"S":0}]},{"OID":171,"CIL":[{"CID":898,"S":0,"RS":151471}]},{"OID":268,"CIL":[{"CID":898,"S":0,"RS":151466}]},{"OID":269,"CIL":[{"CID":898,"S":0,"RS":151463}]},{"OID":270,"CIL":[{"CID":898,"S":0,"RS":151469}]},{"OID":242,"CIL":[{"CID":541,"S":0}]},{"OID":243,"CIL":[{"CID":542,"S":0}]},{"OID":61,"CIL":[{"CID":721,"S":0}]},{"OID":318,"CIL":[{"CID":626,"S":0}]},{"OID":95,"CIL":[{"CID":396,"S":0},{"CID":762,"S":0}]}],"A":[12,593,613,16366514,16862926,5,5,3,4,1,"Castle Ventrilo",0,0,-1,-1,-1,1,695,[],0],"scl":{"OIDL":[-1,-2,-1,-2],"SSC":2}},"uap":{"KID":1,"NS":-1,"PMS":1,"PMT":4270288},"csl":{"SL":4},"grc":{"AID":16366514,"W":81000.0,"S":81000.0,"F":599829.2,"C":67300.0,"O":1331000.0,"G":16505.0,"A":0.0,"I":15301.0,"HONEY":900.0,"MEAD":450.0,"BEEF":0.0,"KID":1},"gpa":{"DFC":8351660.0,"DMEADC":418380.0,"DBEEFC":0.0,"DW":7389,"DS":29,"DF":2252970,"DC":0,"DO":0,"DG":0,"DA":0,"DI":0,"DHONEY":712450,"DMEAD":5532627,"DBEEF":0,"S":0,"WM":26.840004,"SM":29.040005,"FM":604.0,"CM":100.0,"OM":100.0,"GM":100.0,"AM":100.0,"IM":100.0,"HONEYM":137.0,"MEADM":129.0,"BEEFM":100.0,"MP":0,"FCR":35,"MEADCR":100,"BEEFCR":100,"MRW":81000,"SAFE_W":1000.0,"MRS":81000,"SAFE_S":1000.0,"MRF":646000,"SAFE_F":1000.0,"MRC":81000,"SAFE_C":1000.0,"MRO":1331000,"SAFE_O":1000.0,"MRG":81000,"SAFE_G":1000.0,"MRA":601000,"SAFE_A":1000.0,"MRI":81000,"SAFE_I":1000.0,"MRHONEY":900,"SAFE_HONEY":1000.0,"MRMEAD":450,"SAFE_MEAD":1000.0,"MRBEEF":250000,"SAFE_BEEF":1000.0,"P":0,"NDP":197955,"R":165,"GRD":0,"RS1":1535.0,"RS2":577.0,"RS3":0.0,"RSH":1012,"BDB":200,"US":0,"M":0},"gui":{"I":[[216,20919],[277,5013],[149,3756],[6,25000],[607,24730],[10,138],[9,7],[689,320],[688,320],[5,25000],[35,75124],[34,35691],[715,8149],[714,11912],[620,95225],[641,188],[17,150],[614,86027],[635,20],[649,390],[648,144]],"SHI":[],"HI":[],"TU":[]},"spl0":{"PS":{"WID":607,"TUA":6,"CBS":0,"RAH":true,"PID":1856803142,"RCT":2,"ICT":75,"SPID":84970755},"QS":[{"P":{"WID":607,"TUA":216,"CBS":0,"RAH":true,"PID":84970755},"SI":{"RUT":-1,"VIP":0}},{"P":{"WID":607,"TUA":228,"CBS":0,"RAH":true,"PID":1630837501},"SI":{"RUT":-1,"VIP":0}},{"SI":{"RUT":1678843,"VIP":1}},{"SI":{"RUT":1678843,"VIP":1}},{"SI":{"RUT":296579,"VIP":0}}],"RM":0,"TCT":5552,"LID":0},"spl1":{"PS":{},"QS":[{"SI":{"RUT":-1,"VIP":0}},{"SI":{"RUT":-1,"VIP":0}},{"SI":{"RUT":1678843,"VIP":1}},{"SI":{"RUT":1678843,"VIP":1}},{"SI":{"RUT":0,"VIP":0}}],"RM":0,"TCT":0,"LID":1},"spl2":{"LID":2,"PIDL":[[-2,0,0,0,0,0,0,0],[-2,0,0,0,0,0,0,0],[-2,0,0,0,0,0,0,0],[-2,0,0,0,0,0,0,0],[-2,0,0,0,0,0,0,0]]},"spl3":{},"gab":{"B":0.0},"hin":{"FB":30,"WSR":-78},"sin":[{"SID":1,"RD":[[321,3,0],[322,4,0],[2498,1,0],[324,1,0],[3142,3,0],[71,1,0],[1545,1,0],[3149,2,0],[2766,4,0],[3151,3,0],[3154,2,0],[3155,3,0],[2837,2,0],[3157,39,0],[2456,2,0],[3160,1,0],[2137,1,0],[3161,2,0],[4441,1,0],[2458,1,0],[2842,2,0],[3108,1,0],[357,3,0],[2214,1,0],[360,1,0],[361,2,0],[1514,2,0],[2282,4,0],[363,1,0],[1515,1,0],[2475,1,0],[364,1,0],[365,1,0],[1646,1,0],[1585,2,0],[307,15,0],[4275,2,0],[4276,15,0],[2997,4,0],[2359,1,0],[4471,2,0],[2490,1,0],[2491,5,0]],"CD":[[342,837952,993,0]],"UD":[]},{"SID":10,"RD":[],"CD":[],"UD":[]},{"SID":2,"RD":[]}],"abpi":[{"OID":317,"SRPF":false,"PA":{"MEAD":1},"MS":{"F":0,"HONEY":0},"bfl":{"KID":1,"AID":16366514,"PPOT":0}}],"crai":{"CAI":{"CBI":[],"CE":[]}}}

  json_payload:
{
  "KID": 1,
  "T": 12,
  "abpi": [
    {
      "MS": {
        "F": 0,
        "HONEY": 0
      },
      "OID": 317,
      "PA": {
        "MEAD": 1
      },
      "SRPF": false,
      "bfl": {
        "AID": 16366514,
        "KID": 1,
        "PPOT": 0
      }
    }
  ],
  "crai": {
    "CAI": {
      "CBI": [],
      "CE": []
    }
  },
  "csl": {
    "SL": 4
  },
  "gab": {
    "B": 0.0
  },
  "gca": {
    "A": [
      12,
      593,
      613,
      16366514,
      16862926,
      5,
      5,
      3,
      4,
      1,
      "Castle Ventrilo",
      0,
      0,
      -1,
      -1,
      -1,
      1,
      695,
      [],
      0
    ],
    "BD": [
      [
        175,
        6,
        180,
        180,
        0,
        0,
        4,
        49,
        -1,
        -1,
        0,
        0,
        0,
        0,
        -1,
        -1,
        -1
      ],
      [
        4276,
        263,
        205,
        210,
        0,
        0,
        4,
        100,
        -1,
        -1,
        0,
        4000,
        -1,
        0,
        -1,
        -1,
        -1
      ],
      [
        100,
        267,
        195,
        235,
        0,
        0,
        4,
        36,
        -1,
        13,
        0,
        0,
        0,
        0,
        -1,
        -1,
        -1
      ],
      [
        100,
        268,
        190,
        235,
        0,
        0,
        4,
        28,
        -1,
        10,
        0,
        0,
        0,
        0,
        -1,
        -1,
        -1
      ],
      [
        4467,
        396,
        235,
        190,
        0,
        0,
        4,
        100,
        -1,
        -1,
        0,
        4450,
        -1,
        0,
        -1,
        -1,
        -1
      ],
      [
        100,
        269,
        190,
        230,
        0,
        0,
        4,
        36,
        -1,
        7,
        0,
        0,
        0,
        0,
        -1,
        -1,
        -1
      ],
      [
        4464,
        397,
        240,
        220,
        0,
        0,
        4,
        100,
        -1,
        -1,
        0,
        0,
        0,
        0,
        -1,
        -1,
        -1
      ],
      [
        168,
        142,
        227,
        180,
        0,
        0,
        4,
        100,
        -1,
        -1,
        0,
        0,
        0,
        0,
        -1,
        -1,
        -1
      ],
      [
        100,
        270,
        195,
        230,
        0,
        0,
        4,
        6,
        -1,
        5,
        0,
        0,
        0,
        0,
        -1,
        -1,
        -1
      ],
      [
        4458,
        408,
        220,
        200,
        0,
        0,
        4,
        100,
        -1,
        -1,
        0,
        0,
        0,
        0,
        -1,
        -1,
        -1
      ],
      [
        4461,
        417,
        200,
        220,
        0,
        0,
        4,
        100,
        -1,
        -1,
        0,
        0,
        0,
        0,
        -1,
        -1,
        -1
      ],
      [
        4388,
        419,
        220,
        230,
        0,
        0,
        4,
        100,
        -1,
        -1,
        0,
        4600,
        -1,
        0,
        -1,
        -1,
        -1
      ],
      [
        4388,
        420,
        225,
        230,
        0,
        0,
        4,
        100,
        -1,
        -1,
        0,
        4600,
        -1,
        0,
        -1,
        -1,
        -1
      ],
      [
        4388,
        421,
        230,
        230,
        0,
        0,
        4,
        100,
        -1,
        -1,
        0,
        4600,
        -1,
        0,
        -1,
        -1,
        -1
      ],
      [
        118,
        294,
        180,
        197,
        1,
        0,
        4,
        12,
        -1,
        -1,
        0,
        0,
        0,
        0,
        -1,
        -1,
        -1
      ],
      [
        3019,
        422,
        235,
        230,
        0,
        0,
        4,
        100,
        -1,
        -1,
        0,
        0,
        0,
        0,
        -1,
        -1,
        -1
      ],
      [
        779,
        39,
        180,
        203,
        1,
        0,
        4,
        40,
        -1,
        -1,
        0,
        0,
        0,
        0,
        -1,
        -1,
        -1
      ],
      [
        3229,
        423,
        235,
        220,
        0,
        0,
        4,
        100,
        -1,
        -1,
        0,
        0,
        0,
        0,
        -1,
        -1,
        -1
      ],
      [
        232,
        40,
        180,
        192,
        1,
        0,
        4,
        26,
        -1,
        -1,
        0,
        0,
        0,
        0,
        -1,
        -1,
        -1
      ],
      [
        3009,
        424,
        230,
        220,
        0,
        0,
        4,
        100,
        -1,
        -1,
        0,
        0,
        0,
        0,
        -1,
        -1,
        -1
      ],
      [
        1749,
        41,
        180,
        215,
        3,
        0,
        4,
        100,
        -1,
        -1,
        0,
        0,
        0,
        0,
        -1,
        -1,
        -1
      ],
      [
        4359,
        425,
        220,
        220,
        0,
        0,
        4,
        100,
        -1,
        -1,
        0,
        0,
        0,
        0,
        -1,
        -1,
        -1
      ],
      [
        167,
        42,
        232,
        180,
        0,
        0,
        4,
        53,
        -1,
        -1,
        0,
        0,
        0,
        0,
        -1,
        -1,
        -1
      ],
      [
        4359,
        426,
        215,
        210,
        0,
        0,
        4,
        100,
        -1,
        -1,
        0,
        0,
        0,
        0,
        -1,
        -1,
        -1
      ],
      [
        100,
        171,
        195,
        225,
        0,
        0,
        4,
        0,
        -1,
        56,
        0,
        0,
        0,
        0,
        -1,
        -1,
        -1
      ],
      [
        100,
        172,
        215,
        190,
        0,
        0,
        4,
        59,
        -1,
        42,
        0,
        0,
        0,
        0,
        -1,
        -1,
        -1
      ],
      [
        2913,
        428,
        210,
        210,
        0,
        0,
        4,
        100,
        -1,
        -1,
        0,
        5500,
        -1,
        0,
        -1,
        -1,
        -1
      ],
      [
        494,
        45,
        186,
        215,
        0,
        0,
        4,
        100,
        -1,
        -1,
        0,
        0,
        0,
        0,
        -1,
        -1,
        -1
      ],
      [
        4467,
        429,
        205,
        200,
        0,
        0,
        4,
        100,
        -1,
        -1,
        0,
        4450,
        -1,
        0,
        -1,
        -1,
        -1
      ],
      [
        4431,
        430,
        215,
        200,
        0,
        0,
        4,
        100,
        -1,
        -1,
        0,
        4450,
        -1,
        0,
        -1,
        -1,
        -1
      ],
      [
        4360,
        431,
        210,
        200,
        0,
        0,
        4,
        100,
        -1,
        -1,
        0,
        0,
        0,
        0,
        -1,
        -1,
        -1
      ],
      [
        3159,
        432,
        210,
        190,
        0,
        0,
        4,
        100,
        -1,
        -1,
        0,
        0,
        0,
        0,
        -1,
        -1,
        -1
      ],
      [
        2492,
        433,
        205,
        190,
        0,
        0,
        4,
        100,
        -1,
        -1,
        0,
        4200,
        -1,
        0,
        -1,
        -1,
        -1
      ],
      [
        226,
        51,
        190,
        200,
        0,
        0,
        4,
        100,
        -1,
        -1,
        0,
        0,
        0,
        0,
        -1,
        -1,
        -1
      ],
      [
        3157,
        183,
        190,
        220,
        0,
        0,
        4,
        100,
        -1,
        -1,
        0,
        0,
        0,
        0,
        -1,
        -1,
        -1
      ],
      [
        756,
        60,
        195,
        205,
        0,
        0,
        4,
        100,
        -1,
        -1,
        0,
        0,
        0,
        0,
        -1,
        -1,
        -1
      ],
      [
        196,
        61,
        180,
        209,
        1,
        0,
        4,
        100,
        -1,
        -1,
        0,
        0,
        0,
        0,
        -1,
        -1,
        -1
      ],
      [
        1962,
        317,
        195,
        190,
        0,
        0,
        4,
        100,
        -1,
        100,
        0,
        0,
        0,
        0,
        -1,
        -1,
        -1
      ],
      [
        216,
        62,
        180,
        232,
        1,
        0,
        4,
        58,
        -1,
        -1,
        0,
        0,
        0,
        0,
        -1,
        -1,
        -1
      ],
      [
        1944,
        318,
        195,
        195,
        0,
        0,
        4,
        100,
        -1,
        100,
        0,
        0,
        0,
        0,
        -1,
        -1,
        -1
      ],
      [
        3200,
        320,
        202,
        180,
        0,
        0,
        4,
        100,
        -1,
        -1,
        0,
        0,
        0,
        0,
        -1,
        -1,
        -1
      ],
      [
        100,
        193,
        215,
        195,
        0,
        0,
        4,
        0,
        -1,
        31,
        0,
        0,
        0,
        0,
        -1,
        -1,
        -1
      ],
      [
        1944,
        321,
        200,
        195,
        0,
        0,
        4,
        100,
        -1,
        100,
        0,
        0,
        0,
        0,
        -1,
        -1,
        -1
      ],
      [
        1944,
        322,
        200,
        190,
        0,
        0,
        4,
        100,
        -1,
        100,
        0,
        0,
        0,
        0,
        -1,
        -1,
        -1
      ],
      [
        2842,
        328,
        200,
        210,
        0,
        0,
        4,
        100,
        -1,
        -1,
        0,
        3750,
        -1,
        0,
        -1,
        -1,
        -1
      ],
      [
        2837,
        329,
        195,
        210,
        0,
        0,
        4,
        100,
        -1,
        -1,
        0,
        3750,
        -1,
        0,
        -1,
        -1,
        -1
      ],
      [
        3152,
        330,
        190,
        210,
        0,
        0,
        4,
        100,
        -1,
        -1,
        0,
        0,
        0,
        0,
        -1,
        -1,
        -1
      ],
      [
        2918,
        210,
        190,
        195,
        0,
        0,
        4,
        100,
        -1,
        -1,
        0,
        0,
        0,
        0,
        -1,
        -1,
        -1
      ],
      [
        2918,
        212,
        200,
        205,
        0,
        0,
        4,
        100,
        -1,
        -1,
        0,
        0,
        0,
        0,
        -1,
        -1,
        -1
      ],
      [
        2918,
        213,
        200,
        200,
        0,
        0,
        4,
        100,
        -1,
        -1,
        0,
        0,
        0,
        0,
        -1,
        -1,
        -1
      ],
      [
        2918,
        214,
        190,
        205,
        0,
        0,
        4,
        100,
        -1,
        -1,
        0,
        0,
        0,
        0,
        -1,
        -1,
        -1
      ],
      [
        3157,
        217,
        230,
        190,
        0,
        0,
        4,
        100,
        -1,
        -1,
        0,
        0,
        0,
        0,
        -1,
        -1,
        -1
      ],
      [
        2498,
        219,
        185,
        222,
        0,
        0,
        4,
        100,
        -1,
        -1,
        0,
        4000,
        -1,
        0,
        -1,
        -1,
        -1
      ],
      [
        2599,
        220,
        180,
        222,
        0,
        0,
        4,
        100,
        -1,
        -1,
        0,
        3900,
        -1,
        0,
        -1,
        -1,
        -1
      ],
      [
        506,
        93,
        195,
        220,
        0,
        0,
        4,
        100,
        -1,
        -1,
        0,
        0,
        0,
        0,
        -1,
        -1,
        -1
      ],
      [
        1898,
        95,
        192,
        180,
        0,
        0,
        4,
        100,
        -1,
        75,
        0,
        0,
        0,
        0,
        -1,
        -1,
        -1
      ],
      [
        1898,
        96,
        197,
        180,
        0,
        0,
        4,
        100,
        -1,
        56,
        0,
        0,
        0,
        0,
        -1,
        -1,
        -1
      ],
      [
        1718,
        97,
        -1,
        -1,
        0,
        0,
        4,
        100,
        -1,
        100,
        0,
        0,
        0,
        0,
        6,
        0,
        -1
      ],
      [
        1718,
        98,
        -1,
        -1,
        0,
        0,
        4,
        100,
        -1,
        100,
        0,
        0,
        0,
        0,
        6,
        1,
        -1
      ],
      [
        590,
        102,
        212,
        180,
        0,
        0,
        4,
        100,
        -1,
        42,
        0,
        0,
        0,
        0,
        -1,
        -1,
        -1
      ],
      [
        590,
        103,
        212,
        185,
        0,
        0,
        4,
        100,
        -1,
        31,
        0,
        0,
        0,
        0,
        -1,
        -1,
        -1
      ],
      [
        590,
        104,
        217,
        180,
        0,
        0,
        4,
        100,
        -1,
        23,
        0,
        0,
        0,
        0,
        -1,
        -1,
        -1
      ],
      [
        590,
        105,
        217,
        185,
        0,
        0,
        4,
        100,
        -1,
        17,
        0,
        0,
        0,
        0,
        -1,
        -1,
        -1
      ],
      [
        590,
        106,
        222,
        180,
        0,
        0,
        4,
        100,
        -1,
        13,
        0,
        0,
        0,
        0,
        -1,
        -1,
        -1
      ],
      [
        590,
        107,
        222,
        185,
        0,
        0,
        4,
        100,
        -1,
        10,
        0,
        0,
        0,
        0,
        -1,
        -1,
        -1
      ],
      [
        100,
        238,
        225,
        220,
        0,
        0,
        4,
        51,
        -1,
        23,
        0,
        0,
        0,
        0,
        -1,
        -1,
        -1
      ],
      [
        1769,
        242,
        220,
        190,
        0,
        0,
        4,
        100,
        -1,
        100,
        0,
        0,
        0,
        0,
        -1,
        -1,
        -1
      ],
      [
        1769,
        243,
        225,
        190,
        0,
        0,
        4,
        100,
        -1,
        75,
        0,
        0,
        0,
        0,
        -1,
        -1,
        -1
      ],
      [
        1880,
        248,
        195,
        200,
        0,
        0,
        4,
        100,
        -1,
        -1,
        0,
        0,
        0,
        0,
        -1,
        -1,
        -1
      ],
      [
        100,
        249,
        225,
        225,
        0,
        0,
        4,
        0,
        -1,
        17,
        0,
        0,
        0,
        0,
        -1,
        -1,
        -1
      ]
    ],
    "BG": [
      [
        200,
        1,
        200,
        200,
        0,
        0,
        4,
        100,
        -1,
        -1,
        0,
        0,
        0,
        0,
        -1,
        -1,
        -1
      ],
      [
        201,
        68,
        220,
        180,
        3,
        0,
        4,
        100,
        -1,
        -1,
        0,
        0,
        0,
        0,
        -1,
        -1,
        -1
      ],
      [
        201,
        71,
        200,
        180,
        3,
        0,
        4,
        100,
        -1,
        -1,
        0,
        0,
        0,
        0,
        -1,
        -1,
        -1
      ],
      [
        201,
        10,
        200,
        220,
        1,
        0,
        4,
        100,
        -1,
        -1,
        0,
        0,
        0,
        0,
        -1,
        -1,
        -1
      ],
      [
        201,
        74,
        190,
        180,
        2,
        0,
        4,
        100,
        -1,
        -1,
        0,
        0,
        0,
        0,
        -1,
        -1,
        -1
      ],
      [
        201,
        12,
        200,
        230,
        1,
        0,
        4,
        100,
        -1,
        -1,
        0,
        0,
        0,
        0,
        -1,
        -1,
        -1
      ],
      [
        201,
        77,
        180,
        180,
        2,
        0,
        4,
        100,
        -1,
        -1,
        0,
        0,
        0,
        0,
        -1,
        -1,
        -1
      ],
      [
        201,
        14,
        220,
        200,
        0,
        0,
        4,
        100,
        -1,
        -1,
        0,
        0,
        0,
        0,
        -1,
        -1,
        -1
      ],
      [
        201,
        16,
        220,
        220,
        0,
        0,
        4,
        100,
        -1,
        -1,
        0,
        0,
        0,
        0,
        -1,
        -1,
        -1
      ],
      [
        201,
        48,
        200,
        190,
        3,
        0,
        4,
        100,
        -1,
        -1,
        0,
        0,
        0,
        0,
        -1,
        -1,
        -1
      ],
      [
        201,
        80,
        180,
        200,
        1,
        0,
        4,
        100,
        -1,
        -1,
        0,
        0,
        0,
        0,
        -1,
        -1,
        -1
      ],
      [
        201,
        18,
        230,
        200,
        0,
        0,
        4,
        100,
        -1,
        -1,
        0,
        0,
        0,
        0,
        -1,
        -1,
        -1
      ],
      [
        201,
        83,
        180,
        210,
        1,
        0,
        4,
        100,
        -1,
        -1,
        0,
        0,
        0,
        0,
        -1,
        -1,
        -1
      ],
      [
        201,
        20,
        230,
        220,
        0,
        0,
        4,
        100,
        -1,
        -1,
        0,
        0,
        0,
        0,
        -1,
        -1,
        -1
      ],
      [
        201,
        53,
        220,
        190,
        3,
        0,
        4,
        100,
        -1,
        -1,
        0,
        0,
        0,
        0,
        -1,
        -1,
        -1
      ],
      [
        201,
        86,
        180,
        220,
        1,
        0,
        4,
        100,
        -1,
        -1,
        0,
        0,
        0,
        0,
        -1,
        -1,
        -1
      ],
      [
        201,
        406,
        240,
        220,
        0,
        0,
        4,
        100,
        -1,
        -1,
        0,
        0,
        0,
        0,
        -1,
        -1,
        -1
      ],
      [
        201,
        90,
        180,
        230,
        1,
        0,
        4,
        100,
        -1,
        -1,
        0,
        0,
        0,
        0,
        -1,
        -1,
        -1
      ]
    ],
    "CI": [
      {
        "CIL": [
          {
            "CID": 396,
            "S": 0
          },
          {
            "CID": 762,
            "S": 0
          }
        ],
        "OID": 96
      },
      {
        "CIL": [
          {
            "CID": 626,
            "S": 0
          }
        ],
        "OID": 321
      },
      {
        "CIL": [
          {
            "CID": 762,
            "S": 0
          },
          {
            "CID": 415,
            "S": 0
          }
        ],
        "OID": 97
      },
      {
        "CIL": [
          {
            "CID": 626,
            "S": 0
          }
        ],
        "OID": 322
      },
      {
        "CIL": [
          {
            "CID": 762,
            "S": 0
          },
          {
            "CID": 415,
            "S": 0
          }
        ],
        "OID": 98
      },
      {
        "CIL": [
          {
            "CID": 1282,
            "S": 0
          }
        ],
        "OID": 6
      },
      {
        "CIL": [
          {
            "CID": 756,
            "S": 0
          },
          {
            "CID": 396,
            "S": 0
          }
        ],
        "OID": 102
      },
      {
        "CIL": [
          {
            "CID": 396,
            "S": 0
          },
          {
            "CID": 420,
            "S": 0
          }
        ],
        "OID": 103
      },
      {
        "CIL": [
          {
            "CID": 30232,
            "RS": 48808,
            "S": 0
          }
        ],
        "OID": 40
      },
      {
        "CIL": [
          {
            "CID": 396,
            "S": 0
          }
        ],
        "OID": 104
      },
      {
        "CIL": [
          {
            "CID": 396,
            "S": 0
          }
        ],
        "OID": 105
      },
      {
        "CIL": [
          {
            "CID": 14,
            "S": 0
          }
        ],
        "OID": 41
      },
      {
        "CIL": [
          {
            "CID": 396,
            "S": 0
          }
        ],
        "OID": 106
      },
      {
        "CIL": [
          {
            "CID": 898,
            "RS": 151467,
            "S": 0
          }
        ],
        "OID": 267
      },
      {
        "CIL": [
          {
            "CID": 396,
            "S": 0
          }
        ],
        "OID": 107
      },
      {
        "CIL": [
          {
            "CID": 898,
            "RS": 151471,
            "S": 0
          }
        ],
        "OID": 171
      },
      {
        "CIL": [
          {
            "CID": 898,
            "RS": 151466,
            "S": 0
          }
        ],
        "OID": 268
      },
      {
        "CIL": [
          {
            "CID": 898,
            "RS": 151463,
            "S": 0
          }
        ],
        "OID": 269
      },
      {
        "CIL": [
          {
            "CID": 898,
            "RS": 151469,
            "S": 0
          }
        ],
        "OID": 270
      },
      {
        "CIL": [
          {
            "CID": 541,
            "S": 0
          }
        ],
        "OID": 242
      },
      {
        "CIL": [
          {
            "CID": 542,
            "S": 0
          }
        ],
        "OID": 243
      },
      {
        "CIL": [
          {
            "CID": 721,
            "S": 0
          }
        ],
        "OID": 61
      },
      {
        "CIL": [
          {
            "CID": 626,
            "S": 0
          }
        ],
        "OID": 318
      },
      {
        "CIL": [
          {
            "CID": 396,
            "S": 0
          },
          {
            "CID": 762,
            "S": 0
          }
        ],
        "OID": 95
      }
    ],
    "D": [
      [
        505,
        8,
        0,
        0,
        0,
        0,
        4,
        100,
        -1,
        -1,
        0,
        0,
        0,
        0,
        -1,
        -1,
        -1
      ],
      [
        455,
        224,
        0,
        0,
        0,
        0,
        4,
        100,
        -1,
        -1,
        0,
        0,
        0,
        0,
        -1,
        -1,
        -1
      ]
    ],
    "G": [
      [
        452,
        7,
        0,
        0,
        0,
        0,
        4,
        100,
        -1,
        -1,
        0,
        0,
        0,
        0,
        -1,
        -1,
        -1
      ]
    ],
    "O": {
      "AID": 189639,
      "AN": "Sons of Guelon",
      "AP": [
        [
          0,
          16011862,
          509,
          405,
          1
        ],
        [
          0,
          16632819,
          505,
          407,
          4
        ],
        [
          0,
          16673031,
          509,
          407,
          4
        ],
        [
          1,
          16366514,
          593,
          613,
          12
        ],
        [
          2,
          16366513,
          654,
          696,
          12
        ],
        [
          3,
          16681051,
          688,
          582,
          12
        ],
        [
          [
            10,
            293,
            1310,
            111
          ]
        ]
      ],
      "AR": 7,
      "AVP": 61745,
      "CF": 29114523,
      "DUM": false,
      "E": {
        "BGC1": 1644825,
        "BGC2": 1644825,
        "BGT": 0,
        "IS": 1,
        "S1": 42,
        "S2": 42,
        "SC1": 1644825,
        "SC2": 1644825,
        "SPT": 1
      },
      "FN": {
        "FID": 0,
        "MC": 293,
        "NS": -1,
        "PMS": -1,
        "PMT": 0,
        "SPC": 0,
        "TID": 111
      },
      "H": 839,
      "HF": 147045694,
      "L": 70,
      "LL": 950,
      "MP": 27731306,
      "N": "Ventrilo",
      "OID": 16862926,
      "PF": 0,
      "PRE": 13,
      "R": 0,
      "RNP": -1,
      "RPT": 4270288,
      "RRD": 0,
      "SA": 0,
      "SUF": 28,
      "TI": -1,
      "TOPX": -1,
      "VF": 0,
      "VP": [
        [
          1,
          610985,
          612,
          588,
          10
        ],
        [
          1,
          713871,
          585,
          658,
          10
        ],
        [
          1,
          725272,
          624,
          582,
          10
        ],
        [
          1,
          2548320,
          501,
          589,
          10
        ],
        [
          1,
          2548324,
          494,
          596,
          10
        ],
        [
          1,
          2840852,
          486,
          575,
          10
        ]
      ],
      "aee": {
        "ACCA": {
          "ACCS": [
            4,
            3,
            12
          ],
          "ACLI": 11
        },
        "ACFB": {
          "ACCS": [
            4,
            3
          ],
          "ACLI": 3
        }
      }
    },
    "RAB": 2,
    "RAF": 2,
    "RAS": 1,
    "RAW": 1,
    "T": [
      [
        454,
        2,
        0,
        0,
        0,
        0,
        4,
        53,
        -1,
        -1,
        0,
        0,
        0,
        0,
        -1,
        -1,
        -1
      ],
      [
        454,
        3,
        0,
        0,
        0,
        0,
        4,
        93,
        -1,
        -1,
        0,
        0,
        0,
        0,
        -1,
        -1,
        -1
      ],
      [
        405,
        4,
        0,
        0,
        0,
        0,
        4,
        88,
        -1,
        -1,
        0,
        0,
        0,
        0,
        -1,
        -1,
        -1
      ],
      [
        454,
        5,
        0,
        0,
        0,
        0,
        4,
        83,
        -1,
        -1,
        0,
        0,
        0,
        0,
        -1,
        -1,
        -1
      ],
      [
        403,
        69,
        0,
        0,
        0,
        0,
        4,
        66,
        -1,
        -1,
        0,
        0,
        0,
        0,
        -1,
        -1,
        -1
      ],
      [
        454,
        72,
        0,
        0,
        0,
        0,
        4,
        59,
        -1,
        -1,
        0,
        0,
        0,
        0,
        -1,
        -1,
        -1
      ],
      [
        454,
        11,
        0,
        0,
        0,
        0,
        4,
        75,
        -1,
        -1,
        0,
        0,
        0,
        0,
        -1,
        -1,
        -1
      ],
      [
        454,
        75,
        0,
        0,
        0,
        0,
        4,
        82,
        -1,
        -1,
        0,
        0,
        0,
        0,
        -1,
        -1,
        -1
      ],
      [
        454,
        13,
        0,
        0,
        0,
        0,
        4,
        53,
        -1,
        -1,
        0,
        0,
        0,
        0,
        -1,
        -1,
        -1
      ],
      [
        405,
        78,
        0,
        0,
        0,
        0,
        4,
        100,
        -1,
        -1,
        0,
        0,
        0,
        0,
        -1,
        -1,
        -1
      ],
      [
        454,
        15,
        0,
        0,
        0,
        0,
        4,
        88,
        -1,
        -1,
        0,
        0,
        0,
        0,
        -1,
        -1,
        -1
      ],
      [
        454,
        17,
        0,
        0,
        0,
        0,
        4,
        46,
        -1,
        -1,
        0,
        0,
        0,
        0,
        -1,
        -1,
        -1
      ],
      [
        454,
        49,
        0,
        0,
        0,
        0,
        4,
        60,
        -1,
        -1,
        0,
        0,
        0,
        0,
        -1,
        -1,
        -1
      ],
      [
        401,
        81,
        0,
        0,
        0,
        0,
        4,
        100,
        -1,
        -1,
        0,
        0,
        0,
        0,
        -1,
        -1,
        -1
      ],
      [
        454,
        19,
        0,
        0,
        0,
        0,
        4,
        94,
        -1,
        -1,
        0,
        0,
        0,
        0,
        -1,
        -1,
        -1
      ],
      [
        454,
        84,
        0,
        0,
        0,
        0,
        4,
        67,
        -1,
        -1,
        0,
        0,
        0,
        0,
        -1,
        -1,
        -1
      ],
      [
        454,
        21,
        0,
        0,
        0,
        0,
        4,
        86,
        -1,
        -1,
        0,
        0,
        0,
        0,
        -1,
        -1,
        -1
      ],
      [
        454,
        54,
        0,
        0,
        0,
        0,
        4,
        80,
        -1,
        -1,
        0,
        0,
        0,
        0,
        -1,
        -1,
        -1
      ],
      [
        454,
        87,
        0,
        0,
        0,
        0,
        4,
        74,
        -1,
        -1,
        0,
        0,
        0,
        0,
        -1,
        -1,
        -1
      ],
      [
        401,
        407,
        0,
        0,
        0,
        0,
        4,
        100,
        -1,
        -1,
        0,
        0,
        0,
        0,
        -1,
        -1,
        -1
      ],
      [
        454,
        91,
        0,
        0,
        0,
        0,
        4,
        33,
        -1,
        -1,
        0,
        0,
        0,
        0,
        -1,
        -1,
        -1
      ]
    ],
    "scl": {
      "OIDL": [
        -1,
        -2,
        -1,
        -2
      ],
      "SSC": 2
    }
  },
  "gpa": {
    "AM": 100.0,
    "BDB": 200,
    "BEEFCR": 100,
    "BEEFM": 100.0,
    "CM": 100.0,
    "DA": 0,
    "DBEEF": 0,
    "DBEEFC": 0.0,
    "DC": 0,
    "DF": 2252970,
    "DFC": 8351660.0,
    "DG": 0,
    "DHONEY": 712450,
    "DI": 0,
    "DMEAD": 5532627,
    "DMEADC": 418380.0,
    "DO": 0,
    "DS": 29,
    "DW": 7389,
    "FCR": 35,
    "FM": 604.0,
    "GM": 100.0,
    "GRD": 0,
    "HONEYM": 137.0,
    "IM": 100.0,
    "M": 0,
    "MEADCR": 100,
    "MEADM": 129.0,
    "MP": 0,
    "MRA": 601000,
    "MRBEEF": 250000,
    "MRC": 81000,
    "MRF": 646000,
    "MRG": 81000,
    "MRHONEY": 900,
    "MRI": 81000,
    "MRMEAD": 450,
    "MRO": 1331000,
    "MRS": 81000,
    "MRW": 81000,
    "NDP": 197955,
    "OM": 100.0,
    "P": 0,
    "R": 165,
    "RS1": 1535.0,
    "RS2": 577.0,
    "RS3": 0.0,
    "RSH": 1012,
    "S": 0,
    "SAFE_A": 1000.0,
    "SAFE_BEEF": 1000.0,
    "SAFE_C": 1000.0,
    "SAFE_F": 1000.0,
    "SAFE_G": 1000.0,
    "SAFE_HONEY": 1000.0,
    "SAFE_I": 1000.0,
    "SAFE_MEAD": 1000.0,
    "SAFE_O": 1000.0,
    "SAFE_S": 1000.0,
    "SAFE_W": 1000.0,
    "SM": 29.040005,
    "US": 0,
    "WM": 26.840004
  },
  "grc": {
    "A": 0.0,
    "AID": 16366514,
    "BEEF": 0.0,
    "C": 67300.0,
    "F": 599829.2,
    "G": 16505.0,
    "HONEY": 900.0,
    "I": 15301.0,
    "KID": 1,
    "MEAD": 450.0,
    "O": 1331000.0,
    "S": 81000.0,
    "W": 81000.0
  },
  "gui": {
    "HI": [],
    "I": [
      [
        216,
        20919
      ],
      [
        277,
        5013
      ],
      [
        149,
        3756
      ],
      [
        6,
        25000
      ],
      [
        607,
        24730
      ],
      [
        10,
        138
      ],
      [
        9,
        7
      ],
      [
        689,
        320
      ],
      [
        688,
        320
      ],
      [
        5,
        25000
      ],
      [
        35,
        75124
      ],
      [
        34,
        35691
      ],
      [
        715,
        8149
      ],
      [
        714,
        11912
      ],
      [
        620,
        95225
      ],
      [
        641,
        188
      ],
      [
        17,
        150
      ],
      [
        614,
        86027
      ],
      [
        635,
        20
      ],
      [
        649,
        390
      ],
      [
        648,
        144
      ]
    ],
    "SHI": [],
    "TU": []
  },
  "hin": {
    "FB": 30,
    "WSR": -78
  },
  "sin": [
    {
      "CD": [
        [
          342,
          837952,
          993,
          0
        ]
      ],
      "RD": [
        [
          321,
          3,
          0
        ],
        [
          322,
          4,
          0
        ],
        [
          2498,
          1,
          0
        ],
        [
          324,
          1,
          0
        ],
        [
          3142,
          3,
          0
        ],
        [
          71,
          1,
          0
        ],
        [
          1545,
          1,
          0
        ],
        [
          3149,
          2,
          0
        ],
        [
          2766,
          4,
          0
        ],
        [
          3151,
          3,
          0
        ],
        [
          3154,
          2,
          0
        ],
        [
          3155,
          3,
          0
        ],
        [
          2837,
          2,
          0
        ],
        [
          3157,
          39,
          0
        ],
        [
          2456,
          2,
          0
        ],
        [
          3160,
          1,
          0
        ],
        [
          2137,
          1,
          0
        ],
        [
          3161,
          2,
          0
        ],
        [
          4441,
          1,
          0
        ],
        [
          2458,
          1,
          0
        ],
        [
          2842,
          2,
          0
        ],
        [
          3108,
          1,
          0
        ],
        [
          357,
          3,
          0
        ],
        [
          2214,
          1,
          0
        ],
        [
          360,
          1,
          0
        ],
        [
          361,
          2,
          0
        ],
        [
          1514,
          2,
          0
        ],
        [
          2282,
          4,
          0
        ],
        [
          363,
          1,
          0
        ],
        [
          1515,
          1,
          0
        ],
        [
          2475,
          1,
          0
        ],
        [
          364,
          1,
          0
        ],
        [
          365,
          1,
          0
        ],
        [
          1646,
          1,
          0
        ],
        [
          1585,
          2,
          0
        ],
        [
          307,
          15,
          0
        ],
        [
          4275,
          2,
          0
        ],
        [
          4276,
          15,
          0
        ],
        [
          2997,
          4,
          0
        ],
        [
          2359,
          1,
          0
        ],
        [
          4471,
          2,
          0
        ],
        [
          2490,
          1,
          0
        ],
        [
          2491,
          5,
          0
        ]
      ],
      "SID": 1,
      "UD": []
    },
    {
      "CD": [],
      "RD": [],
      "SID": 10,
      "UD": []
    },
    {
      "RD": [],
      "SID": 2
    }
  ],
  "spl0": {
    "LID": 0,
    "PS": {
      "CBS": 0,
      "ICT": 75,
      "PID": 1856803142,
      "RAH": true,
      "RCT": 2,
      "SPID": 84970755,
      "TUA": 6,
      "WID": 607
    },
    "QS": [
      {
        "P": {
          "CBS": 0,
          "PID": 84970755,
          "RAH": true,
          "TUA": 216,
          "WID": 607
        },
        "SI": {
          "RUT": -1,
          "VIP": 0
        }
      },
      {
        "P": {
          "CBS": 0,
          "PID": 1630837501,
          "RAH": true,
          "TUA": 228,
          "WID": 607
        },
        "SI": {
          "RUT": -1,
          "VIP": 0
        }
      },
      {
        "SI": {
          "RUT": 1678843,
          "VIP": 1
        }
      },
      {
        "SI": {
          "RUT": 1678843,
          "VIP": 1
        }
      },
      {
        "SI": {
          "RUT": 296579,
          "VIP": 0
        }
      }
    ],
    "RM": 0,
    "TCT": 5552
  },
  "spl1": {
    "LID": 1,
    "PS": {},
    "QS": [
      {
        "SI": {
          "RUT": -1,
          "VIP": 0
        }
      },
      {
        "SI": {
          "RUT": -1,
          "VIP": 0
        }
      },
      {
        "SI": {
          "RUT": 1678843,
          "VIP": 1
        }
      },
      {
        "SI": {
          "RUT": 1678843,
          "VIP": 1
        }
      },
      {
        "SI": {
          "RUT": 0,
          "VIP": 0
        }
      }
    ],
    "RM": 0,
    "TCT": 0
  },
  "spl2": {
    "LID": 2,
    "PIDL": [
      [
        -2,
        0,
        0,
        0,
        0,
        0,
        0,
        0
      ],
      [
        -2,
        0,
        0,
        0,
        0,
        0,
        0,
        0
      ],
      [
        -2,
        0,
        0,
        0,
        0,
        0,
        0,
        0
      ],
      [
        -2,
        0,
        0,
        0,
        0,
        0,
        0,
        0
      ],
      [
        -2,
        0,
        0,
        0,
        0,
        0,
        0,
        0
      ]
    ]
  },
  "spl3": {},
  "uap": {
    "KID": 1,
    "NS": -1,
    "PMS": 1,
    "PMT": 4270288
  }
}

  raw:
%xt%jaa%1%0%{"KID":1,"T":12,"gca":{"O":{"OID":16862926,"DUM":false,"N":"Ventrilo","E":{"BGT":0,"BGC1":1644825,"BGC2":1644825,"SPT":1,"S1":42,"SC1":1644825,"S2":42,"SC2":1644825,"IS":1},"L":70,"LL":950,"H":839,"AVP":61745,"CF":29114523,"HF":147045694,"PRE":13,"SUF":28,"TOPX":-1,"MP":27731306,"R":0,"AID":189639,"AR":7,"AN":"Sons of Guelon","aee":{"ACCA":{"ACLI":11,"ACCS":[4,3,12]},"ACFB":{"ACLI":3,"ACCS":[4,3]}},"RPT":4270288,"AP":[[0,16011862,509,405,1],[0,16632819,505,407,4],[0,16673031,509,407,4],[1,16366514,593,613,12],[2,16366513,654,696,12],[3,16681051,688,582,12],[[10,293,1310,111]]],"VP":[[1,610985,612,588,10],[1,713871,585,658,10],[1,725272,624,582,10],[1,2548320,501,589,10],[1,2548324,494,596,10],[1,2840852,486,575,10]],"SA":0,"VF":0,"PF":0,"RRD":0,"TI":-1,"RNP":-1,"FN":{"MC":293,"FID":0,"TID":111,"NS":-1,"PMS":-1,"PMT":0,"SPC":0}},"RAF":2,"RAW":1,"RAS":1,"RAB":2,"BG":[[200,1,200,200,0,0,4,100,-1,-1,0,0,0,0,-1,-1,-1],[201,68,220,180,3,0,4,100,-1,-1,0,0,0,0,-1,-1,-1],[201,71,200,180,3,0,4,100,-1,-1,0,0,0,0,-1,-1,-1],[201,10,200,220,1,0,4,100,-1,-1,0,0,0,0,-1,-1,-1],[201,74,190,180,2,0,4,100,-1,-1,0,0,0,0,-1,-1,-1],[201,12,200,230,1,0,4,100,-1,-1,0,0,0,0,-1,-1,-1],[201,77,180,180,2,0,4,100,-1,-1,0,0,0,0,-1,-1,-1],[201,14,220,200,0,0,4,100,-1,-1,0,0,0,0,-1,-1,-1],[201,16,220,220,0,0,4,100,-1,-1,0,0,0,0,-1,-1,-1],[201,48,200,190,3,0,4,100,-1,-1,0,0,0,0,-1,-1,-1],[201,80,180,200,1,0,4,100,-1,-1,0,0,0,0,-1,-1,-1],[201,18,230,200,0,0,4,100,-1,-1,0,0,0,0,-1,-1,-1],[201,83,180,210,1,0,4,100,-1,-1,0,0,0,0,-1,-1,-1],[201,20,230,220,0,0,4,100,-1,-1,0,0,0,0,-1,-1,-1],[201,53,220,190,3,0,4,100,-1,-1,0,0,0,0,-1,-1,-1],[201,86,180,220,1,0,4,100,-1,-1,0,0,0,0,-1,-1,-1],[201,406,240,220,0,0,4,100,-1,-1,0,0,0,0,-1,-1,-1],[201,90,180,230,1,0,4,100,-1,-1,0,0,0,0,-1,-1,-1]],"BD":[[175,6,180,180,0,0,4,49,-1,-1,0,0,0,0,-1,-1,-1],[4276,263,205,210,0,0,4,100,-1,-1,0,4000,-1,0,-1,-1,-1],[100,267,195,235,0,0,4,36,-1,13,0,0,0,0,-1,-1,-1],[100,268,190,235,0,0,4,28,-1,10,0,0,0,0,-1,-1,-1],[4467,396,235,190,0,0,4,100,-1,-1,0,4450,-1,0,-1,-1,-1],[100,269,190,230,0,0,4,36,-1,7,0,0,0,0,-1,-1,-1],[4464,397,240,220,0,0,4,100,-1,-1,0,0,0,0,-1,-1,-1],[168,142,227,180,0,0,4,100,-1,-1,0,0,0,0,-1,-1,-1],[100,270,195,230,0,0,4,6,-1,5,0,0,0,0,-1,-1,-1],[4458,408,220,200,0,0,4,100,-1,-1,0,0,0,0,-1,-1,-1],[4461,417,200,220,0,0,4,100,-1,-1,0,0,0,0,-1,-1,-1],[4388,419,220,230,0,0,4,100,-1,-1,0,4600,-1,0,-1,-1,-1],[4388,420,225,230,0,0,4,100,-1,-1,0,4600,-1,0,-1,-1,-1],[4388,421,230,230,0,0,4,100,-1,-1,0,4600,-1,0,-1,-1,-1],[118,294,180,197,1,0,4,12,-1,-1,0,0,0,0,-1,-1,-1],[3019,422,235,230,0,0,4,100,-1,-1,0,0,0,0,-1,-1,-1],[779,39,180,203,1,0,4,40,-1,-1,0,0,0,0,-1,-1,-1],[3229,423,235,220,0,0,4,100,-1,-1,0,0,0,0,-1,-1,-1],[232,40,180,192,1,0,4,26,-1,-1,0,0,0,0,-1,-1,-1],[3009,424,230,220,0,0,4,100,-1,-1,0,0,0,0,-1,-1,-1],[1749,41,180,215,3,0,4,100,-1,-1,0,0,0,0,-1,-1,-1],[4359,425,220,220,0,0,4,100,-1,-1,0,0,0,0,-1,-1,-1],[167,42,232,180,0,0,4,53,-1,-1,0,0,0,0,-1,-1,-1],[4359,426,215,210,0,0,4,100,-1,-1,0,0,0,0,-1,-1,-1],[100,171,195,225,0,0,4,0,-1,56,0,0,0,0,-1,-1,-1],[100,172,215,190,0,0,4,59,-1,42,0,0,0,0,-1,-1,-1],[2913,428,210,210,0,0,4,100,-1,-1,0,5500,-1,0,-1,-1,-1],[494,45,186,215,0,0,4,100,-1,-1,0,0,0,0,-1,-1,-1],[4467,429,205,200,0,0,4,100,-1,-1,0,4450,-1,0,-1,-1,-1],[4431,430,215,200,0,0,4,100,-1,-1,0,4450,-1,0,-1,-1,-1],[4360,431,210,200,0,0,4,100,-1,-1,0,0,0,0,-1,-1,-1],[3159,432,210,190,0,0,4,100,-1,-1,0,0,0,0,-1,-1,-1],[2492,433,205,190,0,0,4,100,-1,-1,0,4200,-1,0,-1,-1,-1],[226,51,190,200,0,0,4,100,-1,-1,0,0,0,0,-1,-1,-1],[3157,183,190,220,0,0,4,100,-1,-1,0,0,0,0,-1,-1,-1],[756,60,195,205,0,0,4,100,-1,-1,0,0,0,0,-1,-1,-1],[196,61,180,209,1,0,4,100,-1,-1,0,0,0,0,-1,-1,-1],[1962,317,195,190,0,0,4,100,-1,100,0,0,0,0,-1,-1,-1],[216,62,180,232,1,0,4,58,-1,-1,0,0,0,0,-1,-1,-1],[1944,318,195,195,0,0,4,100,-1,100,0,0,0,0,-1,-1,-1],[3200,320,202,180,0,0,4,100,-1,-1,0,0,0,0,-1,-1,-1],[100,193,215,195,0,0,4,0,-1,31,0,0,0,0,-1,-1,-1],[1944,321,200,195,0,0,4,100,-1,100,0,0,0,0,-1,-1,-1],[1944,322,200,190,0,0,4,100,-1,100,0,0,0,0,-1,-1,-1],[2842,328,200,210,0,0,4,100,-1,-1,0,3750,-1,0,-1,-1,-1],[2837,329,195,210,0,0,4,100,-1,-1,0,3750,-1,0,-1,-1,-1],[3152,330,190,210,0,0,4,100,-1,-1,0,0,0,0,-1,-1,-1],[2918,210,190,195,0,0,4,100,-1,-1,0,0,0,0,-1,-1,-1],[2918,212,200,205,0,0,4,100,-1,-1,0,0,0,0,-1,-1,-1],[2918,213,200,200,0,0,4,100,-1,-1,0,0,0,0,-1,-1,-1],[2918,214,190,205,0,0,4,100,-1,-1,0,0,0,0,-1,-1,-1],[3157,217,230,190,0,0,4,100,-1,-1,0,0,0,0,-1,-1,-1],[2498,219,185,222,0,0,4,100,-1,-1,0,4000,-1,0,-1,-1,-1],[2599,220,180,222,0,0,4,100,-1,-1,0,3900,-1,0,-1,-1,-1],[506,93,195,220,0,0,4,100,-1,-1,0,0,0,0,-1,-1,-1],[1898,95,192,180,0,0,4,100,-1,75,0,0,0,0,-1,-1,-1],[1898,96,197,180,0,0,4,100,-1,56,0,0,0,0,-1,-1,-1],[1718,97,-1,-1,0,0,4,100,-1,100,0,0,0,0,6,0,-1],[1718,98,-1,-1,0,0,4,100,-1,100,0,0,0,0,6,1,-1],[590,102,212,180,0,0,4,100,-1,42,0,0,0,0,-1,-1,-1],[590,103,212,185,0,0,4,100,-1,31,0,0,0,0,-1,-1,-1],[590,104,217,180,0,0,4,100,-1,23,0,0,0,0,-1,-1,-1],[590,105,217,185,0,0,4,100,-1,17,0,0,0,0,-1,-1,-1],[590,106,222,180,0,0,4,100,-1,13,0,0,0,0,-1,-1,-1],[590,107,222,185,0,0,4,100,-1,10,0,0,0,0,-1,-1,-1],[100,238,225,220,0,0,4,51,-1,23,0,0,0,0,-1,-1,-1],[1769,242,220,190,0,0,4,100,-1,100,0,0,0,0,-1,-1,-1],[1769,243,225,190,0,0,4,100,-1,75,0,0,0,0,-1,-1,-1],[1880,248,195,200,0,0,4,100,-1,-1,0,0,0,0,-1,-1,-1],[100,249,225,225,0,0,4,0,-1,17,0,0,0,0,-1,-1,-1]],"T":[[454,2,0,0,0,0,4,53,-1,-1,0,0,0,0,-1,-1,-1],[454,3,0,0,0,0,4,93,-1,-1,0,0,0,0,-1,-1,-1],[405,4,0,0,0,0,4,88,-1,-1,0,0,0,0,-1,-1,-1],[454,5,0,0,0,0,4,83,-1,-1,0,0,0,0,-1,-1,-1],[403,69,0,0,0,0,4,66,-1,-1,0,0,0,0,-1,-1,-1],[454,72,0,0,0,0,4,59,-1,-1,0,0,0,0,-1,-1,-1],[454,11,0,0,0,0,4,75,-1,-1,0,0,0,0,-1,-1,-1],[454,75,0,0,0,0,4,82,-1,-1,0,0,0,0,-1,-1,-1],[454,13,0,0,0,0,4,53,-1,-1,0,0,0,0,-1,-1,-1],[405,78,0,0,0,0,4,100,-1,-1,0,0,0,0,-1,-1,-1],[454,15,0,0,0,0,4,88,-1,-1,0,0,0,0,-1,-1,-1],[454,17,0,0,0,0,4,46,-1,-1,0,0,0,0,-1,-1,-1],[454,49,0,0,0,0,4,60,-1,-1,0,0,0,0,-1,-1,-1],[401,81,0,0,0,0,4,100,-1,-1,0,0,0,0,-1,-1,-1],[454,19,0,0,0,0,4,94,-1,-1,0,0,0,0,-1,-1,-1],[454,84,0,0,0,0,4,67,-1,-1,0,0,0,0,-1,-1,-1],[454,21,0,0,0,0,4,86,-1,-1,0,0,0,0,-1,-1,-1],[454,54,0,0,0,0,4,80,-1,-1,0,0,0,0,-1,-1,-1],[454,87,0,0,0,0,4,74,-1,-1,0,0,0,0,-1,-1,-1],[401,407,0,0,0,0,4,100,-1,-1,0,0,0,0,-1,-1,-1],[454,91,0,0,0,0,4,33,-1,-1,0,0,0,0,-1,-1,-1]],"G":[[452,7,0,0,0,0,4,100,-1,-1,0,0,0,0,-1,-1,-1]],"D":[[505,8,0,0,0,0,4,100,-1,-1,0,0,0,0,-1,-1,-1],[455,224,0,0,0,0,4,100,-1,-1,0,0,0,0,-1,-1,-1]],"CI":[{"OID":96,"CIL":[{"CID":396,"S":0},{"CID":762,"S":0}]},{"OID":321,"CIL":[{"CID":626,"S":0}]},{"OID":97,"CIL":[{"CID":762,"S":0},{"CID":415,"S":0}]},{"OID":322,"CIL":[{"CID":626,"S":0}]},{"OID":98,"CIL":[{"CID":762,"S":0},{"CID":415,"S":0}]},{"OID":6,"CIL":[{"CID":1282,"S":0}]},{"OID":102,"CIL":[{"CID":756,"S":0},{"CID":396,"S":0}]},{"OID":103,"CIL":[{"CID":396,"S":0},{"CID":420,"S":0}]},{"OID":40,"CIL":[{"CID":30232,"S":0,"RS":48808}]},{"OID":104,"CIL":[{"CID":396,"S":0}]},{"OID":105,"CIL":[{"CID":396,"S":0}]},{"OID":41,"CIL":[{"CID":14,"S":0}]},{"OID":106,"CIL":[{"CID":396,"S":0}]},{"OID":267,"CIL":[{"CID":898,"S":0,"RS":151467}]},{"OID":107,"CIL":[{"CID":396,"S":0}]},{"OID":171,"CIL":[{"CID":898,"S":0,"RS":151471}]},{"OID":268,"CIL":[{"CID":898,"S":0,"RS":151466}]},{"OID":269,"CIL":[{"CID":898,"S":0,"RS":151463}]},{"OID":270,"CIL":[{"CID":898,"S":0,"RS":151469}]},{"OID":242,"CIL":[{"CID":541,"S":0}]},{"OID":243,"CIL":[{"CID":542,"S":0}]},{"OID":61,"CIL":[{"CID":721,"S":0}]},{"OID":318,"CIL":[{"CID":626,"S":0}]},{"OID":95,"CIL":[{"CID":396,"S":0},{"CID":762,"S":0}]}],"A":[12,593,613,16366514,16862926,5,5,3,4,1,"Castle Ventrilo",0,0,-1,-1,-1,1,695,[],0],"scl":{"OIDL":[-1,-2,-1,-2],"SSC":2}},"uap":{"KID":1,"NS":-1,"PMS":1,"PMT":4270288},"csl":{"SL":4},"grc":{"AID":16366514,"W":81000.0,"S":81000.0,"F":599829.2,"C":67300.0,"O":1331000.0,"G":16505.0,"A":0.0,"I":15301.0,"HONEY":900.0,"MEAD":450.0,"BEEF":0.0,"KID":1},"gpa":{"DFC":8351660.0,"DMEADC":418380.0,"DBEEFC":0.0,"DW":7389,"DS":29,"DF":2252970,"DC":0,"DO":0,"DG":0,"DA":0,"DI":0,"DHONEY":712450,"DMEAD":5532627,"DBEEF":0,"S":0,"WM":26.840004,"SM":29.040005,"FM":604.0,"CM":100.0,"OM":100.0,"GM":100.0,"AM":100.0,"IM":100.0,"HONEYM":137.0,"MEADM":129.0,"BEEFM":100.0,"MP":0,"FCR":35,"MEADCR":100,"BEEFCR":100,"MRW":81000,"SAFE_W":1000.0,"MRS":81000,"SAFE_S":1000.0,"MRF":646000,"SAFE_F":1000.0,"MRC":81000,"SAFE_C":1000.0,"MRO":1331000,"SAFE_O":1000.0,"MRG":81000,"SAFE_G":1000.0,"MRA":601000,"SAFE_A":1000.0,"MRI":81000,"SAFE_I":1000.0,"MRHONEY":900,"SAFE_HONEY":1000.0,"MRMEAD":450,"SAFE_MEAD":1000.0,"MRBEEF":250000,"SAFE_BEEF":1000.0,"P":0,"NDP":197955,"R":165,"GRD":0,"RS1":1535.0,"RS2":577.0,"RS3":0.0,"RSH":1012,"BDB":200,"US":0,"M":0},"gui":{"I":[[216,20919],[277,5013],[149,3756],[6,25000],[607,24730],[10,138],[9,7],[689,320],[688,320],[5,25000],[35,75124],[34,35691],[715,8149],[714,11912],[620,95225],[641,188],[17,150],[614,86027],[635,20],[649,390],[648,144]],"SHI":[],"HI":[],"TU":[]},"spl0":{"PS":{"WID":607,"TUA":6,"CBS":0,"RAH":true,"PID":1856803142,"RCT":2,"ICT":75,"SPID":84970755},"QS":[{"P":{"WID":607,"TUA":216,"CBS":0,"RAH":true,"PID":84970755},"SI":{"RUT":-1,"VIP":0}},{"P":{"WID":607,"TUA":228,"CBS":0,"RAH":true,"PID":1630837501},"SI":{"RUT":-1,"VIP":0}},{"SI":{"RUT":1678843,"VIP":1}},{"SI":{"RUT":1678843,"VIP":1}},{"SI":{"RUT":296579,"VIP":0}}],"RM":0,"TCT":5552,"LID":0},"spl1":{"PS":{},"QS":[{"SI":{"RUT":-1,"VIP":0}},{"SI":{"RUT":-1,"VIP":0}},{"SI":{"RUT":1678843,"VIP":1}},{"SI":{"RUT":1678843,"VIP":1}},{"SI":{"RUT":0,"VIP":0}}],"RM":0,"TCT":0,"LID":1},"spl2":{"LID":2,"PIDL":[[-2,0,0,0,0,0,0,0],[-2,0,0,0,0,0,0,0],[-2,0,0,0,0,0,0,0],[-2,0,0,0,0,0,0,0],[-2,0,0,0,0,0,0,0]]},"spl3":{},"gab":{"B":0.0},"hin":{"FB":30,"WSR":-78},"sin":[{"SID":1,"RD":[[321,3,0],[322,4,0],[2498,1,0],[324,1,0],[3142,3,0],[71,1,0],[1545,1,0],[3149,2,0],[2766,4,0],[3151,3,0],[3154,2,0],[3155,3,0],[2837,2,0],[3157,39,0],[2456,2,0],[3160,1,0],[2137,1,0],[3161,2,0],[4441,1,0],[2458,1,0],[2842,2,0],[3108,1,0],[357,3,0],[2214,1,0],[360,1,0],[361,2,0],[1514,2,0],[2282,4,0],[363,1,0],[1515,1,0],[2475,1,0],[364,1,0],[365,1,0],[1646,1,0],[1585,2,0],[307,15,0],[4275,2,0],[4276,15,0],[2997,4,0],[2359,1,0],[4471,2,0],[2490,1,0],[2491,5,0]],"CD":[[342,837952,993,0]],"UD":[]},{"SID":10,"RD":[],"CD":[],"UD":[]},{"SID":2,"RD":[]}],"abpi":[{"OID":317,"SRPF":false,"PA":{"MEAD":1},"MS":{"F":0,"HONEY":0},"bfl":{"KID":1,"AID":16366514,"PPOT":0}}],"crai":{"CAI":{"CBI":[],"CE":[]}}}%
---
[10:57:54.710] CLIENT -> SERVER
XT PACKET
  fields:
    type: xt
    server_header: EmpireEx_21
    command: dcl
    request_id: 1
    payload: {"CD":0}

  json_payload:
{
  "CD": 0
}

  raw:
%xt%EmpireEx_21%dcl%1%{"CD":0}%
---
[10:57:54.711] CLIENT -> SERVER
XT PACKET
  fields:
    type: xt
    server_header: EmpireEx_21
    command: gpa
    request_id: 1
    payload: {}

  json_payload:
{}

  raw:
%xt%EmpireEx_21%gpa%1%{}%
---
[10:57:54.744] CLIENT -> SERVER
XT PACKET
  fields:
    type: xt
    server_header: EmpireEx_21
    command: spl
    request_id: 1
    payload: {"LID":0}

  json_payload:
{
  "LID": 0
}

  raw:
%xt%EmpireEx_21%spl%1%{"LID":0}%
---
[10:57:54.790] CLIENT -> SERVER
XT PACKET
  fields:
    type: xt
    server_header: EmpireEx_21
    command: gui
    request_id: 1
    payload: {}

  json_payload:
{}

  raw:
%xt%EmpireEx_21%gui%1%{}%
---
[10:57:54.833] SERVER -> CLIENT
XT PACKET
  fields:
    type: xt
    command: dcl
    request_id: 1
    status: 0
    payload: {"PID":16862926,"C":[{"KID":0,"AI":[{"AID":16011862,"W":359331.56,"S":275397.97,"F":749000.0,"C":98886.0,"O":124000.0,"G":124000.0,"A":0.0,"I":114570.0,"HONEY":231100.0,"MEAD":2.0774664E7,"BEEF":0.0,"D":596,"gpa":{"DFC":375580.0,"DMEADC":3.188618E7,"DBEEFC":0.0,"DW":10607,"DS":130,"DF":543591,"DC":0,"DO":0,"DG":0,"DA":0,"DI":0,"DHONEY":290410,"DMEAD":19337720,"DBEEF":0,"S":0,"WM":30.399998,"SM":30.399998,"FM":310.80002,"CM":100.0,"OM":100.0,"GM":100.0,"AM":100.0,"IM":100.0,"HONEYM":137.0,"MEADM":207.8,"BEEFM":100.0,"MP":250,"FCR":75,"MEADCR":60,"BEEFCR":100,"MRW":454000,"SAFE_W":4000.0,"MRS":454000,"SAFE_S":4000.0,"MRF":749000,"SAFE_F":4000.0,"MRC":124000,"SAFE_C":4000.0,"MRO":124000,"SAFE_O":4000.0,"MRG":124000,"SAFE_G":4000.0,"MRA":704000,"SAFE_A":4000.0,"MRI":124000,"SAFE_I":4000.0,"MRHONEY":106100,"SAFE_HONEY":4000.0,"MRMEAD":104950,"SAFE_MEAD":4000.0,"MRBEEF":500000,"SAFE_BEEF":4000.0,"P":0,"NDP":236402,"R":30,"GRD":0,"RS1":4986.0,"RS2":1501.0,"RS3":1501.0,"RSH":1073,"BDB":200,"US":0,"M":0},"AC":[[195,10634],[216,487478],[461,20297],[726,62],[725,15],[656,20],[655,10],[714,20],[715,10],[729,90],[238,159797],[369,25415],[501,23347],[500,13130],[765,10],[227,168633],[760,10],[217,9114],[149,2971],[215,676464],[12,2950],[11,800],[10,1527],[9,89],[6,30],[607,1140],[63,1790],[588,545],[587,7],[579,8],[732,96],[583,1525],[967,9],[580,105],[776,5852],[775,6547],[577,6],[576,63],[771,4682],[770,6252],[178,4400],[571,1],[570,65],[568,335],[1,16300],[169,18809],[168,19862],[167,18124],[166,36490],[165,83100],[164,72670],[163,13920],[162,200],[161,100],[160,6000],[158,5996],[156,6000],[154,6000],[153,35980],[152,65260],[740,122300],[739,128500],[738,120100],[737,171],[735,1745],[143,135346],[142,128310],[141,135193],[611,16994],[256,198],[614,62993],[512,219760],[511,217360],[115,100],[107,47400],[106,270150],[476,15000],[241,101113],[490,204980],[82,12100],[81,14765],[474,69880],[77,4800],[661,155],[660,811],[654,175],[653,264],[651,27507],[650,7383],[649,64454],[648,1794],[56,1],[642,20],[641,707],[640,396],[245,580],[244,27890],[243,7180],[242,63271],[635,685],[240,89520],[239,7000],[734,298530],[30,26550],[620,451956],[27,13939],[26,24463],[25,21031],[812,4],[811,60],[810,120],[808,65],[807,120],[17,100050],[16,8655],[407,16740],[406,14000],[405,244550],[404,12930],[971,9],[777,1000],[773,2200],[774,1100],[110,40004],[627,236],[626,87],[625,1124],[624,1040],[105,1162],[731,29676],[730,12],[315,77],[647,12],[645,4],[637,87],[634,2],[300,113],[112,35035],[629,62]],"SHI":[],"HI":[[461,3],[369,3],[501,3],[227,15],[500,1],[238,15]],"TU":[],"MC":65,"B":1,"WS":1,"DW":1,"H":1,"OGT":0,"AOT":-1},{"AID":16632819,"W":47077.914,"S":56474.688,"F":681000.0,"C":67802.0,"O":53892.0,"G":54865.0,"A":0.0,"I":80005.0,"HONEY":0.0,"MEAD":0.0,"BEEF":0.0,"D":105,"gpa":{"DFC":143520.0,"DMEADC":0.0,"DBEEFC":0.0,"DW":40,"DS":40,"DF":473979,"DC":0,"DO":0,"DG":0,"DA":0,"DI":0,"DHONEY":0,"DMEAD":0,"DBEEF":0,"S":0,"WM":26.399998,"SM":26.399998,"FM":274.80002,"CM":100.0,"OM":100.0,"GM":100.0,"AM":100.0,"IM":100.0,"HONEYM":137.0,"MEADM":129.0,"BEEFM":100.0,"MP":250,"FCR":90,"MEADCR":100,"BEEFCR":100,"MRW":81000,"SAFE_W":1000.0,"MRS":81000,"SAFE_S":1000.0,"MRF":681000,"SAFE_F":1000.0,"MRC":81000,"SAFE_C":1000.0,"MRO":81000,"SAFE_O":1000.0,"MRG":81000,"SAFE_G":1000.0,"MRA":601000,"SAFE_A":1000.0,"MRI":81000,"SAFE_I":1000.0,"MRHONEY":0,"SAFE_HONEY":1000.0,"MRMEAD":0,"SAFE_MEAD":1000.0,"MRBEEF":0,"SAFE_BEEF":1000.0,"P":0,"NDP":158765,"R":50,"GRD":0,"RS1":1259.0,"RS2":0.0,"RS3":0.0,"RSH":921,"BDB":200,"US":0,"M":0},"AC":[[607,7176],[620,30491]],"SHI":[],"HI":[],"TU":[],"MC":0,"B":1,"WS":0,"DW":0,"H":0,"OGT":0},{"AID":16673031,"W":46092.06,"S":11541.31,"F":681000.0,"C":13730.0,"O":33133.0,"G":11904.0,"A":0.0,"I":66246.0,"HONEY":102104.89,"MEAD":300.0,"BEEF":0.0,"D":80,"gpa":{"DFC":350930.0,"DMEADC":0.0,"DBEEFC":0.0,"DW":25,"DS":25,"DF":637990,"DC":0,"DO":0,"DG":0,"DA":0,"DI":0,"DHONEY":5394,"DMEAD":204427,"DBEEF":0,"S":0,"WM":26.399998,"SM":26.399998,"FM":298.80002,"CM":100.0,"OM":100.0,"GM":100.0,"AM":100.0,"IM":100.0,"HONEYM":137.0,"MEADM":129.0,"BEEFM":100.0,"MP":250,"FCR":95,"MEADCR":100,"BEEFCR":100,"MRW":81000,"SAFE_W":1000.0,"MRS":81000,"SAFE_S":1000.0,"MRF":681000,"SAFE_F":1000.0,"MRC":81000,"SAFE_C":1000.0,"MRO":81000,"SAFE_O":1000.0,"MRG":81000,"SAFE_G":1000.0,"MRA":601000,"SAFE_A":1000.0,"MRI":81000,"SAFE_I":1000.0,"MRHONEY":300,"SAFE_HONEY":1000.0,"MRMEAD":300,"SAFE_MEAD":1000.0,"MRBEEF":0,"SAFE_BEEF":1000.0,"P":0,"NDP":185140,"R":55,"GRD":0,"RS1":1298.0,"RS2":0.0,"RS3":0.0,"RSH":960,"BDB":175,"US":0,"M":0},"AC":[[10,1],[607,17544],[620,16976],[614,1919]],"SHI":[],"HI":[],"TU":[],"MC":0,"B":1,"WS":0,"DW":0,"H":0,"OGT":0}]},{"KID":1,"AI":[{"AID":16366514,"W":81000.0,"S":81000.0,"F":599810.56,"C":67300.0,"O":1331000.0,"G":16505.0,"A":0.0,"I":15301.0,"HONEY":900.0,"MEAD":450.0,"BEEF":0.0,"D":399,"gpa":{"DFC":8351660.0,"DMEADC":418380.0,"DBEEFC":0.0,"DW":7389,"DS":29,"DF":2252970,"DC":0,"DO":0,"DG":0,"DA":0,"DI":0,"DHONEY":712450,"DMEAD":5532627,"DBEEF":0,"S":0,"WM":26.840004,"SM":29.040005,"FM":604.0,"CM":100.0,"OM":100.0,"GM":100.0,"AM":100.0,"IM":100.0,"HONEYM":137.0,"MEADM":129.0,"BEEFM":100.0,"MP":0,"FCR":35,"MEADCR":100,"BEEFCR":100,"MRW":81000,"SAFE_W":1000.0,"MRS":81000,"SAFE_S":1000.0,"MRF":646000,"SAFE_F":1000.0,"MRC":81000,"SAFE_C":1000.0,"MRO":1331000,"SAFE_O":1000.0,"MRG":81000,"SAFE_G":1000.0,"MRA":601000,"SAFE_A":1000.0,"MRI":81000,"SAFE_I":1000.0,"MRHONEY":900,"SAFE_HONEY":1000.0,"MRMEAD":450,"SAFE_MEAD":1000.0,"MRBEEF":250000,"SAFE_BEEF":1000.0,"P":0,"NDP":197955,"R":165,"GRD":0,"RS1":1535.0,"RS2":577.0,"RS3":0.0,"RSH":1012,"BDB":200,"US":0,"M":0},"AC":[[216,20919],[277,5013],[149,3756],[6,25000],[607,24730],[10,138],[9,7],[689,320],[688,320],[5,25000],[35,75124],[34,35691],[715,8149],[714,11912],[620,95225],[641,188],[17,150],[614,86027],[635,20],[649,390],[648,144]],"SHI":[],"HI":[],"TU":[],"MC":0,"B":1,"WS":1,"DW":0,"H":0,"OGT":0,"AOT":-1}]},{"KID":2,"AI":[{"AID":16366513,"W":60800.0,"S":60800.0,"F":51468.652,"C":4014.0,"O":0.0,"G":0.0,"A":0.0,"I":0.0,"HONEY":0.0,"MEAD":0.0,"BEEF":0.0,"D":15,"gpa":{"DFC":31920.0,"DMEADC":0.0,"DBEEFC":0.0,"DW":7655,"DS":7860,"DF":57686,"DC":0,"DO":0,"DG":0,"DA":0,"DI":0,"DHONEY":0,"DMEAD":0,"DBEEF":0,"S":0,"WM":122.0,"SM":122.0,"FM":174.0,"CM":100.0,"OM":100.0,"GM":100.0,"AM":100.0,"IM":100.0,"HONEYM":137.0,"MEADM":129.0,"BEEFM":100.0,"MP":0,"FCR":100,"MEADCR":100,"BEEFCR":100,"MRW":60800,"SAFE_W":800.0,"MRS":60800,"SAFE_S":800.0,"MRF":60800,"SAFE_F":800.0,"MRC":60800,"SAFE_C":800.0,"MRO":60800,"SAFE_O":800.0,"MRG":60800,"SAFE_G":800.0,"MRA":450800,"SAFE_A":800.0,"MRI":60800,"SAFE_I":800.0,"MRHONEY":0,"SAFE_HONEY":800.0,"MRMEAD":0,"SAFE_MEAD":800.0,"MRBEEF":0,"SAFE_BEEF":800.0,"P":0,"NDP":29425,"R":40,"GRD":0,"RS1":766.0,"RS2":0.0,"RS3":0.0,"RSH":443,"BDB":100,"US":0,"M":0},"AC":[[607,1596],[620,27000]],"SHI":[],"HI":[],"TU":[],"MC":0,"B":1,"WS":0,"DW":0,"H":0,"OGT":0,"AOT":-1}]},{"KID":3,"AI":[{"AID":16681051,"W":81493.0,"S":81477.0,"F":681000.0,"C":52557.0,"O":67970.0,"G":15925.0,"A":0.0,"I":14717.0,"HONEY":2400.0,"MEAD":102.70617,"BEEF":0.0,"D":150,"gpa":{"DFC":392520.0,"DMEADC":1.351322E7,"DBEEFC":0.0,"DW":39,"DS":39,"DF":1072938,"DC":0,"DO":0,"DG":0,"DA":0,"DI":0,"DHONEY":416175,"DMEAD":8107942,"DBEEF":0,"S":0,"WM":26.840004,"SM":26.840004,"FM":664.0,"CM":100.0,"OM":100.0,"GM":100.0,"AM":100.0,"IM":100.0,"HONEYM":137.0,"MEADM":214.0,"BEEFM":100.0,"MP":0,"FCR":95,"MEADCR":60,"BEEFCR":100,"MRW":81000,"SAFE_W":1000.0,"MRS":81000,"SAFE_S":1000.0,"MRF":681000,"SAFE_F":1000.0,"MRC":81000,"SAFE_C":1000.0,"MRO":81000,"SAFE_O":1000.0,"MRG":81000,"SAFE_G":1000.0,"MRA":601000,"SAFE_A":1000.0,"MRI":81000,"SAFE_I":1000.0,"MRHONEY":2400,"SAFE_HONEY":1000.0,"MRMEAD":950,"SAFE_MEAD":1000.0,"MRBEEF":250000,"SAFE_BEEF":1000.0,"P":0,"NDP":220410,"R":35,"GRD":0,"RS1":5898.0,"RS2":0.0,"RS3":0.0,"RSH":1060,"BDB":200,"US":0,"M":0},"AC":[[15,49],[149,2374],[607,13691],[215,273727],[216,401885],[620,31000],[641,5],[614,6292],[635,10],[650,2650]],"SHI":[],"HI":[],"TU":[],"MC":0,"B":1,"WS":0,"DW":0,"H":0,"OGT":0,"AOT":-1}]},{"KID":4,"AI":[]},{"KID":10,"AI":[{"AID":293,"W":24303.203,"S":24483.203,"F":11206.09,"C":0.0,"O":0.0,"G":0.0,"A":0.0,"I":0.0,"HONEY":0.0,"MEAD":0.0,"BEEF":0.0,"D":0,"gpa":{"DFC":14900.0,"DMEADC":0.0,"DBEEFC":0.0,"DW":7500,"DS":7500,"DF":14000,"DC":0,"DO":0,"DG":0,"DA":0,"DI":0,"DHONEY":0,"DMEAD":0,"DBEEF":0,"FCR":100,"MEADCR":100,"BEEFCR":100,"MRW":25500,"SAFE_W":0.0,"MRS":25500,"SAFE_S":0.0,"MRF":25500,"SAFE_F":0.0,"MRC":0,"SAFE_C":0.0,"MRO":0,"SAFE_O":0.0,"MRG":0,"SAFE_G":0.0,"MRA":0,"SAFE_A":0.0,"MRI":0,"SAFE_I":0.0,"MRHONEY":0,"SAFE_HONEY":0.0,"MRMEAD":0,"SAFE_MEAD":0.0,"MRBEEF":0,"SAFE_BEEF":0.0,"P":0,"NDP":0,"R":0,"GRD":0,"RS1":398.0,"RS2":0.0,"RS3":0.0,"RSH":100,"BDB":167,"US":302,"AUS":605,"M":536.0,"RFPPA":0.52775407},"AC":[[14,128],[10,298],[620,694774],[778,11919],[242,77329],[241,59683],[651,13992]],"SHI":[],"HI":[],"TU":[],"MC":10,"B":1,"WS":0,"DW":0,"H":1,"OGT":0,"AOT":-1}]}]}

  json_payload:
{
  "C": [
    {
      "AI": [
        {
          "A": 0.0,
          "AC": [
            [
              195,
              10634
            ],
            [
              216,
              487478
            ],
            [
              461,
              20297
            ],
            [
              726,
              62
            ],
            [
              725,
              15
            ],
            [
              656,
              20
            ],
            [
              655,
              10
            ],
            [
              714,
              20
            ],
            [
              715,
              10
            ],
            [
              729,
              90
            ],
            [
              238,
              159797
            ],
            [
              369,
              25415
            ],
            [
              501,
              23347
            ],
            [
              500,
              13130
            ],
            [
              765,
              10
            ],
            [
              227,
              168633
            ],
            [
              760,
              10
            ],
            [
              217,
              9114
            ],
            [
              149,
              2971
            ],
            [
              215,
              676464
            ],
            [
              12,
              2950
            ],
            [
              11,
              800
            ],
            [
              10,
              1527
            ],
            [
              9,
              89
            ],
            [
              6,
              30
            ],
            [
              607,
              1140
            ],
            [
              63,
              1790
            ],
            [
              588,
              545
            ],
            [
              587,
              7
            ],
            [
              579,
              8
            ],
            [
              732,
              96
            ],
            [
              583,
              1525
            ],
            [
              967,
              9
            ],
            [
              580,
              105
            ],
            [
              776,
              5852
            ],
            [
              775,
              6547
            ],
            [
              577,
              6
            ],
            [
              576,
              63
            ],
            [
              771,
              4682
            ],
            [
              770,
              6252
            ],
            [
              178,
              4400
            ],
            [
              571,
              1
            ],
            [
              570,
              65
            ],
            [
              568,
              335
            ],
            [
              1,
              16300
            ],
            [
              169,
              18809
            ],
            [
              168,
              19862
            ],
            [
              167,
              18124
            ],
            [
              166,
              36490
            ],
            [
              165,
              83100
            ],
            [
              164,
              72670
            ],
            [
              163,
              13920
            ],
            [
              162,
              200
            ],
            [
              161,
              100
            ],
            [
              160,
              6000
            ],
            [
              158,
              5996
            ],
            [
              156,
              6000
            ],
            [
              154,
              6000
            ],
            [
              153,
              35980
            ],
            [
              152,
              65260
            ],
            [
              740,
              122300
            ],
            [
              739,
              128500
            ],
            [
              738,
              120100
            ],
            [
              737,
              171
            ],
            [
              735,
              1745
            ],
            [
              143,
              135346
            ],
            [
              142,
              128310
            ],
            [
              141,
              135193
            ],
            [
              611,
              16994
            ],
            [
              256,
              198
            ],
            [
              614,
              62993
            ],
            [
              512,
              219760
            ],
            [
              511,
              217360
            ],
            [
              115,
              100
            ],
            [
              107,
              47400
            ],
            [
              106,
              270150
            ],
            [
              476,
              15000
            ],
            [
              241,
              101113
            ],
            [
              490,
              204980
            ],
            [
              82,
              12100
            ],
            [
              81,
              14765
            ],
            [
              474,
              69880
            ],
            [
              77,
              4800
            ],
            [
              661,
              155
            ],
            [
              660,
              811
            ],
            [
              654,
              175
            ],
            [
              653,
              264
            ],
            [
              651,
              27507
            ],
            [
              650,
              7383
            ],
            [
              649,
              64454
            ],
            [
              648,
              1794
            ],
            [
              56,
              1
            ],
            [
              642,
              20
            ],
            [
              641,
              707
            ],
            [
              640,
              396
            ],
            [
              245,
              580
            ],
            [
              244,
              27890
            ],
            [
              243,
              7180
            ],
            [
              242,
              63271
            ],
            [
              635,
              685
            ],
            [
              240,
              89520
            ],
            [
              239,
              7000
            ],
            [
              734,
              298530
            ],
            [
              30,
              26550
            ],
            [
              620,
              451956
            ],
            [
              27,
              13939
            ],
            [
              26,
              24463
            ],
            [
              25,
              21031
            ],
            [
              812,
              4
            ],
            [
              811,
              60
            ],
            [
              810,
              120
            ],
            [
              808,
              65
            ],
            [
              807,
              120
            ],
            [
              17,
              100050
            ],
            [
              16,
              8655
            ],
            [
              407,
              16740
            ],
            [
              406,
              14000
            ],
            [
              405,
              244550
            ],
            [
              404,
              12930
            ],
            [
              971,
              9
            ],
            [
              777,
              1000
            ],
            [
              773,
              2200
            ],
            [
              774,
              1100
            ],
            [
              110,
              40004
            ],
            [
              627,
              236
            ],
            [
              626,
              87
            ],
            [
              625,
              1124
            ],
            [
              624,
              1040
            ],
            [
              105,
              1162
            ],
            [
              731,
              29676
            ],
            [
              730,
              12
            ],
            [
              315,
              77
            ],
            [
              647,
              12
            ],
            [
              645,
              4
            ],
            [
              637,
              87
            ],
            [
              634,
              2
            ],
            [
              300,
              113
            ],
            [
              112,
              35035
            ],
            [
              629,
              62
            ]
          ],
          "AID": 16011862,
          "AOT": -1,
          "B": 1,
          "BEEF": 0.0,
          "C": 98886.0,
          "D": 596,
          "DW": 1,
          "F": 749000.0,
          "G": 124000.0,
          "H": 1,
          "HI": [
            [
              461,
              3
            ],
            [
              369,
              3
            ],
            [
              501,
              3
            ],
            [
              227,
              15
            ],
            [
              500,
              1
            ],
            [
              238,
              15
            ]
          ],
          "HONEY": 231100.0,
          "I": 114570.0,
          "MC": 65,
          "MEAD": 20774664.0,
          "O": 124000.0,
          "OGT": 0,
          "S": 275397.97,
          "SHI": [],
          "TU": [],
          "W": 359331.56,
          "WS": 1,
          "gpa": {
            "AM": 100.0,
            "BDB": 200,
            "BEEFCR": 100,
            "BEEFM": 100.0,
            "CM": 100.0,
            "DA": 0,
            "DBEEF": 0,
            "DBEEFC": 0.0,
            "DC": 0,
            "DF": 543591,
            "DFC": 375580.0,
            "DG": 0,
            "DHONEY": 290410,
            "DI": 0,
            "DMEAD": 19337720,
            "DMEADC": 31886180.0,
            "DO": 0,
            "DS": 130,
            "DW": 10607,
            "FCR": 75,
            "FM": 310.80002,
            "GM": 100.0,
            "GRD": 0,
            "HONEYM": 137.0,
            "IM": 100.0,
            "M": 0,
            "MEADCR": 60,
            "MEADM": 207.8,
            "MP": 250,
            "MRA": 704000,
            "MRBEEF": 500000,
            "MRC": 124000,
            "MRF": 749000,
            "MRG": 124000,
            "MRHONEY": 106100,
            "MRI": 124000,
            "MRMEAD": 104950,
            "MRO": 124000,
            "MRS": 454000,
            "MRW": 454000,
            "NDP": 236402,
            "OM": 100.0,
            "P": 0,
            "R": 30,
            "RS1": 4986.0,
            "RS2": 1501.0,
            "RS3": 1501.0,
            "RSH": 1073,
            "S": 0,
            "SAFE_A": 4000.0,
            "SAFE_BEEF": 4000.0,
            "SAFE_C": 4000.0,
            "SAFE_F": 4000.0,
            "SAFE_G": 4000.0,
            "SAFE_HONEY": 4000.0,
            "SAFE_I": 4000.0,
            "SAFE_MEAD": 4000.0,
            "SAFE_O": 4000.0,
            "SAFE_S": 4000.0,
            "SAFE_W": 4000.0,
            "SM": 30.399998,
            "US": 0,
            "WM": 30.399998
          }
        },
        {
          "A": 0.0,
          "AC": [
            [
              607,
              7176
            ],
            [
              620,
              30491
            ]
          ],
          "AID": 16632819,
          "B": 1,
          "BEEF": 0.0,
          "C": 67802.0,
          "D": 105,
          "DW": 0,
          "F": 681000.0,
          "G": 54865.0,
          "H": 0,
          "HI": [],
          "HONEY": 0.0,
          "I": 80005.0,
          "MC": 0,
          "MEAD": 0.0,
          "O": 53892.0,
          "OGT": 0,
          "S": 56474.688,
          "SHI": [],
          "TU": [],
          "W": 47077.914,
          "WS": 0,
          "gpa": {
            "AM": 100.0,
            "BDB": 200,
            "BEEFCR": 100,
            "BEEFM": 100.0,
            "CM": 100.0,
            "DA": 0,
            "DBEEF": 0,
            "DBEEFC": 0.0,
            "DC": 0,
            "DF": 473979,
            "DFC": 143520.0,
            "DG": 0,
            "DHONEY": 0,
            "DI": 0,
            "DMEAD": 0,
            "DMEADC": 0.0,
            "DO": 0,
            "DS": 40,
            "DW": 40,
            "FCR": 90,
            "FM": 274.80002,
            "GM": 100.0,
            "GRD": 0,
            "HONEYM": 137.0,
            "IM": 100.0,
            "M": 0,
            "MEADCR": 100,
            "MEADM": 129.0,
            "MP": 250,
            "MRA": 601000,
            "MRBEEF": 0,
            "MRC": 81000,
            "MRF": 681000,
            "MRG": 81000,
            "MRHONEY": 0,
            "MRI": 81000,
            "MRMEAD": 0,
            "MRO": 81000,
            "MRS": 81000,
            "MRW": 81000,
            "NDP": 158765,
            "OM": 100.0,
            "P": 0,
            "R": 50,
            "RS1": 1259.0,
            "RS2": 0.0,
            "RS3": 0.0,
            "RSH": 921,
            "S": 0,
            "SAFE_A": 1000.0,
            "SAFE_BEEF": 1000.0,
            "SAFE_C": 1000.0,
            "SAFE_F": 1000.0,
            "SAFE_G": 1000.0,
            "SAFE_HONEY": 1000.0,
            "SAFE_I": 1000.0,
            "SAFE_MEAD": 1000.0,
            "SAFE_O": 1000.0,
            "SAFE_S": 1000.0,
            "SAFE_W": 1000.0,
            "SM": 26.399998,
            "US": 0,
            "WM": 26.399998
          }
        },
        {
          "A": 0.0,
          "AC": [
            [
              10,
              1
            ],
            [
              607,
              17544
            ],
            [
              620,
              16976
            ],
            [
              614,
              1919
            ]
          ],
          "AID": 16673031,
          "B": 1,
          "BEEF": 0.0,
          "C": 13730.0,
          "D": 80,
          "DW": 0,
          "F": 681000.0,
          "G": 11904.0,
          "H": 0,
          "HI": [],
          "HONEY": 102104.89,
          "I": 66246.0,
          "MC": 0,
          "MEAD": 300.0,
          "O": 33133.0,
          "OGT": 0,
          "S": 11541.31,
          "SHI": [],
          "TU": [],
          "W": 46092.06,
          "WS": 0,
          "gpa": {
            "AM": 100.0,
            "BDB": 175,
            "BEEFCR": 100,
            "BEEFM": 100.0,
            "CM": 100.0,
            "DA": 0,
            "DBEEF": 0,
            "DBEEFC": 0.0,
            "DC": 0,
            "DF": 637990,
            "DFC": 350930.0,
            "DG": 0,
            "DHONEY": 5394,
            "DI": 0,
            "DMEAD": 204427,
            "DMEADC": 0.0,
            "DO": 0,
            "DS": 25,
            "DW": 25,
            "FCR": 95,
            "FM": 298.80002,
            "GM": 100.0,
            "GRD": 0,
            "HONEYM": 137.0,
            "IM": 100.0,
            "M": 0,
            "MEADCR": 100,
            "MEADM": 129.0,
            "MP": 250,
            "MRA": 601000,
            "MRBEEF": 0,
            "MRC": 81000,
            "MRF": 681000,
            "MRG": 81000,
            "MRHONEY": 300,
            "MRI": 81000,
            "MRMEAD": 300,
            "MRO": 81000,
            "MRS": 81000,
            "MRW": 81000,
            "NDP": 185140,
            "OM": 100.0,
            "P": 0,
            "R": 55,
            "RS1": 1298.0,
            "RS2": 0.0,
            "RS3": 0.0,
            "RSH": 960,
            "S": 0,
            "SAFE_A": 1000.0,
            "SAFE_BEEF": 1000.0,
            "SAFE_C": 1000.0,
            "SAFE_F": 1000.0,
            "SAFE_G": 1000.0,
            "SAFE_HONEY": 1000.0,
            "SAFE_I": 1000.0,
            "SAFE_MEAD": 1000.0,
            "SAFE_O": 1000.0,
            "SAFE_S": 1000.0,
            "SAFE_W": 1000.0,
            "SM": 26.399998,
            "US": 0,
            "WM": 26.399998
          }
        }
      ],
      "KID": 0
    },
    {
      "AI": [
        {
          "A": 0.0,
          "AC": [
            [
              216,
              20919
            ],
            [
              277,
              5013
            ],
            [
              149,
              3756
            ],
            [
              6,
              25000
            ],
            [
              607,
              24730
            ],
            [
              10,
              138
            ],
            [
              9,
              7
            ],
            [
              689,
              320
            ],
            [
              688,
              320
            ],
            [
              5,
              25000
            ],
            [
              35,
              75124
            ],
            [
              34,
              35691
            ],
            [
              715,
              8149
            ],
            [
              714,
              11912
            ],
            [
              620,
              95225
            ],
            [
              641,
              188
            ],
            [
              17,
              150
            ],
            [
              614,
              86027
            ],
            [
              635,
              20
            ],
            [
              649,
              390
            ],
            [
              648,
              144
            ]
          ],
          "AID": 16366514,
          "AOT": -1,
          "B": 1,
          "BEEF": 0.0,
          "C": 67300.0,
          "D": 399,
          "DW": 0,
          "F": 599810.56,
          "G": 16505.0,
          "H": 0,
          "HI": [],
          "HONEY": 900.0,
          "I": 15301.0,
          "MC": 0,
          "MEAD": 450.0,
          "O": 1331000.0,
          "OGT": 0,
          "S": 81000.0,
          "SHI": [],
          "TU": [],
          "W": 81000.0,
          "WS": 1,
          "gpa": {
            "AM": 100.0,
            "BDB": 200,
            "BEEFCR": 100,
            "BEEFM": 100.0,
            "CM": 100.0,
            "DA": 0,
            "DBEEF": 0,
            "DBEEFC": 0.0,
            "DC": 0,
            "DF": 2252970,
            "DFC": 8351660.0,
            "DG": 0,
            "DHONEY": 712450,
            "DI": 0,
            "DMEAD": 5532627,
            "DMEADC": 418380.0,
            "DO": 0,
            "DS": 29,
            "DW": 7389,
            "FCR": 35,
            "FM": 604.0,
            "GM": 100.0,
            "GRD": 0,
            "HONEYM": 137.0,
            "IM": 100.0,
            "M": 0,
            "MEADCR": 100,
            "MEADM": 129.0,
            "MP": 0,
            "MRA": 601000,
            "MRBEEF": 250000,
            "MRC": 81000,
            "MRF": 646000,
            "MRG": 81000,
            "MRHONEY": 900,
            "MRI": 81000,
            "MRMEAD": 450,
            "MRO": 1331000,
            "MRS": 81000,
            "MRW": 81000,
            "NDP": 197955,
            "OM": 100.0,
            "P": 0,
            "R": 165,
            "RS1": 1535.0,
            "RS2": 577.0,
            "RS3": 0.0,
            "RSH": 1012,
            "S": 0,
            "SAFE_A": 1000.0,
            "SAFE_BEEF": 1000.0,
            "SAFE_C": 1000.0,
            "SAFE_F": 1000.0,
            "SAFE_G": 1000.0,
            "SAFE_HONEY": 1000.0,
            "SAFE_I": 1000.0,
            "SAFE_MEAD": 1000.0,
            "SAFE_O": 1000.0,
            "SAFE_S": 1000.0,
            "SAFE_W": 1000.0,
            "SM": 29.040005,
            "US": 0,
            "WM": 26.840004
          }
        }
      ],
      "KID": 1
    },
    {
      "AI": [
        {
          "A": 0.0,
          "AC": [
            [
              607,
              1596
            ],
            [
              620,
              27000
            ]
          ],
          "AID": 16366513,
          "AOT": -1,
          "B": 1,
          "BEEF": 0.0,
          "C": 4014.0,
          "D": 15,
          "DW": 0,
          "F": 51468.652,
          "G": 0.0,
          "H": 0,
          "HI": [],
          "HONEY": 0.0,
          "I": 0.0,
          "MC": 0,
          "MEAD": 0.0,
          "O": 0.0,
          "OGT": 0,
          "S": 60800.0,
          "SHI": [],
          "TU": [],
          "W": 60800.0,
          "WS": 0,
          "gpa": {
            "AM": 100.0,
            "BDB": 100,
            "BEEFCR": 100,
            "BEEFM": 100.0,
            "CM": 100.0,
            "DA": 0,
            "DBEEF": 0,
            "DBEEFC": 0.0,
            "DC": 0,
            "DF": 57686,
            "DFC": 31920.0,
            "DG": 0,
            "DHONEY": 0,
            "DI": 0,
            "DMEAD": 0,
            "DMEADC": 0.0,
            "DO": 0,
            "DS": 7860,
            "DW": 7655,
            "FCR": 100,
            "FM": 174.0,
            "GM": 100.0,
            "GRD": 0,
            "HONEYM": 137.0,
            "IM": 100.0,
            "M": 0,
            "MEADCR": 100,
            "MEADM": 129.0,
            "MP": 0,
            "MRA": 450800,
            "MRBEEF": 0,
            "MRC": 60800,
            "MRF": 60800,
            "MRG": 60800,
            "MRHONEY": 0,
            "MRI": 60800,
            "MRMEAD": 0,
            "MRO": 60800,
            "MRS": 60800,
            "MRW": 60800,
            "NDP": 29425,
            "OM": 100.0,
            "P": 0,
            "R": 40,
            "RS1": 766.0,
            "RS2": 0.0,
            "RS3": 0.0,
            "RSH": 443,
            "S": 0,
            "SAFE_A": 800.0,
            "SAFE_BEEF": 800.0,
            "SAFE_C": 800.0,
            "SAFE_F": 800.0,
            "SAFE_G": 800.0,
            "SAFE_HONEY": 800.0,
            "SAFE_I": 800.0,
            "SAFE_MEAD": 800.0,
            "SAFE_O": 800.0,
            "SAFE_S": 800.0,
            "SAFE_W": 800.0,
            "SM": 122.0,
            "US": 0,
            "WM": 122.0
          }
        }
      ],
      "KID": 2
    },
    {
      "AI": [
        {
          "A": 0.0,
          "AC": [
            [
              15,
              49
            ],
            [
              149,
              2374
            ],
            [
              607,
              13691
            ],
            [
              215,
              273727
            ],
            [
              216,
              401885
            ],
            [
              620,
              31000
            ],
            [
              641,
              5
            ],
            [
              614,
              6292
            ],
            [
              635,
              10
            ],
            [
              650,
              2650
            ]
          ],
          "AID": 16681051,
          "AOT": -1,
          "B": 1,
          "BEEF": 0.0,
          "C": 52557.0,
          "D": 150,
          "DW": 0,
          "F": 681000.0,
          "G": 15925.0,
          "H": 0,
          "HI": [],
          "HONEY": 2400.0,
          "I": 14717.0,
          "MC": 0,
          "MEAD": 102.70617,
          "O": 67970.0,
          "OGT": 0,
          "S": 81477.0,
          "SHI": [],
          "TU": [],
          "W": 81493.0,
          "WS": 0,
          "gpa": {
            "AM": 100.0,
            "BDB": 200,
            "BEEFCR": 100,
            "BEEFM": 100.0,
            "CM": 100.0,
            "DA": 0,
            "DBEEF": 0,
            "DBEEFC": 0.0,
            "DC": 0,
            "DF": 1072938,
            "DFC": 392520.0,
            "DG": 0,
            "DHONEY": 416175,
            "DI": 0,
            "DMEAD": 8107942,
            "DMEADC": 13513220.0,
            "DO": 0,
            "DS": 39,
            "DW": 39,
            "FCR": 95,
            "FM": 664.0,
            "GM": 100.0,
            "GRD": 0,
            "HONEYM": 137.0,
            "IM": 100.0,
            "M": 0,
            "MEADCR": 60,
            "MEADM": 214.0,
            "MP": 0,
            "MRA": 601000,
            "MRBEEF": 250000,
            "MRC": 81000,
            "MRF": 681000,
            "MRG": 81000,
            "MRHONEY": 2400,
            "MRI": 81000,
            "MRMEAD": 950,
            "MRO": 81000,
            "MRS": 81000,
            "MRW": 81000,
            "NDP": 220410,
            "OM": 100.0,
            "P": 0,
            "R": 35,
            "RS1": 5898.0,
            "RS2": 0.0,
            "RS3": 0.0,
            "RSH": 1060,
            "S": 0,
            "SAFE_A": 1000.0,
            "SAFE_BEEF": 1000.0,
            "SAFE_C": 1000.0,
            "SAFE_F": 1000.0,
            "SAFE_G": 1000.0,
            "SAFE_HONEY": 1000.0,
            "SAFE_I": 1000.0,
            "SAFE_MEAD": 1000.0,
            "SAFE_O": 1000.0,
            "SAFE_S": 1000.0,
            "SAFE_W": 1000.0,
            "SM": 26.840004,
            "US": 0,
            "WM": 26.840004
          }
        }
      ],
      "KID": 3
    },
    {
      "AI": [],
      "KID": 4
    },
    {
      "AI": [
        {
          "A": 0.0,
          "AC": [
            [
              14,
              128
            ],
            [
              10,
              298
            ],
            [
              620,
              694774
            ],
            [
              778,
              11919
            ],
            [
              242,
              77329
            ],
            [
              241,
              59683
            ],
            [
              651,
              13992
            ]
          ],
          "AID": 293,
          "AOT": -1,
          "B": 1,
          "BEEF": 0.0,
          "C": 0.0,
          "D": 0,
          "DW": 0,
          "F": 11206.09,
          "G": 0.0,
          "H": 1,
          "HI": [],
          "HONEY": 0.0,
          "I": 0.0,
          "MC": 10,
          "MEAD": 0.0,
          "O": 0.0,
          "OGT": 0,
          "S": 24483.203,
          "SHI": [],
          "TU": [],
          "W": 24303.203,
          "WS": 0,
          "gpa": {
            "AUS": 605,
            "BDB": 167,
            "BEEFCR": 100,
            "DA": 0,
            "DBEEF": 0,
            "DBEEFC": 0.0,
            "DC": 0,
            "DF": 14000,
            "DFC": 14900.0,
            "DG": 0,
            "DHONEY": 0,
            "DI": 0,
            "DMEAD": 0,
            "DMEADC": 0.0,
            "DO": 0,
            "DS": 7500,
            "DW": 7500,
            "FCR": 100,
            "GRD": 0,
            "M": 536.0,
            "MEADCR": 100,
            "MRA": 0,
            "MRBEEF": 0,
            "MRC": 0,
            "MRF": 25500,
            "MRG": 0,
            "MRHONEY": 0,
            "MRI": 0,
            "MRMEAD": 0,
            "MRO": 0,
            "MRS": 25500,
            "MRW": 25500,
            "NDP": 0,
            "P": 0,
            "R": 0,
            "RFPPA": 0.52775407,
            "RS1": 398.0,
            "RS2": 0.0,
            "RS3": 0.0,
            "RSH": 100,
            "SAFE_A": 0.0,
            "SAFE_BEEF": 0.0,
            "SAFE_C": 0.0,
            "SAFE_F": 0.0,
            "SAFE_G": 0.0,
            "SAFE_HONEY": 0.0,
            "SAFE_I": 0.0,
            "SAFE_MEAD": 0.0,
            "SAFE_O": 0.0,
            "SAFE_S": 0.0,
            "SAFE_W": 0.0,
            "US": 302
          }
        }
      ],
      "KID": 10
    }
  ],
  "PID": 16862926
}

  raw:
%xt%dcl%1%0%{"PID":16862926,"C":[{"KID":0,"AI":[{"AID":16011862,"W":359331.56,"S":275397.97,"F":749000.0,"C":98886.0,"O":124000.0,"G":124000.0,"A":0.0,"I":114570.0,"HONEY":231100.0,"MEAD":2.0774664E7,"BEEF":0.0,"D":596,"gpa":{"DFC":375580.0,"DMEADC":3.188618E7,"DBEEFC":0.0,"DW":10607,"DS":130,"DF":543591,"DC":0,"DO":0,"DG":0,"DA":0,"DI":0,"DHONEY":290410,"DMEAD":19337720,"DBEEF":0,"S":0,"WM":30.399998,"SM":30.399998,"FM":310.80002,"CM":100.0,"OM":100.0,"GM":100.0,"AM":100.0,"IM":100.0,"HONEYM":137.0,"MEADM":207.8,"BEEFM":100.0,"MP":250,"FCR":75,"MEADCR":60,"BEEFCR":100,"MRW":454000,"SAFE_W":4000.0,"MRS":454000,"SAFE_S":4000.0,"MRF":749000,"SAFE_F":4000.0,"MRC":124000,"SAFE_C":4000.0,"MRO":124000,"SAFE_O":4000.0,"MRG":124000,"SAFE_G":4000.0,"MRA":704000,"SAFE_A":4000.0,"MRI":124000,"SAFE_I":4000.0,"MRHONEY":106100,"SAFE_HONEY":4000.0,"MRMEAD":104950,"SAFE_MEAD":4000.0,"MRBEEF":500000,"SAFE_BEEF":4000.0,"P":0,"NDP":236402,"R":30,"GRD":0,"RS1":4986.0,"RS2":1501.0,"RS3":1501.0,"RSH":1073,"BDB":200,"US":0,"M":0},"AC":[[195,10634],[216,487478],[461,20297],[726,62],[725,15],[656,20],[655,10],[714,20],[715,10],[729,90],[238,159797],[369,25415],[501,23347],[500,13130],[765,10],[227,168633],[760,10],[217,9114],[149,2971],[215,676464],[12,2950],[11,800],[10,1527],[9,89],[6,30],[607,1140],[63,1790],[588,545],[587,7],[579,8],[732,96],[583,1525],[967,9],[580,105],[776,5852],[775,6547],[577,6],[576,63],[771,4682],[770,6252],[178,4400],[571,1],[570,65],[568,335],[1,16300],[169,18809],[168,19862],[167,18124],[166,36490],[165,83100],[164,72670],[163,13920],[162,200],[161,100],[160,6000],[158,5996],[156,6000],[154,6000],[153,35980],[152,65260],[740,122300],[739,128500],[738,120100],[737,171],[735,1745],[143,135346],[142,128310],[141,135193],[611,16994],[256,198],[614,62993],[512,219760],[511,217360],[115,100],[107,47400],[106,270150],[476,15000],[241,101113],[490,204980],[82,12100],[81,14765],[474,69880],[77,4800],[661,155],[660,811],[654,175],[653,264],[651,27507],[650,7383],[649,64454],[648,1794],[56,1],[642,20],[641,707],[640,396],[245,580],[244,27890],[243,7180],[242,63271],[635,685],[240,89520],[239,7000],[734,298530],[30,26550],[620,451956],[27,13939],[26,24463],[25,21031],[812,4],[811,60],[810,120],[808,65],[807,120],[17,100050],[16,8655],[407,16740],[406,14000],[405,244550],[404,12930],[971,9],[777,1000],[773,2200],[774,1100],[110,40004],[627,236],[626,87],[625,1124],[624,1040],[105,1162],[731,29676],[730,12],[315,77],[647,12],[645,4],[637,87],[634,2],[300,113],[112,35035],[629,62]],"SHI":[],"HI":[[461,3],[369,3],[501,3],[227,15],[500,1],[238,15]],"TU":[],"MC":65,"B":1,"WS":1,"DW":1,"H":1,"OGT":0,"AOT":-1},{"AID":16632819,"W":47077.914,"S":56474.688,"F":681000.0,"C":67802.0,"O":53892.0,"G":54865.0,"A":0.0,"I":80005.0,"HONEY":0.0,"MEAD":0.0,"BEEF":0.0,"D":105,"gpa":{"DFC":143520.0,"DMEADC":0.0,"DBEEFC":0.0,"DW":40,"DS":40,"DF":473979,"DC":0,"DO":0,"DG":0,"DA":0,"DI":0,"DHONEY":0,"DMEAD":0,"DBEEF":0,"S":0,"WM":26.399998,"SM":26.399998,"FM":274.80002,"CM":100.0,"OM":100.0,"GM":100.0,"AM":100.0,"IM":100.0,"HONEYM":137.0,"MEADM":129.0,"BEEFM":100.0,"MP":250,"FCR":90,"MEADCR":100,"BEEFCR":100,"MRW":81000,"SAFE_W":1000.0,"MRS":81000,"SAFE_S":1000.0,"MRF":681000,"SAFE_F":1000.0,"MRC":81000,"SAFE_C":1000.0,"MRO":81000,"SAFE_O":1000.0,"MRG":81000,"SAFE_G":1000.0,"MRA":601000,"SAFE_A":1000.0,"MRI":81000,"SAFE_I":1000.0,"MRHONEY":0,"SAFE_HONEY":1000.0,"MRMEAD":0,"SAFE_MEAD":1000.0,"MRBEEF":0,"SAFE_BEEF":1000.0,"P":0,"NDP":158765,"R":50,"GRD":0,"RS1":1259.0,"RS2":0.0,"RS3":0.0,"RSH":921,"BDB":200,"US":0,"M":0},"AC":[[607,7176],[620,30491]],"SHI":[],"HI":[],"TU":[],"MC":0,"B":1,"WS":0,"DW":0,"H":0,"OGT":0},{"AID":16673031,"W":46092.06,"S":11541.31,"F":681000.0,"C":13730.0,"O":33133.0,"G":11904.0,"A":0.0,"I":66246.0,"HONEY":102104.89,"MEAD":300.0,"BEEF":0.0,"D":80,"gpa":{"DFC":350930.0,"DMEADC":0.0,"DBEEFC":0.0,"DW":25,"DS":25,"DF":637990,"DC":0,"DO":0,"DG":0,"DA":0,"DI":0,"DHONEY":5394,"DMEAD":204427,"DBEEF":0,"S":0,"WM":26.399998,"SM":26.399998,"FM":298.80002,"CM":100.0,"OM":100.0,"GM":100.0,"AM":100.0,"IM":100.0,"HONEYM":137.0,"MEADM":129.0,"BEEFM":100.0,"MP":250,"FCR":95,"MEADCR":100,"BEEFCR":100,"MRW":81000,"SAFE_W":1000.0,"MRS":81000,"SAFE_S":1000.0,"MRF":681000,"SAFE_F":1000.0,"MRC":81000,"SAFE_C":1000.0,"MRO":81000,"SAFE_O":1000.0,"MRG":81000,"SAFE_G":1000.0,"MRA":601000,"SAFE_A":1000.0,"MRI":81000,"SAFE_I":1000.0,"MRHONEY":300,"SAFE_HONEY":1000.0,"MRMEAD":300,"SAFE_MEAD":1000.0,"MRBEEF":0,"SAFE_BEEF":1000.0,"P":0,"NDP":185140,"R":55,"GRD":0,"RS1":1298.0,"RS2":0.0,"RS3":0.0,"RSH":960,"BDB":175,"US":0,"M":0},"AC":[[10,1],[607,17544],[620,16976],[614,1919]],"SHI":[],"HI":[],"TU":[],"MC":0,"B":1,"WS":0,"DW":0,"H":0,"OGT":0}]},{"KID":1,"AI":[{"AID":16366514,"W":81000.0,"S":81000.0,"F":599810.56,"C":67300.0,"O":1331000.0,"G":16505.0,"A":0.0,"I":15301.0,"HONEY":900.0,"MEAD":450.0,"BEEF":0.0,"D":399,"gpa":{"DFC":8351660.0,"DMEADC":418380.0,"DBEEFC":0.0,"DW":7389,"DS":29,"DF":2252970,"DC":0,"DO":0,"DG":0,"DA":0,"DI":0,"DHONEY":712450,"DMEAD":5532627,"DBEEF":0,"S":0,"WM":26.840004,"SM":29.040005,"FM":604.0,"CM":100.0,"OM":100.0,"GM":100.0,"AM":100.0,"IM":100.0,"HONEYM":137.0,"MEADM":129.0,"BEEFM":100.0,"MP":0,"FCR":35,"MEADCR":100,"BEEFCR":100,"MRW":81000,"SAFE_W":1000.0,"MRS":81000,"SAFE_S":1000.0,"MRF":646000,"SAFE_F":1000.0,"MRC":81000,"SAFE_C":1000.0,"MRO":1331000,"SAFE_O":1000.0,"MRG":81000,"SAFE_G":1000.0,"MRA":601000,"SAFE_A":1000.0,"MRI":81000,"SAFE_I":1000.0,"MRHONEY":900,"SAFE_HONEY":1000.0,"MRMEAD":450,"SAFE_MEAD":1000.0,"MRBEEF":250000,"SAFE_BEEF":1000.0,"P":0,"NDP":197955,"R":165,"GRD":0,"RS1":1535.0,"RS2":577.0,"RS3":0.0,"RSH":1012,"BDB":200,"US":0,"M":0},"AC":[[216,20919],[277,5013],[149,3756],[6,25000],[607,24730],[10,138],[9,7],[689,320],[688,320],[5,25000],[35,75124],[34,35691],[715,8149],[714,11912],[620,95225],[641,188],[17,150],[614,86027],[635,20],[649,390],[648,144]],"SHI":[],"HI":[],"TU":[],"MC":0,"B":1,"WS":1,"DW":0,"H":0,"OGT":0,"AOT":-1}]},{"KID":2,"AI":[{"AID":16366513,"W":60800.0,"S":60800.0,"F":51468.652,"C":4014.0,"O":0.0,"G":0.0,"A":0.0,"I":0.0,"HONEY":0.0,"MEAD":0.0,"BEEF":0.0,"D":15,"gpa":{"DFC":31920.0,"DMEADC":0.0,"DBEEFC":0.0,"DW":7655,"DS":7860,"DF":57686,"DC":0,"DO":0,"DG":0,"DA":0,"DI":0,"DHONEY":0,"DMEAD":0,"DBEEF":0,"S":0,"WM":122.0,"SM":122.0,"FM":174.0,"CM":100.0,"OM":100.0,"GM":100.0,"AM":100.0,"IM":100.0,"HONEYM":137.0,"MEADM":129.0,"BEEFM":100.0,"MP":0,"FCR":100,"MEADCR":100,"BEEFCR":100,"MRW":60800,"SAFE_W":800.0,"MRS":60800,"SAFE_S":800.0,"MRF":60800,"SAFE_F":800.0,"MRC":60800,"SAFE_C":800.0,"MRO":60800,"SAFE_O":800.0,"MRG":60800,"SAFE_G":800.0,"MRA":450800,"SAFE_A":800.0,"MRI":60800,"SAFE_I":800.0,"MRHONEY":0,"SAFE_HONEY":800.0,"MRMEAD":0,"SAFE_MEAD":800.0,"MRBEEF":0,"SAFE_BEEF":800.0,"P":0,"NDP":29425,"R":40,"GRD":0,"RS1":766.0,"RS2":0.0,"RS3":0.0,"RSH":443,"BDB":100,"US":0,"M":0},"AC":[[607,1596],[620,27000]],"SHI":[],"HI":[],"TU":[],"MC":0,"B":1,"WS":0,"DW":0,"H":0,"OGT":0,"AOT":-1}]},{"KID":3,"AI":[{"AID":16681051,"W":81493.0,"S":81477.0,"F":681000.0,"C":52557.0,"O":67970.0,"G":15925.0,"A":0.0,"I":14717.0,"HONEY":2400.0,"MEAD":102.70617,"BEEF":0.0,"D":150,"gpa":{"DFC":392520.0,"DMEADC":1.351322E7,"DBEEFC":0.0,"DW":39,"DS":39,"DF":1072938,"DC":0,"DO":0,"DG":0,"DA":0,"DI":0,"DHONEY":416175,"DMEAD":8107942,"DBEEF":0,"S":0,"WM":26.840004,"SM":26.840004,"FM":664.0,"CM":100.0,"OM":100.0,"GM":100.0,"AM":100.0,"IM":100.0,"HONEYM":137.0,"MEADM":214.0,"BEEFM":100.0,"MP":0,"FCR":95,"MEADCR":60,"BEEFCR":100,"MRW":81000,"SAFE_W":1000.0,"MRS":81000,"SAFE_S":1000.0,"MRF":681000,"SAFE_F":1000.0,"MRC":81000,"SAFE_C":1000.0,"MRO":81000,"SAFE_O":1000.0,"MRG":81000,"SAFE_G":1000.0,"MRA":601000,"SAFE_A":1000.0,"MRI":81000,"SAFE_I":1000.0,"MRHONEY":2400,"SAFE_HONEY":1000.0,"MRMEAD":950,"SAFE_MEAD":1000.0,"MRBEEF":250000,"SAFE_BEEF":1000.0,"P":0,"NDP":220410,"R":35,"GRD":0,"RS1":5898.0,"RS2":0.0,"RS3":0.0,"RSH":1060,"BDB":200,"US":0,"M":0},"AC":[[15,49],[149,2374],[607,13691],[215,273727],[216,401885],[620,31000],[641,5],[614,6292],[635,10],[650,2650]],"SHI":[],"HI":[],"TU":[],"MC":0,"B":1,"WS":0,"DW":0,"H":0,"OGT":0,"AOT":-1}]},{"KID":4,"AI":[]},{"KID":10,"AI":[{"AID":293,"W":24303.203,"S":24483.203,"F":11206.09,"C":0.0,"O":0.0,"G":0.0,"A":0.0,"I":0.0,"HONEY":0.0,"MEAD":0.0,"BEEF":0.0,"D":0,"gpa":{"DFC":14900.0,"DMEADC":0.0,"DBEEFC":0.0,"DW":7500,"DS":7500,"DF":14000,"DC":0,"DO":0,"DG":0,"DA":0,"DI":0,"DHONEY":0,"DMEAD":0,"DBEEF":0,"FCR":100,"MEADCR":100,"BEEFCR":100,"MRW":25500,"SAFE_W":0.0,"MRS":25500,"SAFE_S":0.0,"MRF":25500,"SAFE_F":0.0,"MRC":0,"SAFE_C":0.0,"MRO":0,"SAFE_O":0.0,"MRG":0,"SAFE_G":0.0,"MRA":0,"SAFE_A":0.0,"MRI":0,"SAFE_I":0.0,"MRHONEY":0,"SAFE_HONEY":0.0,"MRMEAD":0,"SAFE_MEAD":0.0,"MRBEEF":0,"SAFE_BEEF":0.0,"P":0,"NDP":0,"R":0,"GRD":0,"RS1":398.0,"RS2":0.0,"RS3":0.0,"RSH":100,"BDB":167,"US":302,"AUS":605,"M":536.0,"RFPPA":0.52775407},"AC":[[14,128],[10,298],[620,694774],[778,11919],[242,77329],[241,59683],[651,13992]],"SHI":[],"HI":[],"TU":[],"MC":10,"B":1,"WS":0,"DW":0,"H":1,"OGT":0,"AOT":-1}]}]}%
---
[10:57:54.845] SERVER -> CLIENT
XT PACKET
  fields:
    type: xt
    command: gkl
    request_id: 1
    status: 0
    payload: {"AI":[]}

  json_payload:
{
  "AI": []
}

  raw:
%xt%gkl%1%0%{"AI":[]}%
---
[10:57:54.847] SERVER -> CLIENT
XT PACKET
  fields:
    type: xt
    command: gml
    request_id: 1
    status: 0
    payload: {"AI":[]}

  json_payload:
{
  "AI": []
}

  raw:
%xt%gml%1%0%{"AI":[]}%
---
[10:57:54.849] SERVER -> CLIENT
XT PACKET
  fields:
    type: xt
    command: gll
    request_id: 1
    status: 0
    payload: {"AI":[]}

  json_payload:
{
  "AI": []
}

  raw:
%xt%gll%1%0%{"AI":[]}%
---
[10:57:54.850] SERVER -> CLIENT
XT PACKET
  fields:
    type: xt
    command: gpa
    request_id: 1
    status: 0
    payload: {"DFC":8351660.0,"DMEADC":418380.0,"DBEEFC":0.0,"DW":7389,"DS":29,"DF":2252970,"DC":0,"DO":0,"DG":0,"DA":0,"DI":0,"DHONEY":712450,"DMEAD":5532627,"DBEEF":0,"S":0,"WM":26.840004,"SM":29.040005,"FM":604.0,"CM":100.0,"OM":100.0,"GM":100.0,"AM":100.0,"IM":100.0,"HONEYM":137.0,"MEADM":129.0,"BEEFM":100.0,"MP":0,"FCR":35,"MEADCR":100,"BEEFCR":100,"MRW":81000,"SAFE_W":1000.0,"MRS":81000,"SAFE_S":1000.0,"MRF":646000,"SAFE_F":1000.0,"MRC":81000,"SAFE_C":1000.0,"MRO":1331000,"SAFE_O":1000.0,"MRG":81000,"SAFE_G":1000.0,"MRA":601000,"SAFE_A":1000.0,"MRI":81000,"SAFE_I":1000.0,"MRHONEY":900,"SAFE_HONEY":1000.0,"MRMEAD":450,"SAFE_MEAD":1000.0,"MRBEEF":250000,"SAFE_BEEF":1000.0,"P":0,"NDP":197955,"R":165,"GRD":0,"RS1":1535.0,"RS2":577.0,"RS3":0.0,"RSH":1012,"BDB":200,"US":0,"M":0}

  json_payload:
{
  "AM": 100.0,
  "BDB": 200,
  "BEEFCR": 100,
  "BEEFM": 100.0,
  "CM": 100.0,
  "DA": 0,
  "DBEEF": 0,
  "DBEEFC": 0.0,
  "DC": 0,
  "DF": 2252970,
  "DFC": 8351660.0,
  "DG": 0,
  "DHONEY": 712450,
  "DI": 0,
  "DMEAD": 5532627,
  "DMEADC": 418380.0,
  "DO": 0,
  "DS": 29,
  "DW": 7389,
  "FCR": 35,
  "FM": 604.0,
  "GM": 100.0,
  "GRD": 0,
  "HONEYM": 137.0,
  "IM": 100.0,
  "M": 0,
  "MEADCR": 100,
  "MEADM": 129.0,
  "MP": 0,
  "MRA": 601000,
  "MRBEEF": 250000,
  "MRC": 81000,
  "MRF": 646000,
  "MRG": 81000,
  "MRHONEY": 900,
  "MRI": 81000,
  "MRMEAD": 450,
  "MRO": 1331000,
  "MRS": 81000,
  "MRW": 81000,
  "NDP": 197955,
  "OM": 100.0,
  "P": 0,
  "R": 165,
  "RS1": 1535.0,
  "RS2": 577.0,
  "RS3": 0.0,
  "RSH": 1012,
  "S": 0,
  "SAFE_A": 1000.0,
  "SAFE_BEEF": 1000.0,
  "SAFE_C": 1000.0,
  "SAFE_F": 1000.0,
  "SAFE_G": 1000.0,
  "SAFE_HONEY": 1000.0,
  "SAFE_I": 1000.0,
  "SAFE_MEAD": 1000.0,
  "SAFE_O": 1000.0,
  "SAFE_S": 1000.0,
  "SAFE_W": 1000.0,
  "SM": 29.040005,
  "US": 0,
  "WM": 26.840004
}

  raw:
%xt%gpa%1%0%{"DFC":8351660.0,"DMEADC":418380.0,"DBEEFC":0.0,"DW":7389,"DS":29,"DF":2252970,"DC":0,"DO":0,"DG":0,"DA":0,"DI":0,"DHONEY":712450,"DMEAD":5532627,"DBEEF":0,"S":0,"WM":26.840004,"SM":29.040005,"FM":604.0,"CM":100.0,"OM":100.0,"GM":100.0,"AM":100.0,"IM":100.0,"HONEYM":137.0,"MEADM":129.0,"BEEFM":100.0,"MP":0,"FCR":35,"MEADCR":100,"BEEFCR":100,"MRW":81000,"SAFE_W":1000.0,"MRS":81000,"SAFE_S":1000.0,"MRF":646000,"SAFE_F":1000.0,"MRC":81000,"SAFE_C":1000.0,"MRO":1331000,"SAFE_O":1000.0,"MRG":81000,"SAFE_G":1000.0,"MRA":601000,"SAFE_A":1000.0,"MRI":81000,"SAFE_I":1000.0,"MRHONEY":900,"SAFE_HONEY":1000.0,"MRMEAD":450,"SAFE_MEAD":1000.0,"MRBEEF":250000,"SAFE_BEEF":1000.0,"P":0,"NDP":197955,"R":165,"GRD":0,"RS1":1535.0,"RS2":577.0,"RS3":0.0,"RSH":1012,"BDB":200,"US":0,"M":0}%
---
[10:57:54.869] SERVER -> CLIENT
XT PACKET
  fields:
    type: xt
    command: spl
    request_id: 1
    status: 0
    payload: {"PS":{"WID":607,"TUA":6,"CBS":0,"RAH":true,"PID":1856803142,"RCT":1,"ICT":75,"SPID":84970755},"QS":[{"P":{"WID":607,"TUA":216,"CBS":0,"RAH":true,"PID":84970755},"SI":{"RUT":-1,"VIP":0}},{"P":{"WID":607,"TUA":228,"CBS":0,"RAH":true,"PID":1630837501},"SI":{"RUT":-1,"VIP":0}},{"SI":{"RUT":1678842,"VIP":1}},{"SI":{"RUT":1678842,"VIP":1}},{"SI":{"RUT":296578,"VIP":0}}],"RM":0,"TCT":5551,"LID":0}

  json_payload:
{
  "LID": 0,
  "PS": {
    "CBS": 0,
    "ICT": 75,
    "PID": 1856803142,
    "RAH": true,
    "RCT": 1,
    "SPID": 84970755,
    "TUA": 6,
    "WID": 607
  },
  "QS": [
    {
      "P": {
        "CBS": 0,
        "PID": 84970755,
        "RAH": true,
        "TUA": 216,
        "WID": 607
      },
      "SI": {
        "RUT": -1,
        "VIP": 0
      }
    },
    {
      "P": {
        "CBS": 0,
        "PID": 1630837501,
        "RAH": true,
        "TUA": 228,
        "WID": 607
      },
      "SI": {
        "RUT": -1,
        "VIP": 0
      }
    },
    {
      "SI": {
        "RUT": 1678842,
        "VIP": 1
      }
    },
    {
      "SI": {
        "RUT": 1678842,
        "VIP": 1
      }
    },
    {
      "SI": {
        "RUT": 296578,
        "VIP": 0
      }
    }
  ],
  "RM": 0,
  "TCT": 5551
}

  raw:
%xt%spl%1%0%{"PS":{"WID":607,"TUA":6,"CBS":0,"RAH":true,"PID":1856803142,"RCT":1,"ICT":75,"SPID":84970755},"QS":[{"P":{"WID":607,"TUA":216,"CBS":0,"RAH":true,"PID":84970755},"SI":{"RUT":-1,"VIP":0}},{"P":{"WID":607,"TUA":228,"CBS":0,"RAH":true,"PID":1630837501},"SI":{"RUT":-1,"VIP":0}},{"SI":{"RUT":1678842,"VIP":1}},{"SI":{"RUT":1678842,"VIP":1}},{"SI":{"RUT":296578,"VIP":0}}],"RM":0,"TCT":5551,"LID":0}%
---
[10:57:54.961] SERVER -> CLIENT
XT PACKET
  fields:
    type: xt
    command: gui
    request_id: 1
    status: 0
    payload: {"I":[[216,20919],[277,5013],[149,3756],[6,25000],[607,24730],[10,138],[9,7],[689,320],[688,320],[5,25000],[35,75124],[34,35691],[715,8149],[714,11912],[620,95225],[641,188],[17,150],[614,86027],[635,20],[649,390],[648,144]],"SHI":[],"HI":[],"TU":[]}

  json_payload:
{
  "HI": [],
  "I": [
    [
      216,
      20919
    ],
    [
      277,
      5013
    ],
    [
      149,
      3756
    ],
    [
      6,
      25000
    ],
    [
      607,
      24730
    ],
    [
      10,
      138
    ],
    [
      9,
      7
    ],
    [
      689,
      320
    ],
    [
      688,
      320
    ],
    [
      5,
      25000
    ],
    [
      35,
      75124
    ],
    [
      34,
      35691
    ],
    [
      715,
      8149
    ],
    [
      714,
      11912
    ],
    [
      620,
      95225
    ],
    [
      641,
      188
    ],
    [
      17,
      150
    ],
    [
      614,
      86027
    ],
    [
      635,
      20
    ],
    [
      649,
      390
    ],
    [
      648,
      144
    ]
  ],
  "SHI": [],
  "TU": []
}

  raw:
%xt%gui%1%0%{"I":[[216,20919],[277,5013],[149,3756],[6,25000],[607,24730],[10,138],[9,7],[689,320],[688,320],[5,25000],[35,75124],[34,35691],[715,8149],[714,11912],[620,95225],[641,188],[17,150],[614,86027],[635,20],[649,390],[648,144]],"SHI":[],"HI":[],"TU":[]}%
---
[10:57:55.124] SERVER -> CLIENT
XT PACKET
  fields:
    type: xt
    command: gpa
    request_id: 1
    status: 0
    payload: {"DFC":8351780.0,"DMEADC":418380.0,"DBEEFC":0.0,"DW":7389,"DS":29,"DF":2252970,"DC":0,"DO":0,"DG":0,"DA":0,"DI":0,"DHONEY":712450,"DMEAD":5532627,"DBEEF":0,"S":0,"WM":26.840004,"SM":29.040005,"FM":604.0,"CM":100.0,"OM":100.0,"GM":100.0,"AM":100.0,"IM":100.0,"HONEYM":137.0,"MEADM":129.0,"BEEFM":100.0,"MP":0,"FCR":35,"MEADCR":100,"BEEFCR":100,"MRW":81000,"SAFE_W":1000.0,"MRS":81000,"SAFE_S":1000.0,"MRF":646000,"SAFE_F":1000.0,"MRC":81000,"SAFE_C":1000.0,"MRO":1331000,"SAFE_O":1000.0,"MRG":81000,"SAFE_G":1000.0,"MRA":601000,"SAFE_A":1000.0,"MRI":81000,"SAFE_I":1000.0,"MRHONEY":900,"SAFE_HONEY":1000.0,"MRMEAD":450,"SAFE_MEAD":1000.0,"MRBEEF":250000,"SAFE_BEEF":1000.0,"P":0,"NDP":197955,"R":165,"GRD":0,"RS1":1535.0,"RS2":577.0,"RS3":0.0,"RSH":1012,"BDB":200,"US":0,"M":0}

  json_payload:
{
  "AM": 100.0,
  "BDB": 200,
  "BEEFCR": 100,
  "BEEFM": 100.0,
  "CM": 100.0,
  "DA": 0,
  "DBEEF": 0,
  "DBEEFC": 0.0,
  "DC": 0,
  "DF": 2252970,
  "DFC": 8351780.0,
  "DG": 0,
  "DHONEY": 712450,
  "DI": 0,
  "DMEAD": 5532627,
  "DMEADC": 418380.0,
  "DO": 0,
  "DS": 29,
  "DW": 7389,
  "FCR": 35,
  "FM": 604.0,
  "GM": 100.0,
  "GRD": 0,
  "HONEYM": 137.0,
  "IM": 100.0,
  "M": 0,
  "MEADCR": 100,
  "MEADM": 129.0,
  "MP": 0,
  "MRA": 601000,
  "MRBEEF": 250000,
  "MRC": 81000,
  "MRF": 646000,
  "MRG": 81000,
  "MRHONEY": 900,
  "MRI": 81000,
  "MRMEAD": 450,
  "MRO": 1331000,
  "MRS": 81000,
  "MRW": 81000,
  "NDP": 197955,
  "OM": 100.0,
  "P": 0,
  "R": 165,
  "RS1": 1535.0,
  "RS2": 577.0,
  "RS3": 0.0,
  "RSH": 1012,
  "S": 0,
  "SAFE_A": 1000.0,
  "SAFE_BEEF": 1000.0,
  "SAFE_C": 1000.0,
  "SAFE_F": 1000.0,
  "SAFE_G": 1000.0,
  "SAFE_HONEY": 1000.0,
  "SAFE_I": 1000.0,
  "SAFE_MEAD": 1000.0,
  "SAFE_O": 1000.0,
  "SAFE_S": 1000.0,
  "SAFE_W": 1000.0,
  "SM": 29.040005,
  "US": 0,
  "WM": 26.840004
}

  raw:
%xt%gpa%1%0%{"DFC":8351780.0,"DMEADC":418380.0,"DBEEFC":0.0,"DW":7389,"DS":29,"DF":2252970,"DC":0,"DO":0,"DG":0,"DA":0,"DI":0,"DHONEY":712450,"DMEAD":5532627,"DBEEF":0,"S":0,"WM":26.840004,"SM":29.040005,"FM":604.0,"CM":100.0,"OM":100.0,"GM":100.0,"AM":100.0,"IM":100.0,"HONEYM":137.0,"MEADM":129.0,"BEEFM":100.0,"MP":0,"FCR":35,"MEADCR":100,"BEEFCR":100,"MRW":81000,"SAFE_W":1000.0,"MRS":81000,"SAFE_S":1000.0,"MRF":646000,"SAFE_F":1000.0,"MRC":81000,"SAFE_C":1000.0,"MRO":1331000,"SAFE_O":1000.0,"MRG":81000,"SAFE_G":1000.0,"MRA":601000,"SAFE_A":1000.0,"MRI":81000,"SAFE_I":1000.0,"MRHONEY":900,"SAFE_HONEY":1000.0,"MRMEAD":450,"SAFE_MEAD":1000.0,"MRBEEF":250000,"SAFE_BEEF":1000.0,"P":0,"NDP":197955,"R":165,"GRD":0,"RS1":1535.0,"RS2":577.0,"RS3":0.0,"RSH":1012,"BDB":200,"US":0,"M":0}%
---
[10:57:55.125] SERVER -> CLIENT
XT PACKET
  fields:
    type: xt
    command: rue
    request_id: 1
    status: 0
    payload: {"AID":16366514,"SID":1,"WID":607,"NUA":24736,"RUA":6}

  json_payload:
{
  "AID": 16366514,
  "NUA": 24736,
  "RUA": 6,
  "SID": 1,
  "WID": 607
}

  raw:
%xt%rue%1%0%{"AID":16366514,"SID":1,"WID":607,"NUA":24736,"RUA":6}%
---
[10:57:55.163] CLIENT -> SERVER
XT PACKET
  fields:
    type: xt
    server_header: EmpireEx_21
    command: spl
    request_id: 1
    payload: {"LID":0}

  json_payload:
{
  "LID": 0
}

  raw:
%xt%EmpireEx_21%spl%1%{"LID":0}%
---
[10:57:55.277] SERVER -> CLIENT
XT PACKET
  fields:
    type: xt
    command: spl
    request_id: 1
    status: 0
    payload: {"PS":{"WID":607,"TUA":6,"CBS":0,"RAH":true,"PID":12390782,"RCT":75,"ICT":75,"SPID":84970755},"QS":[{"P":{"WID":607,"TUA":210,"CBS":0,"RAH":true,"PID":84970755},"SI":{"RUT":-1,"VIP":0}},{"P":{"WID":607,"TUA":228,"CBS":0,"RAH":true,"PID":1630837501},"SI":{"RUT":-1,"VIP":0}},{"SI":{"RUT":1678841,"VIP":1}},{"SI":{"RUT":1678841,"VIP":1}},{"SI":{"RUT":296577,"VIP":0}}],"RM":0,"TCT":5550,"LID":0}

  json_payload:
{
  "LID": 0,
  "PS": {
    "CBS": 0,
    "ICT": 75,
    "PID": 12390782,
    "RAH": true,
    "RCT": 75,
    "SPID": 84970755,
    "TUA": 6,
    "WID": 607
  },
  "QS": [
    {
      "P": {
        "CBS": 0,
        "PID": 84970755,
        "RAH": true,
        "TUA": 210,
        "WID": 607
      },
      "SI": {
        "RUT": -1,
        "VIP": 0
      }
    },
    {
      "P": {
        "CBS": 0,
        "PID": 1630837501,
        "RAH": true,
        "TUA": 228,
        "WID": 607
      },
      "SI": {
        "RUT": -1,
        "VIP": 0
      }
    },
    {
      "SI": {
        "RUT": 1678841,
        "VIP": 1
      }
    },
    {
      "SI": {
        "RUT": 1678841,
        "VIP": 1
      }
    },
    {
      "SI": {
        "RUT": 296577,
        "VIP": 0
      }
    }
  ],
  "RM": 0,
  "TCT": 5550
}

  raw:
%xt%spl%1%0%{"PS":{"WID":607,"TUA":6,"CBS":0,"RAH":true,"PID":12390782,"RCT":75,"ICT":75,"SPID":84970755},"QS":[{"P":{"WID":607,"TUA":210,"CBS":0,"RAH":true,"PID":84970755},"SI":{"RUT":-1,"VIP":0}},{"P":{"WID":607,"TUA":228,"CBS":0,"RAH":true,"PID":1630837501},"SI":{"RUT":-1,"VIP":0}},{"SI":{"RUT":1678841,"VIP":1}},{"SI":{"RUT":1678841,"VIP":1}},{"SI":{"RUT":296577,"VIP":0}}],"RM":0,"TCT":5550,"LID":0}%
---
[10:57:58.200] CLIENT -> SERVER
XT PACKET
  fields:
    type: xt
    server_header: EmpireEx_21
    command: bup
    request_id: 1
    payload: {"LID":0,"WID":607,"AMT":190,"PO":-1,"PWR":0,"SK":73,"SID":1,"AID":16366514}

  json_payload:
{
  "AID": 16366514,
  "AMT": 190,
  "LID": 0,
  "PO": -1,
  "PWR": 0,
  "SID": 1,
  "SK": 73,
  "WID": 607
}

  raw:
%xt%EmpireEx_21%bup%1%{"LID":0,"WID":607,"AMT":190,"PO":-1,"PWR":0,"SK":73,"SID":1,"AID":16366514}%
---
[10:57:58.346] SERVER -> CLIENT
XT PACKET
  fields:
    type: xt
    command: gcu
    request_id: 1
    status: 0
    payload: {"C1":2147474527,"C2":72536}

  json_payload:
{
  "C1": 2147474527,
  "C2": 72536
}

  raw:
%xt%gcu%1%0%{"C1":2147474527,"C2":72536}%
---
[10:57:58.347] SERVER -> CLIENT
XT PACKET
  fields:
    type: xt
    command: sce
    request_id: 1
    status: 0
    payload: []

  json_payload:
[]

  raw:
%xt%sce%1%0%[]%
---
[10:57:58.348] SERVER -> CLIENT
XT PACKET
  fields:
    type: xt
    command: bup
    request_id: 1
    status: 0
    payload: {"spl":{"PS":{"WID":607,"TUA":6,"CBS":0,"RAH":true,"PID":12390782,"RCT":72,"ICT":75,"SPID":84970755},"QS":[{"P":{"WID":607,"TUA":210,"CBS":0,"RAH":true,"PID":84970755},"SI":{"RUT":-1,"VIP":0}},{"P":{"WID":607,"TUA":228,"CBS":0,"RAH":true,"PID":1630837501},"SI":{"RUT":-1,"VIP":0}},{"P":{"WID":607,"TUA":190,"CBS":0,"RAH":false,"PID":1662135431},"SI":{"RUT":1678838,"VIP":1}},{"SI":{"RUT":1678838,"VIP":1}},{"SI":{"RUT":296574,"VIP":0}}],"RM":0,"TCT":8397,"LID":0},"grc":{"AID":16366514,"W":81000.0,"S":81000.0,"F":599736.06,"C":67300.0,"O":1331000.0,"G":16505.0,"A":0.0,"I":15301.0,"HONEY":900.0,"MEAD":450.0,"BEEF":0.0,"KID":1},"gcu":{"C1":2147474527,"C2":72536}}

  json_payload:
{
  "gcu": {
    "C1": 2147474527,
    "C2": 72536
  },
  "grc": {
    "A": 0.0,
    "AID": 16366514,
    "BEEF": 0.0,
    "C": 67300.0,
    "F": 599736.06,
    "G": 16505.0,
    "HONEY": 900.0,
    "I": 15301.0,
    "KID": 1,
    "MEAD": 450.0,
    "O": 1331000.0,
    "S": 81000.0,
    "W": 81000.0
  },
  "spl": {
    "LID": 0,
    "PS": {
      "CBS": 0,
      "ICT": 75,
      "PID": 12390782,
      "RAH": true,
      "RCT": 72,
      "SPID": 84970755,
      "TUA": 6,
      "WID": 607
    },
    "QS": [
      {
        "P": {
          "CBS": 0,
          "PID": 84970755,
          "RAH": true,
          "TUA": 210,
          "WID": 607
        },
        "SI": {
          "RUT": -1,
          "VIP": 0
        }
      },
      {
        "P": {
          "CBS": 0,
          "PID": 1630837501,
          "RAH": true,
          "TUA": 228,
          "WID": 607
        },
        "SI": {
          "RUT": -1,
          "VIP": 0
        }
      },
      {
        "P": {
          "CBS": 0,
          "PID": 1662135431,
          "RAH": false,
          "TUA": 190,
          "WID": 607
        },
        "SI": {
          "RUT": 1678838,
          "VIP": 1
        }
      },
      {
        "SI": {
          "RUT": 1678838,
          "VIP": 1
        }
      },
      {
        "SI": {
          "RUT": 296574,
          "VIP": 0
        }
      }
    ],
    "RM": 0,
    "TCT": 8397
  }
}

  raw:
%xt%bup%1%0%{"spl":{"PS":{"WID":607,"TUA":6,"CBS":0,"RAH":true,"PID":12390782,"RCT":72,"ICT":75,"SPID":84970755},"QS":[{"P":{"WID":607,"TUA":210,"CBS":0,"RAH":true,"PID":84970755},"SI":{"RUT":-1,"VIP":0}},{"P":{"WID":607,"TUA":228,"CBS":0,"RAH":true,"PID":1630837501},"SI":{"RUT":-1,"VIP":0}},{"P":{"WID":607,"TUA":190,"CBS":0,"RAH":false,"PID":1662135431},"SI":{"RUT":1678838,"VIP":1}},{"SI":{"RUT":1678838,"VIP":1}},{"SI":{"RUT":296574,"VIP":0}}],"RM":0,"TCT":8397,"LID":0},"grc":{"AID":16366514,"W":81000.0,"S":81000.0,"F":599736.06,"C":67300.0,"O":1331000.0,"G":16505.0,"A":0.0,"I":15301.0,"HONEY":900.0,"MEAD":450.0,"BEEF":0.0,"KID":1},"gcu":{"C1":2147474527,"C2":72536}}%
---
[10:57:58.448] CLIENT -> SERVER
XT PACKET
  fields:
    type: xt
    server_header: EmpireEx_21
    command: bup
    request_id: 1
    payload: {"LID":0,"WID":607,"AMT":190,"PO":-1,"PWR":0,"SK":73,"SID":1,"AID":16366514}

  json_payload:
{
  "AID": 16366514,
  "AMT": 190,
  "LID": 0,
  "PO": -1,
  "PWR": 0,
  "SID": 1,
  "SK": 73,
  "WID": 607
}

  raw:
%xt%EmpireEx_21%bup%1%{"LID":0,"WID":607,"AMT":190,"PO":-1,"PWR":0,"SK":73,"SID":1,"AID":16366514}%
---
[10:57:58.553] SERVER -> CLIENT
XT PACKET
  fields:
    type: xt
    command: gcu
    request_id: 1
    status: 0
    payload: {"C1":2147465407,"C2":72536}

  json_payload:
{
  "C1": 2147465407,
  "C2": 72536
}

  raw:
%xt%gcu%1%0%{"C1":2147465407,"C2":72536}%
---
[10:57:58.563] SERVER -> CLIENT
XT PACKET
  fields:
    type: xt
    command: sce
    request_id: 1
    status: 0
    payload: []

  json_payload:
[]

  raw:
%xt%sce%1%0%[]%
---
[10:57:58.565] SERVER -> CLIENT
XT PACKET
  fields:
    type: xt
    command: bup
    request_id: 1
    status: 0
    payload: {"spl":{"PS":{"WID":607,"TUA":6,"CBS":0,"RAH":true,"PID":12390782,"RCT":72,"ICT":75,"SPID":84970755},"QS":[{"P":{"WID":607,"TUA":210,"CBS":0,"RAH":true,"PID":84970755},"SI":{"RUT":-1,"VIP":0}},{"P":{"WID":607,"TUA":228,"CBS":0,"RAH":true,"PID":1630837501},"SI":{"RUT":-1,"VIP":0}},{"P":{"WID":607,"TUA":190,"CBS":0,"RAH":false,"PID":1662135431},"SI":{"RUT":1678838,"VIP":1}},{"P":{"WID":607,"TUA":190,"CBS":0,"RAH":false,"PID":644092592},"SI":{"RUT":1678838,"VIP":1}},{"SI":{"RUT":296574,"VIP":0}}],"RM":0,"TCT":11247,"LID":0},"grc":{"AID":16366514,"W":81000.0,"S":81000.0,"F":599736.06,"C":67300.0,"O":1331000.0,"G":16505.0,"A":0.0,"I":15301.0,"HONEY":900.0,"MEAD":450.0,"BEEF":0.0,"KID":1},"gcu":{"C1":2147465407,"C2":72536}}

  json_payload:
{
  "gcu": {
    "C1": 2147465407,
    "C2": 72536
  },
  "grc": {
    "A": 0.0,
    "AID": 16366514,
    "BEEF": 0.0,
    "C": 67300.0,
    "F": 599736.06,
    "G": 16505.0,
    "HONEY": 900.0,
    "I": 15301.0,
    "KID": 1,
    "MEAD": 450.0,
    "O": 1331000.0,
    "S": 81000.0,
    "W": 81000.0
  },
  "spl": {
    "LID": 0,
    "PS": {
      "CBS": 0,
      "ICT": 75,
      "PID": 12390782,
      "RAH": true,
      "RCT": 72,
      "SPID": 84970755,
      "TUA": 6,
      "WID": 607
    },
    "QS": [
      {
        "P": {
          "CBS": 0,
          "PID": 84970755,
          "RAH": true,
          "TUA": 210,
          "WID": 607
        },
        "SI": {
          "RUT": -1,
          "VIP": 0
        }
      },
      {
        "P": {
          "CBS": 0,
          "PID": 1630837501,
          "RAH": true,
          "TUA": 228,
          "WID": 607
        },
        "SI": {
          "RUT": -1,
          "VIP": 0
        }
      },
      {
        "P": {
          "CBS": 0,
          "PID": 1662135431,
          "RAH": false,
          "TUA": 190,
          "WID": 607
        },
        "SI": {
          "RUT": 1678838,
          "VIP": 1
        }
      },
      {
        "P": {
          "CBS": 0,
          "PID": 644092592,
          "RAH": false,
          "TUA": 190,
          "WID": 607
        },
        "SI": {
          "RUT": 1678838,
          "VIP": 1
        }
      },
      {
        "SI": {
          "RUT": 296574,
          "VIP": 0
        }
      }
    ],
    "RM": 0,
    "TCT": 11247
  }
}

  raw:
%xt%bup%1%0%{"spl":{"PS":{"WID":607,"TUA":6,"CBS":0,"RAH":true,"PID":12390782,"RCT":72,"ICT":75,"SPID":84970755},"QS":[{"P":{"WID":607,"TUA":210,"CBS":0,"RAH":true,"PID":84970755},"SI":{"RUT":-1,"VIP":0}},{"P":{"WID":607,"TUA":228,"CBS":0,"RAH":true,"PID":1630837501},"SI":{"RUT":-1,"VIP":0}},{"P":{"WID":607,"TUA":190,"CBS":0,"RAH":false,"PID":1662135431},"SI":{"RUT":1678838,"VIP":1}},{"P":{"WID":607,"TUA":190,"CBS":0,"RAH":false,"PID":644092592},"SI":{"RUT":1678838,"VIP":1}},{"SI":{"RUT":296574,"VIP":0}}],"RM":0,"TCT":11247,"LID":0},"grc":{"AID":16366514,"W":81000.0,"S":81000.0,"F":599736.06,"C":67300.0,"O":1331000.0,"G":16505.0,"A":0.0,"I":15301.0,"HONEY":900.0,"MEAD":450.0,"BEEF":0.0,"KID":1},"gcu":{"C1":2147465407,"C2":72536}}%
---
[10:57:58.627] CLIENT -> SERVER
XT PACKET
  fields:
    type: xt
    server_header: EmpireEx_21
    command: bup
    request_id: 1
    payload: {"LID":0,"WID":607,"AMT":190,"PO":-1,"PWR":0,"SK":73,"SID":1,"AID":16366514}

  json_payload:
{
  "AID": 16366514,
  "AMT": 190,
  "LID": 0,
  "PO": -1,
  "PWR": 0,
  "SID": 1,
  "SK": 73,
  "WID": 607
}

  raw:
%xt%EmpireEx_21%bup%1%{"LID":0,"WID":607,"AMT":190,"PO":-1,"PWR":0,"SK":73,"SID":1,"AID":16366514}%
---
[10:57:58.750] SERVER -> CLIENT
XT PACKET
  fields:
    type: xt
    command: gcu
    request_id: 1
    status: 0
    payload: {"C1":2147456287,"C2":72536}

  json_payload:
{
  "C1": 2147456287,
  "C2": 72536
}

  raw:
%xt%gcu%1%0%{"C1":2147456287,"C2":72536}%
---
[10:57:58.752] SERVER -> CLIENT
XT PACKET
  fields:
    type: xt
    command: sce
    request_id: 1
    status: 0
    payload: []

  json_payload:
[]

  raw:
%xt%sce%1%0%[]%
---
[10:57:58.753] SERVER -> CLIENT
XT PACKET
  fields:
    type: xt
    command: bup
    request_id: 1
    status: 0
    payload: {"spl":{"PS":{"WID":607,"TUA":6,"CBS":0,"RAH":true,"PID":12390782,"RCT":72,"ICT":75,"SPID":84970755},"QS":[{"P":{"WID":607,"TUA":210,"CBS":0,"RAH":true,"PID":84970755},"SI":{"RUT":-1,"VIP":0}},{"P":{"WID":607,"TUA":228,"CBS":0,"RAH":true,"PID":1630837501},"SI":{"RUT":-1,"VIP":0}},{"P":{"WID":607,"TUA":190,"CBS":0,"RAH":false,"PID":1662135431},"SI":{"RUT":1678838,"VIP":1}},{"P":{"WID":607,"TUA":190,"CBS":0,"RAH":false,"PID":644092592},"SI":{"RUT":1678838,"VIP":1}},{"P":{"WID":607,"TUA":190,"CBS":0,"RAH":false,"PID":958206513},"SI":{"RUT":296574,"VIP":0}}],"RM":0,"TCT":14097,"LID":0},"grc":{"AID":16366514,"W":81000.0,"S":81000.0,"F":599736.06,"C":67300.0,"O":1331000.0,"G":16505.0,"A":0.0,"I":15301.0,"HONEY":900.0,"MEAD":450.0,"BEEF":0.0,"KID":1},"gcu":{"C1":2147456287,"C2":72536}}

  json_payload:
{
  "gcu": {
    "C1": 2147456287,
    "C2": 72536
  },
  "grc": {
    "A": 0.0,
    "AID": 16366514,
    "BEEF": 0.0,
    "C": 67300.0,
    "F": 599736.06,
    "G": 16505.0,
    "HONEY": 900.0,
    "I": 15301.0,
    "KID": 1,
    "MEAD": 450.0,
    "O": 1331000.0,
    "S": 81000.0,
    "W": 81000.0
  },
  "spl": {
    "LID": 0,
    "PS": {
      "CBS": 0,
      "ICT": 75,
      "PID": 12390782,
      "RAH": true,
      "RCT": 72,
      "SPID": 84970755,
      "TUA": 6,
      "WID": 607
    },
    "QS": [
      {
        "P": {
          "CBS": 0,
          "PID": 84970755,
          "RAH": true,
          "TUA": 210,
          "WID": 607
        },
        "SI": {
          "RUT": -1,
          "VIP": 0
        }
      },
      {
        "P": {
          "CBS": 0,
          "PID": 1630837501,
          "RAH": true,
          "TUA": 228,
          "WID": 607
        },
        "SI": {
          "RUT": -1,
          "VIP": 0
        }
      },
      {
        "P": {
          "CBS": 0,
          "PID": 1662135431,
          "RAH": false,
          "TUA": 190,
          "WID": 607
        },
        "SI": {
          "RUT": 1678838,
          "VIP": 1
        }
      },
      {
        "P": {
          "CBS": 0,
          "PID": 644092592,
          "RAH": false,
          "TUA": 190,
          "WID": 607
        },
        "SI": {
          "RUT": 1678838,
          "VIP": 1
        }
      },
      {
        "P": {
          "CBS": 0,
          "PID": 958206513,
          "RAH": false,
          "TUA": 190,
          "WID": 607
        },
        "SI": {
          "RUT": 296574,
          "VIP": 0
        }
      }
    ],
    "RM": 0,
    "TCT": 14097
  }
}

  raw:
%xt%bup%1%0%{"spl":{"PS":{"WID":607,"TUA":6,"CBS":0,"RAH":true,"PID":12390782,"RCT":72,"ICT":75,"SPID":84970755},"QS":[{"P":{"WID":607,"TUA":210,"CBS":0,"RAH":true,"PID":84970755},"SI":{"RUT":-1,"VIP":0}},{"P":{"WID":607,"TUA":228,"CBS":0,"RAH":true,"PID":1630837501},"SI":{"RUT":-1,"VIP":0}},{"P":{"WID":607,"TUA":190,"CBS":0,"RAH":false,"PID":1662135431},"SI":{"RUT":1678838,"VIP":1}},{"P":{"WID":607,"TUA":190,"CBS":0,"RAH":false,"PID":644092592},"SI":{"RUT":1678838,"VIP":1}},{"P":{"WID":607,"TUA":190,"CBS":0,"RAH":false,"PID":958206513},"SI":{"RUT":296574,"VIP":0}}],"RM":0,"TCT":14097,"LID":0},"grc":{"AID":16366514,"W":81000.0,"S":81000.0,"F":599736.06,"C":67300.0,"O":1331000.0,"G":16505.0,"A":0.0,"I":15301.0,"HONEY":900.0,"MEAD":450.0,"BEEF":0.0,"KID":1},"gcu":{"C1":2147456287,"C2":72536}}%
---
[10:57:58.779] CLIENT -> SERVER
XT PACKET
  fields:
    type: xt
    server_header: EmpireEx_21
    command: bup
    request_id: 1
    payload: {"LID":0,"WID":607,"AMT":190,"PO":-1,"PWR":0,"SK":73,"SID":1,"AID":16366514}

  json_payload:
{
  "AID": 16366514,
  "AMT": 190,
  "LID": 0,
  "PO": -1,
  "PWR": 0,
  "SID": 1,
  "SK": 73,
  "WID": 607
}

  raw:
%xt%EmpireEx_21%bup%1%{"LID":0,"WID":607,"AMT":190,"PO":-1,"PWR":0,"SK":73,"SID":1,"AID":16366514}%
---
[10:57:58.915] SERVER -> CLIENT
XT PACKET
  fields:
    type: xt
    command: bup
    request_id: 1
    status: 63
    payload: {"LID":0,"WID":607,"AMT":190}

  json_payload:
{
  "AMT": 190,
  "LID": 0,
  "WID": 607
}

  raw:
%xt%bup%1%63%{"LID":0,"WID":607,"AMT":190}%
---
[10:58:00.219] CLIENT -> SERVER
XT PACKET
  fields:
    type: xt
    server_header: EmpireEx_21
    command: ahr
    request_id: 1
    payload: {"ID":0,"T":6}

  json_payload:
{
  "ID": 0,
  "T": 6
}

  raw:
%xt%EmpireEx_21%ahr%1%{"ID":0,"T":6}%
---
[10:58:00.342] SERVER -> CLIENT
XT PACKET
  fields:
    type: xt
    command: ahh
    request_id: 1
    status: 0
    payload: {"LID":66555,"P":0,"PID":16862926,"PN":"Ventrilo","TID":6,"AC":0,"RT":14095,"OP":{"AID":16366514,"SID":1,"RLID":0},"TSL":-1}

  json_payload:
{
  "AC": 0,
  "LID": 66555,
  "OP": {
    "AID": 16366514,
    "RLID": 0,
    "SID": 1
  },
  "P": 0,
  "PID": 16862926,
  "PN": "Ventrilo",
  "RT": 14095,
  "TID": 6,
  "TSL": -1
}

  raw:
%xt%ahh%1%0%{"LID":66555,"P":0,"PID":16862926,"PN":"Ventrilo","TID":6,"AC":0,"RT":14095,"OP":{"AID":16366514,"SID":1,"RLID":0},"TSL":-1}%
---
[10:58:00.586] SERVER -> CLIENT
XT PACKET
  fields:
    type: xt
    command: ahf
    request_id: 1
    status: 0
    payload: {"PN":["Iceybola"],"LID":66555}

  json_payload:
{
  "LID": 66555,
  "PN": [
    "Iceybola"
  ]
}

  raw:
%xt%ahf%1%0%{"PN":["Iceybola"],"LID":66555}%
---
[10:58:00.587] SERVER -> CLIENT
XT PACKET
  fields:
    type: xt
    command: ahh
    request_id: 1
    status: 0
    payload: {"LID":66555,"P":1,"PID":16862926,"PN":"Ventrilo","TID":6,"AC":0,"RT":14095,"OP":{"AID":16366514,"SID":1,"RLID":0},"TSL":-1}

  json_payload:
{
  "AC": 0,
  "LID": 66555,
  "OP": {
    "AID": 16366514,
    "RLID": 0,
    "SID": 1
  },
  "P": 1,
  "PID": 16862926,
  "PN": "Ventrilo",
  "RT": 14095,
  "TID": 6,
  "TSL": -1
}

  raw:
%xt%ahh%1%0%{"LID":66555,"P":1,"PID":16862926,"PN":"Ventrilo","TID":6,"AC":0,"RT":14095,"OP":{"AID":16366514,"SID":1,"RLID":0},"TSL":-1}%
---
[10:58:00.599] SERVER -> CLIENT
XT PACKET
  fields:
    type: xt
    command: ahf
    request_id: 1
    status: 0
    payload: {"PN":["Nobelius"],"LID":66555}

  json_payload:
{
  "LID": 66555,
  "PN": [
    "Nobelius"
  ]
}

  raw:
%xt%ahf%1%0%{"PN":["Nobelius"],"LID":66555}%
---
[10:58:00.603] SERVER -> CLIENT
XT PACKET
  fields:
    type: xt
    command: ahh
    request_id: 1
    status: 0
    payload: {"LID":66555,"P":2,"PID":16862926,"PN":"Ventrilo","TID":6,"AC":0,"RT":14095,"OP":{"AID":16366514,"SID":1,"RLID":0},"TSL":-1}

  json_payload:
{
  "AC": 0,
  "LID": 66555,
  "OP": {
    "AID": 16366514,
    "RLID": 0,
    "SID": 1
  },
  "P": 2,
  "PID": 16862926,
  "PN": "Ventrilo",
  "RT": 14095,
  "TID": 6,
  "TSL": -1
}

  raw:
%xt%ahh%1%0%{"LID":66555,"P":2,"PID":16862926,"PN":"Ventrilo","TID":6,"AC":0,"RT":14095,"OP":{"AID":16366514,"SID":1,"RLID":0},"TSL":-1}%
---
[10:58:00.656] SERVER -> CLIENT
XT PACKET
  fields:
    type: xt
    command: ahf
    request_id: 1
    status: 0
    payload: {"PN":["ElementWarrior"],"LID":66555}

  json_payload:
{
  "LID": 66555,
  "PN": [
    "ElementWarrior"
  ]
}

  raw:
%xt%ahf%1%0%{"PN":["ElementWarrior"],"LID":66555}%
---
[10:58:00.660] SERVER -> CLIENT
XT PACKET
  fields:
    type: xt
    command: ahh
    request_id: 1
    status: 0
    payload: {"LID":66555,"P":3,"PID":16862926,"PN":"Ventrilo","TID":6,"AC":0,"RT":14095,"OP":{"AID":16366514,"SID":1,"RLID":0},"TSL":-1}

  json_payload:
{
  "AC": 0,
  "LID": 66555,
  "OP": {
    "AID": 16366514,
    "RLID": 0,
    "SID": 1
  },
  "P": 3,
  "PID": 16862926,
  "PN": "Ventrilo",
  "RT": 14095,
  "TID": 6,
  "TSL": -1
}

  raw:
%xt%ahh%1%0%{"LID":66555,"P":3,"PID":16862926,"PN":"Ventrilo","TID":6,"AC":0,"RT":14095,"OP":{"AID":16366514,"SID":1,"RLID":0},"TSL":-1}%
---
[10:58:00.671] SERVER -> CLIENT
XT PACKET
  fields:
    type: xt
    command: spl
    request_id: 1
    status: 0
    payload: {"PS":{"WID":607,"TUA":6,"CBS":0,"RAH":true,"PID":12390782,"RCT":70,"ICT":75,"SPID":84970755},"QS":[{"P":{"WID":607,"TUA":210,"CBS":0,"RAH":true,"PID":84970755},"SI":{"RUT":-1,"VIP":0}},{"P":{"WID":607,"TUA":228,"CBS":0,"RAH":true,"PID":1630837501},"SI":{"RUT":-1,"VIP":0}},{"P":{"WID":607,"TUA":228,"CBS":0,"RAH":true,"PID":1662135431},"SI":{"RUT":1678836,"VIP":1}},{"P":{"WID":607,"TUA":228,"CBS":0,"RAH":true,"PID":644092592},"SI":{"RUT":1678836,"VIP":1}},{"P":{"WID":607,"TUA":228,"CBS":0,"RAH":true,"PID":958206513},"SI":{"RUT":296572,"VIP":0}}],"RM":0,"TCT":14095,"LID":0}

  json_payload:
{
  "LID": 0,
  "PS": {
    "CBS": 0,
    "ICT": 75,
    "PID": 12390782,
    "RAH": true,
    "RCT": 70,
    "SPID": 84970755,
    "TUA": 6,
    "WID": 607
  },
  "QS": [
    {
      "P": {
        "CBS": 0,
        "PID": 84970755,
        "RAH": true,
        "TUA": 210,
        "WID": 607
      },
      "SI": {
        "RUT": -1,
        "VIP": 0
      }
    },
    {
      "P": {
        "CBS": 0,
        "PID": 1630837501,
        "RAH": true,
        "TUA": 228,
        "WID": 607
      },
      "SI": {
        "RUT": -1,
        "VIP": 0
      }
    },
    {
      "P": {
        "CBS": 0,
        "PID": 1662135431,
        "RAH": true,
        "TUA": 228,
        "WID": 607
      },
      "SI": {
        "RUT": 1678836,
        "VIP": 1
      }
    },
    {
      "P": {
        "CBS": 0,
        "PID": 644092592,
        "RAH": true,
        "TUA": 228,
        "WID": 607
      },
      "SI": {
        "RUT": 1678836,
        "VIP": 1
      }
    },
    {
      "P": {
        "CBS": 0,
        "PID": 958206513,
        "RAH": true,
        "TUA": 228,
        "WID": 607
      },
      "SI": {
        "RUT": 296572,
        "VIP": 0
      }
    }
  ],
  "RM": 0,
  "TCT": 14095
}

  raw:
%xt%spl%1%0%{"PS":{"WID":607,"TUA":6,"CBS":0,"RAH":true,"PID":12390782,"RCT":70,"ICT":75,"SPID":84970755},"QS":[{"P":{"WID":607,"TUA":210,"CBS":0,"RAH":true,"PID":84970755},"SI":{"RUT":-1,"VIP":0}},{"P":{"WID":607,"TUA":228,"CBS":0,"RAH":true,"PID":1630837501},"SI":{"RUT":-1,"VIP":0}},{"P":{"WID":607,"TUA":228,"CBS":0,"RAH":true,"PID":1662135431},"SI":{"RUT":1678836,"VIP":1}},{"P":{"WID":607,"TUA":228,"CBS":0,"RAH":true,"PID":644092592},"SI":{"RUT":1678836,"VIP":1}},{"P":{"WID":607,"TUA":228,"CBS":0,"RAH":true,"PID":958206513},"SI":{"RUT":296572,"VIP":0}}],"RM":0,"TCT":14095,"LID":0}%
---
[10:58:00.672] SERVER -> CLIENT
XT PACKET
  fields:
    type: xt
    command: ahd
    request_id: 1
    status: 0
    payload: {"LID":66555}

  json_payload:
{
  "LID": 66555
}

  raw:
%xt%ahd%1%0%{"LID":66555}%
---
