---
[17:18:01.186] CLIENT -> SERVER
XT PACKET
  fields:
    type: xt
    server_header: EmpireEx_21
    command: gaa
    request_id: 1
    payload: {"KID":1,"AX1":543,"AY1":615,"AX2":555,"AY2":627}

  json_payload:
{
  "AX1": 543,
  "AX2": 555,
  "AY1": 615,
  "AY2": 627,
  "KID": 1
}

  raw:
%xt%EmpireEx_21%gaa%1%{"KID":1,"AX1":543,"AY1":615,"AX2":555,"AY2":627}%
---
[17:18:01.325] SERVER -> CLIENT
XT PACKET
  fields:
    type: xt
    command: gaa
    request_id: 1
    status: 0
    payload: {"KID":1,"uap":{"KID":1,"NS":-1,"PMS":-1,"PMT":0},"OI":[{"OID":3719096,"DUM":false,"N":"piesman","E":{"BGT":0,"BGC1":14408394,"BGC2":11993088,"SPT":2,"S1":47,"SC1":1644825,"S2":47,"SC2":1644825,"IS":1},"L":70,"LL":194,"H":0,"AVP":30630,"CF":81635,"HF":2721592,"PRE":103,"SUF":-1,"TOPX":-1,"MP":216296,"R":1,"AID":-1,"RPT":0,"AP":[[0,4311121,666,603,1],[1,6874221,551,627,12],[2,5010824,588,635,12],[3,9476130,698,661,12]],"VP":[],"SA":0,"VF":0,"PF":0,"RRD":0,"TI":-1,"RNP":-1},{"OID":17292549,"DUM":false,"N":"teodolinda ilie","E":{"BGT":3,"BGC1":39783,"BGC2":1644825,"SPT":4,"S1":3,"SC1":1644825,"S2":9,"SC2":39783,"IS":1},"L":70,"LL":950,"H":0,"AVP":94555,"CF":312076754,"HF":317887671,"PRE":13,"SUF":29,"TOPX":-1,"MP":19076175,"R":0,"AID":147040,"AR":8,"AN":"Reaping Forest","aee":{"ACCA":{"ACLI":3,"ACCS":[18,10]},"ACFB":{}},"RPT":0,"AP":[[0,16293247,657,538,4],[0,16298665,672,541,4],[0,16299091,648,545,1],[0,16316810,655,544,4],[1,16329396,604,760,12],[2,16310947,545,582,12],[3,16337599,574,778,12],[4,220,665,626,12]],"VP":[[1,309707,629,631,10],[1,796371,624,712,10],[1,1248366,555,617,10],[1,1266278,551,729,10],[1,1397511,593,747,10],[1,1475479,615,750,10],[1,1616854,615,761,10],[1,1670964,601,763,10],[1,1670968,603,758,10],[1,2322292,668,787,10],[1,2345729,604,788,10],[1,2569616,501,794,10],[1,2572463,698,801,10],[1,2572466,692,802,10],[1,2811759,481,716,10],[1,2826865,631,807,10],[1,3412563,457,837,10],[1,3780000,583,854,10],[1,3783670,616,855,10],[1,3783676,620,848,10],[1,4158375,587,859,10],[1,4232810,612,400,10],[1,4440066,594,878,10],[1,11129191,1017,263,10],[1,11129207,1017,271,10],[1,11582444,271,249,10],[1,11975448,851,235,10],[1,12084445,991,412,10],[1,12085376,994,485,10],[1,12279140,993,665,10],[2,320539,580,560,10],[2,324703,564,561,10],[2,359608,580,552,10],[2,359618,576,552,10],[2,362861,569,554,10],[2,449922,579,530,10],[2,456212,547,580,10],[2,456215,548,583,10],[2,513156,556,517,10],[2,577770,498,502,10],[2,793513,495,576,10],[2,796432,495,630,10],[2,1133168,478,514,10],[2,1133174,476,514,10],[2,1968768,424,596,10],[3,1400944,581,686,10],[3,1440034,573,667,10],[3,2106405,556,733,10],[3,3881990,511,762,10],[3,4104150,621,777,10],[3,4450842,544,784,10],[3,4452063,574,785,10],[3,4503085,562,790,10],[3,4503092,565,789,10],[3,4503099,569,791,10],[3,4882027,516,795,10],[3,4882037,546,795,10],[3,4918372,542,801,10],[3,4918381,539,801,10],[3,5286987,550,814,10],[3,5361730,485,814,10],[3,5839236,455,817,10],[3,6050982,573,822,10],[3,6149596,455,826,10],[3,6803644,681,834,10],[3,7422892,461,851,10],[3,7965352,551,863,10],[3,7965364,547,867,10],[3,8405422,421,820,10],[3,9143051,462,888,10],[3,9274833,414,760,10],[3,12135161,347,735,10],[3,12850833,864,979,10],[3,12851036,906,977,10],[3,12869108,925,984,10]],"SA":0,"VF":1,"PF":0,"RRD":-1,"TI":-1,"RNP":-1},{"OID":16828488,"DUM":false,"N":"King Cesar I","E":{"BGT":3,"BGC1":11993088,"BGC2":1644825,"SPT":4,"S1":14,"SC1":1644825,"S2":35,"SC2":11993088,"IS":1},"L":70,"LL":509,"H":755,"AVP":42390,"CF":19997850,"HF":36569834,"PRE":105,"SUF":27,"TOPX":-1,"MP":2471474,"R":0,"AID":117016,"AR":8,"AN":"Valor Lords","aee":{"ACCA":{"ACLI":6,"ACCS":[20,16]},"ACFB":{}},"RPT":0,"AP":[[0,15985181,680,590,1],[0,16683902,536,951,4],[0,16683903,539,943,4],[0,16683905,542,957,4],[1,16085023,517,622,12],[2,16042489,667,534,12],[3,16108371,655,543,12]],"VP":[[1,1248362,554,620,10],[1,1573512,536,632,10],[1,1743633,523,595,10],[1,1746219,527,603,10],[1,1823308,525,582,10],[1,2132068,515,568,10],[1,2138637,511,603,10],[1,2138642,511,609,10],[1,2176237,513,593,10],[1,2180339,518,633,10],[1,2180345,512,633,10],[1,2180352,518,635,10],[1,2180898,514,674,10],[1,2199870,515,622,10],[1,2199878,516,614,10],[1,2446821,505,575,10],[1,2446825,503,581,10],[1,2450773,497,617,10],[1,2485770,504,566,10],[1,2485783,505,568,10],[1,2493544,499,606,10],[1,2528067,499,556,10],[1,2528068,495,556,10],[1,2548318,505,592,10],[1,2792620,485,602,10],[1,2792624,490,607,10],[1,2840860,484,577,10],[1,2840864,491,580,10],[1,2841873,491,614,10],[1,3884681,451,605,10],[2,361174,657,556,10],[2,361176,656,555,10],[2,397574,661,534,10],[2,398808,689,541,10],[2,399236,730,540,10],[2,400941,681,534,10],[2,406005,665,534,10],[2,445034,702,521,10],[2,448999,687,531,10],[2,516474,699,510,10],[2,521412,679,511,10],[2,569586,660,502,10],[2,577440,683,497,10],[2,579406,672,501,10],[2,615598,676,488,10],[3,886436,631,600,10],[3,1282585,639,591,10],[3,1582319,642,576,10],[3,1672478,589,578,10],[3,2586697,652,550,10],[3,2586702,651,554,10],[3,2592430,697,549,10],[3,2852423,658,538,10],[3,3325710,657,531,10],[3,4095176,591,518,10],[3,4518858,639,502,10],[3,4653360,585,500,10]],"SA":0,"VF":0,"PF":1,"RRD":0,"TI":-1,"RNP":-1},{"OID":10108246,"DUM":false,"N":"FastTasha","E":{"BGT":1,"BGC1":1644825,"BGC2":4006527,"SPT":1,"S1":39,"SC1":14408394,"S2":39,"SC2":14408394,"IS":1},"L":70,"LL":351,"H":758,"AVP":46430,"CF":1938914,"HF":16232611,"PRE":13,"SUF":16,"TOPX":-1,"MP":1185509,"R":0,"AID":5590,"AR":6,"AN":"Lisebel1 Legacy","aee":{"ACCA":{"ACLI":7,"ACCS":[19,1]},"ACFB":{}},"RPT":0,"AP":[[0,11259214,1151,628,1],[0,16557821,1145,631,4],[0,16559303,1147,635,4],[0,16585508,1158,630,4],[1,11885174,680,725,12],[2,11514148,683,566,12],[3,12083400,689,707,12]],"VP":[[1,632971,609,613,10],[1,1087413,718,717,10],[1,1213247,553,627,10],[1,1224265,547,578,10],[1,1228469,633,734,10],[1,1234548,670,736,10],[1,1234550,673,730,10],[1,1397787,628,751,10],[1,1428879,680,742,10],[1,1477721,661,746,10],[1,1567689,533,592,10],[1,3112753,800,685,10],[1,3120721,800,657,10],[1,3444107,814,634,10],[1,3453066,808,703,10],[1,3477295,560,836,10],[1,4160919,836,674,10],[1,4223621,575,868,10],[1,4457165,848,723,10],[1,4672723,521,895,10],[2,276780,700,578,10],[2,279491,685,575,10],[2,318181,704,562,10],[2,323873,689,570,10],[2,323876,695,560,10],[2,361441,669,554,10],[2,362168,689,547,10],[2,1138075,445,417,10],[2,1143138,438,427,10],[3,1419742,664,700,10],[3,1620429,695,695,10],[3,1925364,691,704,10],[3,1925379,693,713,10],[3,1925381,692,707,10],[3,1967208,711,691,10],[3,1985919,682,707,10],[3,1997561,711,704,10],[3,2265800,668,717,10],[3,2280310,694,722,10],[3,2623725,699,736,10],[3,3120300,526,577,10],[3,3180188,530,618,10],[3,5870176,815,791,10],[3,6610824,791,837,10],[3,6610828,781,840,10],[3,7080684,842,815,10]],"SA":0,"VF":0,"PF":0,"RRD":0,"TI":-1,"RNP":-1},{"OID":17753347,"DUM":false,"N":"Patty_13","E":{"BGT":0,"BGC1":15259663,"BGC2":15259663,"SPT":1,"S1":42,"SC1":1644825,"S2":42,"SC2":1644825,"IS":1},"L":70,"LL":84,"H":564,"AVP":45760,"CF":37084217,"HF":51613105,"PRE":13,"SUF":111,"TOPX":-1,"MP":1501557,"R":0,"AID":32169,"AR":8,"AN":"The Cold Truth","aee":{"ACCA":{"ACLI":7,"ACCS":[12,7]},"ACFB":{}},"RPT":0,"AP":[[0,16455746,554,141,4],[0,16591413,555,134,4],[0,16596515,562,128,4],[0,16673017,559,129,1],[1,16673046,626,595,12],[2,16673024,741,590,12],[3,16673505,549,664,12],[4,2285,719,660,12]],"VP":[[1,611544,607,648,10],[1,632995,605,657,10],[1,632998,601,661,10],[1,632999,601,658,10],[1,1048924,564,626,10],[1,1248374,548,620,10]],"SA":0,"VF":0,"PF":0,"RRD":0,"TI":-1,"RNP":-1},{"OID":7334626,"DUM":false,"N":"Kyle Landon","E":{"BGT":3,"BGC1":1009082,"BGC2":15259663,"SPT":1,"S1":39,"SC1":5197126,"S2":39,"SC2":5197126,"IS":1},"L":70,"LL":189,"H":124,"AVP":35020,"CF":14113,"HF":414419,"PRE":3,"SUF":-1,"TOPX":-1,"MP":248314,"R":0,"AID":880,"AR":6,"AN":"THE ARROW","aee":{"ACCA":{"ACLI":2,"ACCS":[4,7]},"ACFB":{}},"RPT":0,"AP":[[0,8317656,606,761,1],[0,8555358,593,771,4],[0,8682073,589,743,4],[0,9050778,632,769,4],[1,9173674,356,510,12],[2,8554444,627,834,12],[3,10052274,580,580,12]],"VP":[[1,625130,601,695,10],[1,1213251,548,625,10],[1,2627131,639,794,10],[2,254543,632,709,10],[2,257173,612,708,10],[2,396862,613,540,10],[2,616926,577,482,10],[2,685496,512,605,10],[2,3034534,913,873,10],[2,3197286,353,733,10],[2,3331366,983,1018,10],[2,5062168,970,950,10],[3,9787862,400,496,10]],"SA":0,"VF":0,"PF":1,"RRD":-1,"TI":-1,"RNP":-1},{"OID":8433233,"DUM":false,"N":"Tommy815ruler","E":{"BGT":3,"BGC1":4690653,"BGC2":14408394,"SPT":1,"S1":71,"SC1":13509737,"S2":71,"SC2":13509737,"IS":1},"L":70,"LL":483,"H":629,"AVP":58640,"CF":2947937,"HF":70756817,"PRE":105,"SUF":18,"TOPX":-1,"MP":1409770,"R":0,"AID":186907,"AR":6,"AN":"The Rohirrim","aee":{"ACCA":{"ACLI":7,"ACCS":[1,7]},"ACFB":{}},"RPT":0,"AP":[[0,9518777,693,682,1],[0,15886301,706,673,4],[0,16643346,691,695,4],[0,16672611,667,665,4],[1,13093375,531,664,12],[2,12678288,683,562,12],[3,13213555,683,532,12]],"VP":[[1,466587,616,657,10],[1,1211633,546,596,10],[1,1248369,548,618,10],[1,1510335,542,609,10],[1,1510339,541,608,10],[1,1510340,540,609,10],[1,1578250,538,673,10],[1,1770477,524,723,10],[1,1855693,525,694,10],[1,1998904,603,502,10],[1,2150996,509,687,10],[1,2180902,513,664,10],[1,2454794,503,700,10],[1,2799485,485,645,10],[1,3069326,475,647,10],[1,3069329,479,648,10],[1,3776331,526,853,10],[1,4151066,440,863,10],[1,4151086,432,863,10],[1,4171091,449,864,10],[1,4171098,452,865,10],[1,4171102,452,863,10],[1,4209057,464,863,10],[1,4604925,425,854,10],[1,4604928,421,850,10],[1,4604929,426,855,10],[1,5072383,406,839,10],[1,5072391,409,840,10],[1,5072400,410,839,10],[1,5119625,407,852,10],[2,254753,663,710,10],[2,257572,645,708,10],[2,315917,669,569,10],[2,320018,681,563,10],[2,320027,676,560,10],[2,320034,678,566,10],[2,323880,690,561,10],[2,361175,658,555,10],[2,444501,635,530,10],[2,447961,607,529,10],[2,560352,741,640,10],[2,560361,744,643,10],[2,579418,667,497,10],[2,688328,677,470,10],[2,2281481,611,943,10],[3,1282643,682,586,10],[3,2358548,725,619,10],[3,2453680,715,627,10],[3,4104884,664,510,10],[3,4495521,769,671,10],[3,4515240,771,602,10],[3,4518870,640,503,10],[3,4524133,686,495,10],[3,4661893,672,496,10],[3,4661896,673,499,10],[3,5011530,680,492,10],[3,5011548,681,488,10],[3,5517901,768,470,10],[3,5903708,817,498,10],[3,6484254,820,535,10],[3,7064627,843,736,10],[3,7064629,834,738,10],[3,7064630,840,738,10],[3,7096167,843,551,10],[3,8079184,859,473,10],[3,8079197,865,479,10],[3,8180472,864,489,10],[3,8180477,862,492,10],[3,8180609,866,499,10],[3,8500210,872,464,10],[3,8504095,875,495,10],[3,8729944,873,471,10],[3,8729945,877,471,10]],"SA":0,"VF":0,"PF":0,"RRD":0,"TI":-1,"RNP":-1},{"OID":2032270,"DUM":false,"N":"rajdutt","E":{"BGT":1,"BGC1":13509737,"BGC2":13509737,"SPT":1,"S1":57,"SC1":14408394,"S2":57,"SC2":14408394,"IS":1},"L":70,"LL":97,"H":0,"AVP":13465,"CF":1468,"HF":315319,"PRE":0,"SUF":-1,"TOPX":-1,"MP":100688,"R":0,"AID":1851,"AR":7,"AN":"Drakes United","aee":{"ACCA":{"ACLI":1,"ACCS":[1]},"ACFB":{}},"RPT":0,"AP":[[0,2344147,215,1009,1],[0,14761061,680,904,4],[0,14761062,398,615,4],[0,14761063,1157,178,4],[1,3263123,549,624,12],[2,2914799,499,294,12],[3,4717302,541,502,12]],"VP":[],"SA":0,"VF":0,"PF":1,"RRD":0,"TI":-1,"RNP":-1},{"OID":17728733,"DUM":false,"N":"bk2","E":{"BGT":3,"BGC1":14037522,"BGC2":4006527,"SPT":1,"S1":44,"SC1":4006527,"S2":44,"SC2":4006527,"IS":1},"L":70,"LL":139,"H":1152,"AVP":41645,"CF":414347,"HF":7098597,"PRE":103,"SUF":-1,"TOPX":-1,"MP":563223,"R":0,"AID":177207,"AR":6,"AN":"We R Gladiators","aee":{"ACCA":{"ACLI":4,"ACCS":[7,4]},"ACFB":{}},"RPT":0,"AP":[[0,16561283,930,654,4],[0,16572208,905,652,4],[0,16582412,927,664,4],[0,16632052,925,664,1],[1,16633839,486,673,12],[2,16632138,696,788,12],[3,16634431,773,790,12]],"VP":[[1,912721,572,684,10],[1,1248360,546,620,10],[1,1755486,528,686,10],[1,1759437,522,709,10],[1,2151014,511,683,10],[1,2180894,514,670,10],[1,2503206,505,680,10],[1,2503221,498,680,10],[1,2503223,497,687,10],[1,2562110,496,670,10],[1,2562113,495,667,10],[1,2800406,481,668,10],[1,2800411,489,668,10],[1,2800412,483,672,10],[1,2800421,485,672,10],[1,2802714,485,677,10],[1,2802718,484,680,10],[1,2802730,492,681,10],[1,2802733,483,679,10],[1,3069900,471,680,10],[1,3069911,479,684,10],[1,3075310,475,666,10],[1,3075321,477,666,10],[1,3075324,476,667,10],[1,3075325,474,673,10],[1,3075326,475,672,10],[1,3085565,476,693,10],[1,3464020,466,692,10],[1,4221554,437,677,10],[2,518378,703,777,10],[2,581171,711,783,10],[2,581178,708,782,10],[2,581180,702,787,10],[2,581183,706,790,10],[2,587366,684,786,10],[2,587382,685,789,10],[2,588208,698,782,10],[2,588212,694,790,10],[2,588213,690,790,10],[2,588216,696,785,10],[2,588218,698,785,10],[2,588219,700,785,10],[2,618236,695,794,10],[2,622455,710,794,10],[3,4090271,742,771,10],[3,4140090,763,776,10],[3,4468995,775,785,10],[3,4468996,770,786,10],[3,4469013,767,787,10],[3,4552201,765,791,10],[3,4552202,760,790,10],[3,4552207,764,788,10],[3,4560227,786,786,10],[3,4560237,785,789,10],[3,4560238,783,785,10],[3,4915303,744,795,10],[3,4915304,744,797,10],[3,4917231,781,803,10],[3,4917232,785,802,10],[3,4938694,767,797,10],[3,4938699,774,804,10],[3,4938700,769,803,10],[3,4938707,767,799,10],[3,4971255,762,804,10],[3,4971265,764,800,10],[3,5372604,760,807,10],[3,5372607,758,807,10],[3,5374596,804,812,10],[3,5420275,801,791,10],[3,5906214,813,774,10],[3,5906221,806,768,10],[3,6543894,823,774,10],[3,7078106,832,775,10]],"SA":0,"VF":0,"PF":0,"RRD":0,"TI":-1,"RNP":-1},{"OID":9055325,"DUM":false,"N":"Goodwife1","E":{"BGT":2,"BGC1":1009082,"BGC2":13550873,"SPT":4,"S1":47,"SC1":14408394,"S2":47,"SC2":14408394,"IS":1},"L":70,"LL":593,"H":0,"AVP":56315,"CF":158248,"HF":2326387,"PRE":4,"SUF":-1,"TOPX":-1,"MP":489335,"R":0,"AID":178007,"AR":2,"AN":"Shangri-la","aee":{"ACCA":{"ACLI":4,"ACCS":[18,1]},"ACFB":{}},"RPT":0,"AP":[[0,6020566,865,694,4],[0,10199310,865,705,1],[0,10938983,864,704,4],[0,13104815,860,710,4],[1,13508386,553,617,12],[2,11804535,674,878,12],[3,13604182,577,708,12]],"VP":[],"SA":0,"VF":0,"PF":0,"RRD":-1,"TI":-1,"RNP":-1},{"OID":16084333,"DUM":false,"N":"almosthuman","E":{"BGT":0,"BGC1":305315,"BGC2":305315,"SPT":1,"S1":47,"SC1":4006527,"S2":47,"SC2":4006527,"IS":1},"L":70,"LL":143,"H":1023,"AVP":36275,"CF":280859,"HF":1539373,"PRE":5,"SUF":-1,"TOPX":-1,"MP":1184486,"R":0,"AID":190518,"AR":8,"AN":"Demon Knights","aee":{"ACCA":{"ACLI":7,"ACCS":[20,18]},"ACFB":{}},"RPT":0,"AP":[[0,15424790,59,67,1],[0,15429325,60,68,4],[0,16589847,72,60,4],[0,16633992,52,60,4],[1,15524048,561,604,12],[2,15446564,503,565,12],[3,15549336,510,598,12]],"VP":[[1,498534,660,685,10],[1,579800,683,609,10],[1,677130,596,590,10],[1,1248359,552,613,10],[1,1494791,544,620,10],[1,2180350,510,635,10],[1,2317394,518,789,10],[1,2751696,488,458,10],[1,3085166,477,653,10],[1,3980844,446,574,10],[1,4238764,432,587,10],[1,4648909,420,516,10],[1,4701149,416,746,10],[1,4719258,861,791,10],[1,5071085,405,826,10],[1,5144201,405,898,10],[1,7884981,351,768,10],[1,8408049,944,868,10],[1,9997486,491,998,10],[1,10379560,964,957,10],[1,11088329,483,1002,10],[1,11088330,486,1002,10],[1,11088337,488,1004,10],[1,11350253,321,605,10],[1,11520902,664,251,10],[1,11767254,443,1022,10],[1,12089698,371,1038,10],[2,457642,552,595,10],[2,597813,531,588,10],[2,597830,522,590,10],[2,608179,524,615,10],[2,676609,515,552,10],[2,676980,516,579,10],[2,793522,498,576,10],[2,793523,499,577,10],[2,808139,498,568,10],[2,809217,505,604,10],[2,1517189,395,393,10],[2,1625523,406,901,10],[2,2438002,400,453,10],[2,2637659,380,431,10],[2,3679528,339,604,10],[3,3217262,531,734,10],[3,3774712,514,590,10],[3,3774713,515,596,10],[3,4502623,771,703,10],[3,4560233,786,790,10],[3,4701174,483,557,10],[3,5360172,797,660,10],[3,5360185,798,659,10],[3,6036422,703,820,10],[3,6944402,560,449,10],[3,7063471,843,652,10],[3,7339298,434,590,10],[3,7339302,436,592,10],[3,7401805,437,575,10],[3,8739202,873,629,10],[3,9247570,409,582,10],[3,9266409,414,678,10],[3,9829266,393,661,10],[3,9829377,391,684,10],[3,10333415,577,915,10],[3,10384362,877,921,10],[3,10976553,927,407,10],[3,11023006,511,927,10],[3,11109733,843,925,10],[3,11765556,362,498,10],[3,12024283,577,958,10],[3,12151687,327,960,10],[3,12200047,401,347,10],[3,12279042,499,967,10],[3,12552422,964,397,10]],"SA":0,"VF":0,"PF":0,"RRD":0,"TI":-1,"RNP":-1},{"OID":17472658,"DUM":false,"N":"GreenRanger","E":{"BGT":0,"BGC1":30512,"BGC2":30512,"SPT":2,"S1":71,"SC1":14408394,"S2":71,"SC2":14408394,"IS":1},"L":70,"LL":320,"H":717,"AVP":51200,"CF":5675977,"HF":93020102,"PRE":13,"SUF":21,"TOPX":-1,"MP":6201061,"R":0,"AID":149370,"AR":8,"AN":"WarStone","aee":{"ACCA":{"ACLI":8,"ACCS":[7,17]},"ACFB":{}},"RPT":0,"AP":[[0,16361856,601,966,4],[0,16364428,609,1004,4],[0,16364431,617,968,4],[0,16425175,602,965,1],[1,16491810,619,543,12],[2,16426808,588,657,12],[3,16526831,575,642,12],[4,3857,548,704,12],[3,16683568,544,608,28]],"VP":[[1,624780,679,595,10],[1,740270,607,577,10],[1,844408,624,566,10],[1,913388,580,590,10],[1,1021135,612,555,10],[1,1168030,580,541,10],[1,1169257,617,542,10],[1,1169263,611,541,10],[1,1188986,665,537,10],[1,1213249,549,626,10],[1,1217596,646,538,10],[1,1998903,607,503,10],[1,2011594,679,505,10],[1,2696293,659,466,10],[1,2743859,704,459,10],[1,3053466,708,444,10],[1,3963010,718,414,10],[1,4585095,759,380,10],[2,97507,626,647,10],[2,98455,624,625,10],[2,130342,637,664,10],[2,133530,611,616,10],[2,213757,595,691,10],[2,230967,604,645,10],[2,239353,609,614,10],[2,284635,586,654,10],[2,285588,586,667,10],[2,297304,587,640,10],[2,348842,578,664,10],[2,348847,576,667,10],[2,793510,502,583,10],[2,1665182,434,568,10],[3,375572,633,654,10],[3,662367,624,620,10],[3,1115243,594,652,10],[3,1115255,588,661,10],[3,1426888,578,629,10],[3,1426892,579,628,10],[3,1660289,566,640,10],[3,1660294,568,648,10],[3,1660306,563,648,10],[3,1661003,559,652,10],[3,1661011,564,651,10],[3,2067150,551,619,10],[3,2669400,541,631,10],[3,3206624,528,690,10],[3,6963286,777,453,10],[3,6966959,788,445,10],[3,6966972,782,453,10],[3,7642152,775,434,10],[3,7642159,778,440,10],[3,7673566,781,430,10],[3,7673568,790,430,10],[3,7673574,787,434,10],[3,7673584,790,439,10],[3,8258973,775,421,10]],"SA":0,"VF":0,"PF":0,"RRD":0,"TI":-1,"RNP":-1},{"OID":17510167,"DUM":false,"N":"alien733","E":{"BGT":0,"BGC1":5197126,"BGC2":5197126,"SPT":1,"S1":42,"SC1":305315,"S2":42,"SC2":305315,"IS":1},"L":70,"LL":55,"H":102,"AVP":30485,"CF":2133063,"HF":2220229,"PRE":105,"SUF":110,"TOPX":-1,"MP":934629,"R":1,"AID":117016,"AR":8,"AN":"Valor Lords","aee":{"ACCA":{"ACLI":6,"ACCS":[20,16]},"ACFB":{}},"RPT":0,"AP":[[0,16513316,684,683,1],[0,16660697,682,687,4],[0,16670254,684,687,4],[0,16675856,683,686,4],[1,16533546,547,610,12],[2,16530936,678,535,12],[3,16535491,755,764,12]],"VP":[[1,705174,591,615,10],[1,903191,572,599,10],[1,1067580,567,612,10],[1,1204002,549,600,10],[1,1248357,547,617,10],[1,1248364,551,614,10],[1,1494788,535,619,10],[1,1494800,537,617,10],[1,1494804,541,613,10],[1,1831902,529,619,10],[2,406002,672,534,10],[3,3155182,745,749,10],[3,3671788,757,764,10],[3,3671792,758,762,10],[3,3671801,754,755,10],[3,4090258,749,768,10],[3,4090264,751,770,10],[3,4249840,757,750,10],[3,4914437,702,798,10],[3,4914441,711,800,10],[3,5372522,720,817,10],[3,6188944,725,820,10]],"SA":0,"VF":0,"PF":0,"RRD":0,"TI":-1,"RNP":-1},{"OID":15897107,"DUM":false,"N":"Repulic of Fear","E":{"BGT":3,"BGC1":14408394,"BGC2":11993088,"SPT":4,"S1":36,"SC1":14408394,"S2":13,"SC2":11993088,"IS":1},"L":70,"LL":420,"H":4,"AVP":35020,"CF":99482,"HF":801237,"PRE":4,"SUF":-1,"TOPX":-1,"MP":105801,"R":0,"AID":-1,"RPT":0,"AP":[[0,15298702,650,615,1],[1,15311644,549,617,12],[2,15308454,730,641,12],[3,15351772,551,683,12]],"VP":[],"SA":0,"VF":0,"PF":0,"RRD":0,"TI":-1,"RNP":-1},{"OID":17452589,"DUM":false,"N":"santos5710","E":{"BGT":1,"BGC1":14408394,"BGC2":11993088,"SPT":1,"S1":44,"SC1":1644825,"S2":44,"SC2":1644825,"IS":1},"L":70,"LL":950,"H":964,"AVP":78350,"CF":50084770,"HF":134371101,"PRE":105,"SUF":29,"TOPX":-1,"MP":6345262,"R":0,"AID":189891,"AR":6,"AN":"Coalizão Brasil","aee":{"ACCA":{"ACLI":7,"ACCS":[14,12]},"ACFB":{}},"RPT":0,"AP":[[0,3426897,1034,157,4],[0,11384990,1040,158,4],[0,11664136,1018,166,4],[0,16411601,1038,159,1],[1,16427542,556,583,12],[2,16418914,733,740,12],[3,16434405,818,779,12],[4,3245,556,640,12],[0,16682783,1045,137,28],[0,16682784,1086,136,28],[3,16683602,810,790,28],[3,16683603,819,788,28]],"VP":[[1,890826,566,568,10],[1,903194,583,601,10],[1,1203995,557,600,10],[1,1213254,548,627,10],[1,1224258,555,582,10],[1,1224264,552,579,10],[1,1252060,548,696,10],[1,1751084,525,646,10],[1,1837204,527,653,10],[1,2199882,514,614,10],[1,2199885,507,620,10],[1,2840858,486,577,10],[1,5726656,693,918,10],[1,5838401,472,911,10],[1,5885948,603,919,10],[1,6394416,633,924,10],[1,7083825,576,937,10],[1,7331067,921,540,10],[1,7601136,616,960,10],[1,7805352,590,954,10],[1,9395547,343,917,10],[1,9447637,347,903,10],[1,9447640,338,906,10],[1,10042901,326,914,10],[1,11260015,323,490,10],[1,11292797,318,903,10],[1,11292801,320,905,10],[1,11292922,321,939,10],[1,12154282,304,564,10],[1,12281574,310,596,10],[2,368303,738,736,10],[2,424040,737,758,10],[2,424051,736,757,10],[2,431427,705,765,10],[2,431968,746,763,10],[2,507697,724,778,10],[2,570648,750,696,10],[2,1637609,841,782,10],[2,1637620,841,789,10],[2,1886497,855,777,10],[2,1886513,850,776,10],[2,1893067,855,798,10],[2,1900030,853,787,10],[2,1900038,847,787,10],[2,1900046,850,790,10],[3,2925219,734,606,10],[3,5418801,803,752,10],[3,5418806,802,751,10],[3,5888344,812,757,10],[3,5900495,813,795,10],[3,7078108,839,776,10],[3,7080687,843,817,10],[3,7469855,852,821,10],[3,8858532,575,414,10],[3,9782600,401,422,10],[3,9782601,392,423,10],[3,9782603,395,424,10],[3,10261491,674,921,10],[3,10298046,782,914,10],[3,10338619,651,915,10],[3,10345946,696,921,10],[3,10371051,601,915,10],[3,10383347,837,917,10],[3,10383348,834,918,10],[3,10383351,835,920,10],[3,10966106,930,596,10],[3,11660582,456,937,10],[3,11719065,452,940,10],[3,11721554,492,941,10],[3,12021712,505,959,10],[3,12137515,959,511,10],[3,12138968,344,934,10],[3,12605326,973,510,10],[3,12642762,962,721,10],[3,13474776,976,627,10]],"SA":0,"VF":0,"PF":0,"RRD":0,"TI":-1,"RNP":-1},{"OID":11423430,"DUM":false,"N":"Arrow8","E":{"BGT":3,"BGC1":14408394,"BGC2":30512,"SPT":4,"S1":3,"SC1":30512,"S2":15,"SC2":13550873,"IS":1},"L":70,"LL":145,"H":0,"AVP":27510,"CF":70682,"HF":87852,"PRE":103,"SUF":-1,"TOPX":-1,"MP":693259,"R":0,"AID":190120,"AR":8,"AN":"ELYSIUM","aee":{"ACCA":{"ACLI":1,"ACCS":[1]},"ACFB":{}},"RPT":0,"AP":[[0,12261488,575,598,1],[0,16645766,577,600,4],[0,16645767,572,599,4],[0,16675618,574,592,4],[1,13090048,554,626,12],[2,12538389,554,607,12],[3,14528549,743,699,12]],"VP":[],"SA":0,"VF":0,"PF":0,"RRD":-1,"TI":-1,"RNP":-1},{"OID":17518561,"DUM":false,"N":"OBADIAH","E":{"BGT":3,"BGC1":1644825,"BGC2":1644825,"SPT":1,"S1":39,"SC1":1644825,"S2":39,"SC2":1644825,"IS":1},"L":70,"LL":950,"H":706,"AVP":71900,"CF":3522681,"HF":62925044,"PRE":13,"SUF":19,"TOPX":-1,"MP":2748722,"R":1,"AID":-1,"RPT":0,"AP":[[0,16457211,633,625,1],[1,16471511,545,619,12],[2,16460054,683,629,12],[3,16472077,610,738,12]],"VP":[],"SA":0,"VF":0,"PF":0,"RRD":-1,"TI":-1,"RNP":-1},{"OID":7800474,"DUM":false,"N":"tazboyd","E":{"BGT":3,"BGC1":14408394,"BGC2":11993088,"SPT":4,"S1":9,"SC1":11993088,"S2":7,"SC2":1644825,"IS":1},"L":45,"LL":0,"H":0,"AVP":760,"CF":2405,"HF":2405,"PRE":0,"SUF":-1,"TOPX":-1,"MP":7915,"R":0,"AID":185240,"AR":4,"AN":"Bastos","aee":{"ACCA":{"ACLI":7,"ACCS":[14,6]},"ACFB":{}},"RPT":0,"AP":[[0,16638407,634,629,1],[0,16639890,628,626,4],[0,16643085,629,629,4],[0,16666794,634,633,4],[1,16672916,544,622,12],[2,16653227,518,800,12]],"VP":[],"SA":0,"VF":0,"PF":0,"RRD":-1,"TI":-1,"RNP":-1},{"OID":17072426,"DUM":false,"N":"Im mad","E":{"BGT":0,"BGC1":1644825,"BGC2":1644825,"SPT":1,"S1":42,"SC1":14408394,"S2":42,"SC2":14408394,"IS":1},"L":70,"LL":538,"H":717,"AVP":70855,"CF":71637,"HF":164204012,"PRE":103,"SUF":-1,"TOPX":-1,"MP":2325383,"R":0,"AID":188481,"AR":1,"AN":"LEISURE DAYS","aee":{"ACCA":{"ACLI":2,"ACCS":[4,10]},"ACFB":{}},"RPT":0,"AP":[[0,16145829,462,504,1],[1,16225153,504,671,12],[2,16148102,714,468,12],[3,16322233,826,582,12]],"VP":[[1,489615,619,643,10],[1,1248358,547,619,10],[1,2180896,507,670,10],[1,2562107,502,668,10],[1,2852307,484,736,10],[1,3446480,578,839,10],[1,3913810,449,681,10],[1,4179867,599,860,10],[1,4223634,613,869,10],[1,4440187,607,878,10],[2,552383,533,690,10],[2,815016,494,759,10],[2,955426,492,756,10],[2,1137031,476,710,10],[3,2118873,645,566,10],[3,2146723,596,568,10],[3,2849207,642,542,10],[3,4069346,612,513,10],[3,4069355,612,515,10],[3,4144011,754,541,10]],"SA":0,"VF":0,"PF":0,"RRD":0,"TI":-1,"RNP":-1},{"OID":12651311,"DUM":false,"N":"John II","E":{"BGT":3,"BGC1":14408394,"BGC2":11993088,"SPT":4,"S1":29,"SC1":11993088,"S2":7,"SC2":11993088,"IS":1},"L":70,"LL":809,"H":809,"AVP":60030,"CF":291479,"HF":1021840,"PRE":6,"SUF":-1,"TOPX":-1,"MP":1750062,"R":0,"AID":72601,"AR":6,"AN":"SPARTACUS","aee":{"ACCA":{"ACLI":7,"ACCS":[4,7]},"ACFB":{}},"RPT":0,"AP":[[0,14750262,1129,938,1],[0,14750489,1137,938,4],[0,14754274,1121,938,4],[0,14758889,1136,939,4],[1,14764022,524,569,12],[2,14755362,581,598,12],[3,14766790,479,729,12],[4,2260,570,679,12]],"VP":[[1,1020031,581,551,10],[1,1065856,559,575,10],[1,1201359,554,568,10],[1,1213258,552,625,10],[1,1578255,535,674,10],[1,1742848,524,562,10],[1,1742860,521,570,10],[1,1746229,529,603,10],[1,1823304,529,580,10],[1,1823305,531,582,10],[1,1954689,536,503,10],[1,2132079,510,567,10],[1,2173334,507,547,10],[1,2196925,518,573,10],[1,2804561,487,713,10],[1,2811762,489,716,10],[2,186425,663,599,10],[2,258186,593,593,10],[2,278015,609,573,10],[2,287628,586,602,10],[2,319531,639,560,10],[2,345184,575,587,10],[2,345198,573,595,10],[2,404147,568,575,10],[2,468300,556,599,10],[3,907745,604,647,10],[3,2771389,537,750,10],[3,2835688,598,541,10],[3,3791274,508,641,10],[3,4352382,497,724,10],[3,4427531,503,707,10],[3,4427544,504,703,10],[3,4732771,481,726,10],[3,4732775,485,724,10],[3,5286515,471,713,10],[3,5320431,468,648,10],[3,5332944,469,723,10],[3,5333209,476,729,10],[3,5810705,459,693,10],[3,5950844,465,742,10],[3,6658070,452,655,10],[3,6659980,451,691,10],[3,9841861,400,851,10],[3,12851985,346,978,10]],"SA":0,"VF":0,"PF":0,"RRD":0,"TI":-1,"RNP":-1},{"OID":11829210,"DUM":false,"N":"HELLBOZ","E":{"BGT":0,"BGC1":1644825,"BGC2":1644825,"SPT":1,"S1":72,"SC1":305315,"S2":72,"SC2":305315,"IS":1},"L":70,"LL":950,"H":1882,"AVP":89075,"CF":105298649,"HF":213607026,"PRE":13,"SUF":29,"TOPX":-1,"MP":57969013,"R":0,"AID":21515,"AR":2,"AN":"Soft Kittens","aee":{"ACCA":{"ACLI":12,"ACCS":[19,4]},"ACFB":{"ACLI":2,"ACCS":[19,4]}},"RPT":0,"AP":[[0,12568247,425,240,1],[0,16678749,406,1159,4],[0,16684183,421,242,4],[1,12693198,553,621,12],[2,12613356,506,777,12],[3,12795469,551,761,12],[4,3581,552,570,12],[0,4758750,423,241,23]],"VP":[],"SA":0,"VF":1,"PF":0,"RRD":0,"TI":-1,"RNP":-1},{"OID":995391,"DUM":false,"N":"kuykenwe","E":{"BGT":0,"BGC1":39783,"BGC2":1009082,"SPT":1,"S1":62,"SC1":1644825,"S2":62,"SC2":1644825,"IS":1},"L":70,"LL":800,"H":225,"AVP":22400,"CF":1749,"HF":10422311,"PRE":0,"SUF":-1,"TOPX":-1,"MP":317873,"R":0,"AID":689,"AR":8,"AN":"Dream Team","aee":{"ACCA":{"ACLI":1,"ACCS":[1]},"ACFB":{}},"RPT":0,"AP":[[0,1131570,218,396,1],[0,16012165,1122,223,4],[1,1481825,546,627,12],[2,1362980,475,406,12],[3,1598814,623,697,12]],"VP":[],"SA":0,"VF":0,"PF":1,"RRD":0,"TI":-1,"RNP":-1},{"OID":14402602,"DUM":false,"N":"Deathstar3","E":{"BGT":1,"BGC1":1644825,"BGC2":4006527,"SPT":1,"S1":42,"SC1":14408394,"S2":42,"SC2":14408394,"IS":1},"L":70,"LL":178,"H":779,"AVP":47965,"CF":1104976,"HF":7322360,"PRE":103,"SUF":-1,"TOPX":-1,"MP":734134,"R":0,"AID":5590,"AR":8,"AN":"Lisebel1 Legacy","aee":{"ACCA":{"ACLI":7,"ACCS":[19,1]},"ACFB":{}},"RPT":0,"AP":[[0,14747565,1148,629,1],[0,16184787,1148,632,4],[0,16585510,1151,630,4],[0,16585511,1152,631,4],[1,14892110,550,613,12],[2,14763007,562,622,12],[3,16213983,685,617,12]],"VP":[[1,1044335,565,590,10],[1,1048652,565,599,10],[1,1203991,549,604,10],[1,1213259,553,629,10],[1,1248367,548,612,10],[1,1248371,550,618,10],[1,1494796,544,614,10],[1,1751073,531,646,10],[2,297318,591,644,10],[2,315920,673,560,10],[2,448989,678,528,10],[2,458216,557,614,10],[2,521407,678,510,10],[2,569814,697,495,10],[3,308945,658,632,10],[3,888471,683,622,10],[3,888472,678,617,10],[3,888474,682,616,10],[3,888478,681,615,10],[3,888482,687,615,10],[3,908969,679,644,10],[3,1277457,691,634,10],[3,1277461,690,633,10],[3,1285132,671,595,10],[3,1330468,692,595,10],[3,1336950,690,613,10]],"SA":0,"VF":0,"PF":0,"RRD":0,"TI":-1,"RNP":-1},{"OID":17674801,"DUM":false,"N":"MasterPunisher","E":{"BGT":0,"BGC1":14408394,"BGC2":14408394,"SPT":1,"S1":72,"SC1":1644825,"S2":72,"SC2":1644825,"IS":1},"L":70,"LL":950,"H":521,"AVP":57885,"CF":10814586,"HF":16516736,"PRE":13,"SUF":24,"TOPX":-1,"MP":3697540,"R":0,"AID":189891,"AR":7,"AN":"Coalizão Brasil","aee":{"ACCA":{"ACLI":7,"ACCS":[14,12]},"ACFB":{}},"RPT":0,"AP":[[0,16575840,679,739,1],[0,16613662,683,738,4],[0,16613710,678,742,4],[0,16613906,658,757,4],[1,16588277,508,614,12],[2,16582901,679,616,12],[3,16589153,670,602,12],[4,1416,587,685,12]],"VP":[[1,489618,613,647,10],[1,516252,614,626,10],[1,564460,603,602,10],[1,703410,588,633,10],[1,898494,579,692,10],[1,903195,577,606,10],[1,1053591,568,685,10],[1,1071414,568,655,10],[1,1209066,557,685,10],[1,1213257,550,625,10],[1,1248355,550,615,10],[1,1248370,551,616,10],[1,1252062,552,696,10],[1,1252067,556,696,10],[1,1517789,542,645,10],[1,1573503,543,635,10],[1,1743617,520,594,10],[1,1751085,520,647,10],[1,2196936,513,579,10],[1,2816912,492,759,10],[1,3465923,466,772,10],[1,3475936,463,566,10],[1,3983106,444,621,10],[1,4269412,431,729,10],[1,4616372,416,677,10],[1,4664586,418,553,10],[1,4690301,416,674,10],[1,5061704,413,674,10],[1,5448220,397,678,10],[1,6321754,383,696,10],[2,148665,670,622,10],[2,194810,686,613,10],[2,269242,694,619,10],[2,297556,598,720,10],[2,375116,541,745,10],[2,422926,641,755,10],[2,429402,591,764,10],[2,429403,596,759,10],[2,681603,516,809,10],[2,726920,767,742,10],[2,1007533,618,850,10],[2,1007540,622,852,10],[2,1092073,795,716,10],[2,1159403,474,759,10],[2,1300217,637,876,10],[3,2118791,618,563,10],[3,2592429,692,552,10],[3,3005104,668,538,10],[3,3360714,550,525,10],[3,3368322,632,521,10],[3,3379328,708,528,10],[3,3450221,523,527,10],[3,4025266,544,518,10],[3,4085579,722,515,10],[3,4095053,556,508,10],[3,4095057,555,509,10],[3,4507178,521,501,10],[3,4986991,501,483,10],[3,4994629,533,488,10],[3,5002841,639,483,10],[3,6387178,553,457,10],[3,6946720,601,452,10],[3,7627872,565,438,10],[3,7627874,560,439,10],[3,7636693,682,434,10],[3,7663390,587,437,10],[3,8217277,501,419,10],[3,8226984,600,419,10],[3,8856416,533,405,10],[3,9422985,582,393,10],[3,10149793,724,379,10],[3,10472645,708,383,10],[3,11090692,621,371,10],[3,11228967,372,517,10],[3,12138041,654,346,10]],"SA":0,"VF":0,"PF":0,"RRD":0,"TI":-1,"RNP":-1},{"OID":17558647,"DUM":false,"N":"Highlander68","E":{"BGT":3,"BGC1":8881264,"BGC2":30512,"SPT":4,"S1":47,"SC1":30512,"S2":47,"SC2":14037522,"IS":1},"L":51,"LL":0,"H":259,"AVP":7785,"CF":70959,"HF":236491,"PRE":3,"SUF":-1,"TOPX":-1,"MP":169098,"R":0,"AID":580,"AR":8,"AN":"Celtic Knights","aee":{"ACCA":{"ACLI":7,"ACCS":[14,9]},"ACFB":{}},"RPT":723822,"AP":[[0,14134147,980,527,4],[0,16200743,988,528,4],[0,16484889,987,529,1],[0,16495899,986,530,4],[1,16565275,543,628,12],[2,16486350,572,492,12],[3,16662951,509,763,12]],"VP":[[1,1248372,552,620,10],[1,1573510,544,631,10],[2,572740,569,498,10],[2,616931,572,487,10],[2,616932,576,491,10],[2,616934,574,492,10]],"SA":0,"VF":0,"PF":1,"RRD":0,"TI":-1,"RNP":-1},{"OID":14007400,"DUM":false,"N":"J5dog","E":{"BGT":3,"BGC1":14408394,"BGC2":16341788,"SPT":4,"S1":33,"SC1":1644825,"S2":13,"SC2":11993088,"IS":1},"L":70,"LL":662,"H":935,"AVP":58210,"CF":109179,"HF":393672,"PRE":4,"SUF":-1,"TOPX":-1,"MP":1232862,"R":0,"AID":580,"AR":3,"AN":"Celtic Knights","aee":{"ACCA":{"ACLI":7,"ACCS":[14,9]},"ACFB":{}},"RPT":0,"AP":[[0,14750499,1114,961,1],[0,14751788,1118,958,4],[0,14755376,1120,954,4],[0,14759085,1123,969,4],[1,14764829,502,699,12],[2,14756604,561,578,12],[3,14779520,474,609,12],[4,2765,562,600,12]],"VP":[[1,525135,642,678,10],[1,721153,656,578,10],[1,721161,656,581,10],[1,1213253,546,625,10],[1,1759455,521,704,10],[1,1772469,529,743,10],[1,2151005,507,681,10],[1,2172665,508,761,10],[1,2419180,499,784,10],[1,2503220,498,686,10],[1,2511497,499,721,10],[1,2511499,494,720,10],[1,2511511,500,725,10],[1,2802732,486,683,10],[1,2804543,481,711,10],[1,2804557,490,710,10],[1,2811756,492,724,10],[1,3101243,520,820,10],[1,4459151,833,875,10],[1,9981978,372,992,10],[1,11334075,980,729,10],[1,12149821,710,1028,10],[2,280697,576,579,10],[2,280702,579,577,10],[2,324702,568,570,10],[2,338539,567,735,10],[2,345182,578,594,10],[2,394305,564,593,10],[2,549464,533,549,10],[2,3703245,317,256,10],[3,1447164,572,573,10],[3,1660301,566,646,10],[3,2075897,555,654,10],[3,2649626,534,640,10],[3,3159242,521,591,10],[3,4306958,500,617,10],[3,4708852,486,577,10],[3,4713074,487,606,10],[3,4713079,484,608,10],[3,4713089,481,602,10],[3,4713091,483,606,10],[3,4713796,488,620,10],[3,4717276,482,630,10],[3,4717283,482,634,10],[3,5315823,475,607,10],[3,5315827,478,601,10],[3,5316866,475,618,10],[3,5316873,474,612,10],[3,6658066,442,653,10],[3,7965347,551,859,10],[3,8325906,422,445,10],[3,8682261,679,873,10]],"SA":0,"VF":0,"PF":0,"RRD":0,"TI":-1,"RNP":-1},{"OID":4175105,"DUM":false,"N":"squeaky62","E":{"BGT":2,"BGC1":1644825,"BGC2":14392335,"SPT":3,"S1":49,"SC1":14392335,"S2":49,"SC2":1644825,"IS":1},"L":70,"LL":795,"H":134,"AVP":44825,"CF":2377109,"HF":3281229,"PRE":13,"SUF":17,"TOPX":-1,"MP":948289,"R":0,"AID":880,"AR":3,"AN":"THE ARROW","aee":{"ACCA":{"ACLI":2,"ACCS":[4,7]},"ACFB":{}},"RPT":0,"AP":[[0,1456367,561,758,4],[0,2865206,614,724,4],[0,4836553,612,735,1],[0,15948397,620,713,4],[1,9459518,508,649,12],[2,8328862,596,619,12],[3,10822901,397,543,12]],"VP":[[1,1248373,552,618,10],[1,1248375,554,618,10],[1,2419185,500,788,10],[1,2419189,500,791,10],[1,4438046,563,872,10],[1,4523446,618,380,10],[1,4616772,427,758,10],[1,6585438,723,333,10],[1,10351269,331,739,10],[2,554216,543,609,10],[2,569166,616,504,10],[2,644593,762,606,10],[2,777410,751,457,10],[2,855682,544,447,10],[2,1226909,808,674,10],[2,1883922,849,698,10],[2,2179255,661,339,10],[2,2660566,540,303,10],[2,2684448,553,302,10],[2,3208033,924,799,10],[2,3676932,339,483,10],[2,5044995,968,612,10],[2,5149389,243,1068,10],[2,6825412,371,185,10],[3,10359375,379,534,10],[3,10363879,381,576,10]],"SA":0,"VF":0,"PF":0,"RRD":0,"TI":-1,"RNP":-1},{"OID":8227650,"DUM":false,"N":"Siang77","E":{"BGT":0,"BGC1":1644825,"BGC2":1644825,"SPT":1,"S1":76,"SC1":15708678,"S2":76,"SC2":15708678,"IS":1},"L":70,"LL":950,"H":709,"AVP":104235,"CF":41025888,"HF":416603384,"PRE":13,"SUF":111,"TOPX":-1,"MP":42732110,"R":0,"AID":3318,"AR":6,"AN":"THE MISC","aee":{"ACCA":{"ACLI":10,"ACCS":[7,4,4]},"ACFB":{"ACLI":2,"ACCS":[7,4]}},"RPT":3444495,"AP":[[0,9289760,958,1053,1],[0,13301295,959,1049,4],[0,14593040,973,1044,4],[0,14600690,980,1047,4],[1,9794627,792,953,12],[2,9447042,267,1061,12],[3,10290183,781,436,12]],"VP":[[1,1071417,569,652,10],[1,1213261,547,626,10],[1,1384106,734,574,10],[1,1402861,742,524,10],[1,1573516,543,625,10],[1,1610655,745,570,10],[1,1637836,747,574,10],[1,1679844,668,759,10],[1,2203133,754,557,10],[1,2819074,518,814,10],[1,3274937,650,430,10],[1,4616770,416,757,10],[1,5462828,390,632,10],[1,7001078,796,938,10],[1,7114078,364,573,10],[1,8913195,682,296,10],[1,11520916,665,258,10],[1,12063271,696,1030,10],[2,764504,548,829,10],[2,1036976,794,622,10],[2,1576485,607,378,10],[2,2670406,367,300,10],[2,2677975,315,303,10],[2,3213330,933,515,10],[2,4460377,954,830,10],[2,4729212,316,725,10],[2,5952308,648,219,10],[2,6633947,832,1108,10],[3,795618,622,600,10],[3,4300690,501,582,10],[3,6289087,611,465,10],[3,6966285,596,445,10],[3,7096186,843,588,10],[3,7369701,439,710,10],[3,7417452,436,735,10],[3,7631317,601,433,10],[3,7631621,613,436,10],[3,7631624,612,438,10],[3,7631627,615,439,10],[3,7663380,585,433,10],[3,7991857,665,862,10],[3,9201243,408,466,10],[3,9422737,560,395,10],[3,9791867,400,543,10],[3,10504609,384,600,10],[3,10504619,377,606,10],[3,12061401,950,505,10],[3,12137754,949,593,10]],"SA":0,"VF":0,"PF":0,"RRD":-1,"TI":-1,"RNP":-1}],"AI":[[1,543,615,-1],[2,543,619,-1,13,-138783,1],[10,543,625,1573516,8227650,1,1,-1,"Stone Numel"],[10,544,620,1494791,16084333,1,1,-1,"544:620"],[12,544,622,16672916,7800474,2,2,2,1,0,"Castle tazboyd",0,0,-1,-1,-1,1,0,[],0],[12,545,619,16471511,17518561,5,6,4,2,2,"SAND",0,0,-1,-1,-1,1,0,[],0],[2,545,626,-1,13,-139077,1],[10,546,620,1248360,17728733,0,1,-1,"546:620"],[10,546,625,1213253,14007400,1,1,-1,"546:625"],[12,546,627,1481825,995391,5,5,5,5,6,"Ken Sand",0,0,-1,-1,-1,1,0,[],0],[2,547,616,-1,16,-72011,1],[10,547,617,1248357,17510167,2,1,-1,"547:617"],[10,547,619,1248358,17072426,2,1,-1,"lit"],[10,547,626,1213261,8227650,1,1,-1,"Stone Onix"],[10,548,618,1248369,8433233,0,1,-1,"548:618"],[10,548,620,1248374,17753347,2,1,-1,"548:620"],[10,548,625,1213251,7334626,2,1,-1,"FOOD I"],[10,548,627,1213254,17452589,2,1,-1,"GC7"],[12,549,617,15311644,15897107,5,5,4,4,6,"fire safe",0,0,-1,-1,-1,1,0,[],0],[12,549,624,3263123,2032270,5,5,5,5,5,"King Cannabis",0,0,-1,-1,-1,1,0,[],0],[10,549,626,1213249,17472658,0,1,-1,"549:626"],[10,550,615,1248355,17674801,2,1,-1,"Azkaban A3"],[10,550,618,1248371,14402602,2,1,-1,"550:618"],[2,550,623,-1,21,-79,1],[10,550,625,1213257,17674801,1,1,-1,"Azkaban A9"],[10,551,616,1248370,17674801,2,1,-1,"Azkaban A2"],[2,551,619,-1,24,-75431,1],[12,551,627,6874221,3719096,5,5,5,5,1,"Pies Oven",0,0,-1,-1,-1,1,0,[],0],[10,552,618,1248373,4175105,2,1,-1,"food 3"],[10,552,620,1248372,17558647,2,1,-1,"552:620"],[10,552,625,1213258,12651311,0,1,-1,"552:625"],[12,553,617,13508386,9055325,5,5,5,5,2,"Omar  TentMaker",0,0,-1,-1,-1,1,0,[],0],[12,553,621,12693198,11829210,5,5,5,5,2,"nniikk sand",0,0,-1,-1,-1,1,827,[],0],[10,553,627,1213247,10108246,1,1,-1,"553:627"],[2,554,616,-1,63,-9444,1],[10,554,618,1248375,4175105,2,1,-1,"food 4"],[10,554,620,1248362,16828488,1,1,-1,"Stone 7"],[12,554,626,13090048,11423430,5,5,5,5,5,"Sandyland8",0,0,-1,-1,-1,1,0,[],0],[10,555,617,1248366,17292549,1,1,-1,"mersi"],[2,555,620,-1,66,-9922,1],[2,555,625,-1,60,-9269,1]]}

  json_payload:
{
  "AI": [
    [
      1,
      543,
      615,
      -1
    ],
    [
      2,
      543,
      619,
      -1,
      13,
      -138783,
      1
    ],
    [
      10,
      543,
      625,
      1573516,
      8227650,
      1,
      1,
      -1,
      "Stone Numel"
    ],
    [
      10,
      544,
      620,
      1494791,
      16084333,
      1,
      1,
      -1,
      "544:620"
    ],
    [
      12,
      544,
      622,
      16672916,
      7800474,
      2,
      2,
      2,
      1,
      0,
      "Castle tazboyd",
      0,
      0,
      -1,
      -1,
      -1,
      1,
      0,
      [],
      0
    ],
    [
      12,
      545,
      619,
      16471511,
      17518561,
      5,
      6,
      4,
      2,
      2,
      "SAND",
      0,
      0,
      -1,
      -1,
      -1,
      1,
      0,
      [],
      0
    ],
    [
      2,
      545,
      626,
      -1,
      13,
      -139077,
      1
    ],
    [
      10,
      546,
      620,
      1248360,
      17728733,
      0,
      1,
      -1,
      "546:620"
    ],
    [
      10,
      546,
      625,
      1213253,
      14007400,
      1,
      1,
      -1,
      "546:625"
    ],
    [
      12,
      546,
      627,
      1481825,
      995391,
      5,
      5,
      5,
      5,
      6,
      "Ken Sand",
      0,
      0,
      -1,
      -1,
      -1,
      1,
      0,
      [],
      0
    ],
    [
      2,
      547,
      616,
      -1,
      16,
      -72011,
      1
    ],
    [
      10,
      547,
      617,
      1248357,
      17510167,
      2,
      1,
      -1,
      "547:617"
    ],
    [
      10,
      547,
      619,
      1248358,
      17072426,
      2,
      1,
      -1,
      "lit"
    ],
    [
      10,
      547,
      626,
      1213261,
      8227650,
      1,
      1,
      -1,
      "Stone Onix"
    ],
    [
      10,
      548,
      618,
      1248369,
      8433233,
      0,
      1,
      -1,
      "548:618"
    ],
    [
      10,
      548,
      620,
      1248374,
      17753347,
      2,
      1,
      -1,
      "548:620"
    ],
    [
      10,
      548,
      625,
      1213251,
      7334626,
      2,
      1,
      -1,
      "FOOD I"
    ],
    [
      10,
      548,
      627,
      1213254,
      17452589,
      2,
      1,
      -1,
      "GC7"
    ],
    [
      12,
      549,
      617,
      15311644,
      15897107,
      5,
      5,
      4,
      4,
      6,
      "fire safe",
      0,
      0,
      -1,
      -1,
      -1,
      1,
      0,
      [],
      0
    ],
    [
      12,
      549,
      624,
      3263123,
      2032270,
      5,
      5,
      5,
      5,
      5,
      "King Cannabis",
      0,
      0,
      -1,
      -1,
      -1,
      1,
      0,
      [],
      0
    ],
    [
      10,
      549,
      626,
      1213249,
      17472658,
      0,
      1,
      -1,
      "549:626"
    ],
    [
      10,
      550,
      615,
      1248355,
      17674801,
      2,
      1,
      -1,
      "Azkaban A3"
    ],
    [
      10,
      550,
      618,
      1248371,
      14402602,
      2,
      1,
      -1,
      "550:618"
    ],
    [
      2,
      550,
      623,
      -1,
      21,
      -79,
      1
    ],
    [
      10,
      550,
      625,
      1213257,
      17674801,
      1,
      1,
      -1,
      "Azkaban A9"
    ],
    [
      10,
      551,
      616,
      1248370,
      17674801,
      2,
      1,
      -1,
      "Azkaban A2"
    ],
    [
      2,
      551,
      619,
      -1,
      24,
      -75431,
      1
    ],
    [
      12,
      551,
      627,
      6874221,
      3719096,
      5,
      5,
      5,
      5,
      1,
      "Pies Oven",
      0,
      0,
      -1,
      -1,
      -1,
      1,
      0,
      [],
      0
    ],
    [
      10,
      552,
      618,
      1248373,
      4175105,
      2,
      1,
      -1,
      "food 3"
    ],
    [
      10,
      552,
      620,
      1248372,
      17558647,
      2,
      1,
      -1,
      "552:620"
    ],
    [
      10,
      552,
      625,
      1213258,
      12651311,
      0,
      1,
      -1,
      "552:625"
    ],
    [
      12,
      553,
      617,
      13508386,
      9055325,
      5,
      5,
      5,
      5,
      2,
      "Omar  TentMaker",
      0,
      0,
      -1,
      -1,
      -1,
      1,
      0,
      [],
      0
    ],
    [
      12,
      553,
      621,
      12693198,
      11829210,
      5,
      5,
      5,
      5,
      2,
      "nniikk sand",
      0,
      0,
      -1,
      -1,
      -1,
      1,
      827,
      [],
      0
    ],
    [
      10,
      553,
      627,
      1213247,
      10108246,
      1,
      1,
      -1,
      "553:627"
    ],
    [
      2,
      554,
      616,
      -1,
      63,
      -9444,
      1
    ],
    [
      10,
      554,
      618,
      1248375,
      4175105,
      2,
      1,
      -1,
      "food 4"
    ],
    [
      10,
      554,
      620,
      1248362,
      16828488,
      1,
      1,
      -1,
      "Stone 7"
    ],
    [
      12,
      554,
      626,
      13090048,
      11423430,
      5,
      5,
      5,
      5,
      5,
      "Sandyland8",
      0,
      0,
      -1,
      -1,
      -1,
      1,
      0,
      [],
      0
    ],
    [
      10,
      555,
      617,
      1248366,
      17292549,
      1,
      1,
      -1,
      "mersi"
    ],
    [
      2,
      555,
      620,
      -1,
      66,
      -9922,
      1
    ],
    [
      2,
      555,
      625,
      -1,
      60,
      -9269,
      1
    ]
  ],
  "KID": 1,
  "OI": [
    {
      "AID": -1,
      "AP": [
        [
          0,
          4311121,
          666,
          603,
          1
        ],
        [
          1,
          6874221,
          551,
          627,
          12
        ],
        [
          2,
          5010824,
          588,
          635,
          12
        ],
        [
          3,
          9476130,
          698,
          661,
          12
        ]
      ],
      "AVP": 30630,
      "CF": 81635,
      "DUM": false,
      "E": {
        "BGC1": 14408394,
        "BGC2": 11993088,
        "BGT": 0,
        "IS": 1,
        "S1": 47,
        "S2": 47,
        "SC1": 1644825,
        "SC2": 1644825,
        "SPT": 2
      },
      "H": 0,
      "HF": 2721592,
      "L": 70,
      "LL": 194,
      "MP": 216296,
      "N": "piesman",
      "OID": 3719096,
      "PF": 0,
      "PRE": 103,
      "R": 1,
      "RNP": -1,
      "RPT": 0,
      "RRD": 0,
      "SA": 0,
      "SUF": -1,
      "TI": -1,
      "TOPX": -1,
      "VF": 0,
      "VP": []
    },
    {
      "AID": 147040,
      "AN": "Reaping Forest",
      "AP": [
        [
          0,
          16293247,
          657,
          538,
          4
        ],
        [
          0,
          16298665,
          672,
          541,
          4
        ],
        [
          0,
          16299091,
          648,
          545,
          1
        ],
        [
          0,
          16316810,
          655,
          544,
          4
        ],
        [
          1,
          16329396,
          604,
          760,
          12
        ],
        [
          2,
          16310947,
          545,
          582,
          12
        ],
        [
          3,
          16337599,
          574,
          778,
          12
        ],
        [
          4,
          220,
          665,
          626,
          12
        ]
      ],
      "AR": 8,
      "AVP": 94555,
      "CF": 312076754,
      "DUM": false,
      "E": {
        "BGC1": 39783,
        "BGC2": 1644825,
        "BGT": 3,
        "IS": 1,
        "S1": 3,
        "S2": 9,
        "SC1": 1644825,
        "SC2": 39783,
        "SPT": 4
      },
      "H": 0,
      "HF": 317887671,
      "L": 70,
      "LL": 950,
      "MP": 19076175,
      "N": "teodolinda ilie",
      "OID": 17292549,
      "PF": 0,
      "PRE": 13,
      "R": 0,
      "RNP": -1,
      "RPT": 0,
      "RRD": -1,
      "SA": 0,
      "SUF": 29,
      "TI": -1,
      "TOPX": -1,
      "VF": 1,
      "VP": [
        [
          1,
          309707,
          629,
          631,
          10
        ],
        [
          1,
          796371,
          624,
          712,
          10
        ],
        [
          1,
          1248366,
          555,
          617,
          10
        ],
        [
          1,
          1266278,
          551,
          729,
          10
        ],
        [
          1,
          1397511,
          593,
          747,
          10
        ],
        [
          1,
          1475479,
          615,
          750,
          10
        ],
        [
          1,
          1616854,
          615,
          761,
          10
        ],
        [
          1,
          1670964,
          601,
          763,
          10
        ],
        [
          1,
          1670968,
          603,
          758,
          10
        ],
        [
          1,
          2322292,
          668,
          787,
          10
        ],
        [
          1,
          2345729,
          604,
          788,
          10
        ],
        [
          1,
          2569616,
          501,
          794,
          10
        ],
        [
          1,
          2572463,
          698,
          801,
          10
        ],
        [
          1,
          2572466,
          692,
          802,
          10
        ],
        [
          1,
          2811759,
          481,
          716,
          10
        ],
        [
          1,
          2826865,
          631,
          807,
          10
        ],
        [
          1,
          3412563,
          457,
          837,
          10
        ],
        [
          1,
          3780000,
          583,
          854,
          10
        ],
        [
          1,
          3783670,
          616,
          855,
          10
        ],
        [
          1,
          3783676,
          620,
          848,
          10
        ],
        [
          1,
          4158375,
          587,
          859,
          10
        ],
        [
          1,
          4232810,
          612,
          400,
          10
        ],
        [
          1,
          4440066,
          594,
          878,
          10
        ],
        [
          1,
          11129191,
          1017,
          263,
          10
        ],
        [
          1,
          11129207,
          1017,
          271,
          10
        ],
        [
          1,
          11582444,
          271,
          249,
          10
        ],
        [
          1,
          11975448,
          851,
          235,
          10
        ],
        [
          1,
          12084445,
          991,
          412,
          10
        ],
        [
          1,
          12085376,
          994,
          485,
          10
        ],
        [
          1,
          12279140,
          993,
          665,
          10
        ],
        [
          2,
          320539,
          580,
          560,
          10
        ],
        [
          2,
          324703,
          564,
          561,
          10
        ],
        [
          2,
          359608,
          580,
          552,
          10
        ],
        [
          2,
          359618,
          576,
          552,
          10
        ],
        [
          2,
          362861,
          569,
          554,
          10
        ],
        [
          2,
          449922,
          579,
          530,
          10
        ],
        [
          2,
          456212,
          547,
          580,
          10
        ],
        [
          2,
          456215,
          548,
          583,
          10
        ],
        [
          2,
          513156,
          556,
          517,
          10
        ],
        [
          2,
          577770,
          498,
          502,
          10
        ],
        [
          2,
          793513,
          495,
          576,
          10
        ],
        [
          2,
          796432,
          495,
          630,
          10
        ],
        [
          2,
          1133168,
          478,
          514,
          10
        ],
        [
          2,
          1133174,
          476,
          514,
          10
        ],
        [
          2,
          1968768,
          424,
          596,
          10
        ],
        [
          3,
          1400944,
          581,
          686,
          10
        ],
        [
          3,
          1440034,
          573,
          667,
          10
        ],
        [
          3,
          2106405,
          556,
          733,
          10
        ],
        [
          3,
          3881990,
          511,
          762,
          10
        ],
        [
          3,
          4104150,
          621,
          777,
          10
        ],
        [
          3,
          4450842,
          544,
          784,
          10
        ],
        [
          3,
          4452063,
          574,
          785,
          10
        ],
        [
          3,
          4503085,
          562,
          790,
          10
        ],
        [
          3,
          4503092,
          565,
          789,
          10
        ],
        [
          3,
          4503099,
          569,
          791,
          10
        ],
        [
          3,
          4882027,
          516,
          795,
          10
        ],
        [
          3,
          4882037,
          546,
          795,
          10
        ],
        [
          3,
          4918372,
          542,
          801,
          10
        ],
        [
          3,
          4918381,
          539,
          801,
          10
        ],
        [
          3,
          5286987,
          550,
          814,
          10
        ],
        [
          3,
          5361730,
          485,
          814,
          10
        ],
        [
          3,
          5839236,
          455,
          817,
          10
        ],
        [
          3,
          6050982,
          573,
          822,
          10
        ],
        [
          3,
          6149596,
          455,
          826,
          10
        ],
        [
          3,
          6803644,
          681,
          834,
          10
        ],
        [
          3,
          7422892,
          461,
          851,
          10
        ],
        [
          3,
          7965352,
          551,
          863,
          10
        ],
        [
          3,
          7965364,
          547,
          867,
          10
        ],
        [
          3,
          8405422,
          421,
          820,
          10
        ],
        [
          3,
          9143051,
          462,
          888,
          10
        ],
        [
          3,
          9274833,
          414,
          760,
          10
        ],
        [
          3,
          12135161,
          347,
          735,
          10
        ],
        [
          3,
          12850833,
          864,
          979,
          10
        ],
        [
          3,
          12851036,
          906,
          977,
          10
        ],
        [
          3,
          12869108,
          925,
          984,
          10
        ]
      ],
      "aee": {
        "ACCA": {
          "ACCS": [
            18,
            10
          ],
          "ACLI": 3
        },
        "ACFB": {}
      }
    },
    {
      "AID": 117016,
      "AN": "Valor Lords",
      "AP": [
        [
          0,
          15985181,
          680,
          590,
          1
        ],
        [
          0,
          16683902,
          536,
          951,
          4
        ],
        [
          0,
          16683903,
          539,
          943,
          4
        ],
        [
          0,
          16683905,
          542,
          957,
          4
        ],
        [
          1,
          16085023,
          517,
          622,
          12
        ],
        [
          2,
          16042489,
          667,
          534,
          12
        ],
        [
          3,
          16108371,
          655,
          543,
          12
        ]
      ],
      "AR": 8,
      "AVP": 42390,
      "CF": 19997850,
      "DUM": false,
      "E": {
        "BGC1": 11993088,
        "BGC2": 1644825,
        "BGT": 3,
        "IS": 1,
        "S1": 14,
        "S2": 35,
        "SC1": 1644825,
        "SC2": 11993088,
        "SPT": 4
      },
      "H": 755,
      "HF": 36569834,
      "L": 70,
      "LL": 509,
      "MP": 2471474,
      "N": "King Cesar I",
      "OID": 16828488,
      "PF": 1,
      "PRE": 105,
      "R": 0,
      "RNP": -1,
      "RPT": 0,
      "RRD": 0,
      "SA": 0,
      "SUF": 27,
      "TI": -1,
      "TOPX": -1,
      "VF": 0,
      "VP": [
        [
          1,
          1248362,
          554,
          620,
          10
        ],
        [
          1,
          1573512,
          536,
          632,
          10
        ],
        [
          1,
          1743633,
          523,
          595,
          10
        ],
        [
          1,
          1746219,
          527,
          603,
          10
        ],
        [
          1,
          1823308,
          525,
          582,
          10
        ],
        [
          1,
          2132068,
          515,
          568,
          10
        ],
        [
          1,
          2138637,
          511,
          603,
          10
        ],
        [
          1,
          2138642,
          511,
          609,
          10
        ],
        [
          1,
          2176237,
          513,
          593,
          10
        ],
        [
          1,
          2180339,
          518,
          633,
          10
        ],
        [
          1,
          2180345,
          512,
          633,
          10
        ],
        [
          1,
          2180352,
          518,
          635,
          10
        ],
        [
          1,
          2180898,
          514,
          674,
          10
        ],
        [
          1,
          2199870,
          515,
          622,
          10
        ],
        [
          1,
          2199878,
          516,
          614,
          10
        ],
        [
          1,
          2446821,
          505,
          575,
          10
        ],
        [
          1,
          2446825,
          503,
          581,
          10
        ],
        [
          1,
          2450773,
          497,
          617,
          10
        ],
        [
          1,
          2485770,
          504,
          566,
          10
        ],
        [
          1,
          2485783,
          505,
          568,
          10
        ],
        [
          1,
          2493544,
          499,
          606,
          10
        ],
        [
          1,
          2528067,
          499,
          556,
          10
        ],
        [
          1,
          2528068,
          495,
          556,
          10
        ],
        [
          1,
          2548318,
          505,
          592,
          10
        ],
        [
          1,
          2792620,
          485,
          602,
          10
        ],
        [
          1,
          2792624,
          490,
          607,
          10
        ],
        [
          1,
          2840860,
          484,
          577,
          10
        ],
        [
          1,
          2840864,
          491,
          580,
          10
        ],
        [
          1,
          2841873,
          491,
          614,
          10
        ],
        [
          1,
          3884681,
          451,
          605,
          10
        ],
        [
          2,
          361174,
          657,
          556,
          10
        ],
        [
          2,
          361176,
          656,
          555,
          10
        ],
        [
          2,
          397574,
          661,
          534,
          10
        ],
        [
          2,
          398808,
          689,
          541,
          10
        ],
        [
          2,
          399236,
          730,
          540,
          10
        ],
        [
          2,
          400941,
          681,
          534,
          10
        ],
        [
          2,
          406005,
          665,
          534,
          10
        ],
        [
          2,
          445034,
          702,
          521,
          10
        ],
        [
          2,
          448999,
          687,
          531,
          10
        ],
        [
          2,
          516474,
          699,
          510,
          10
        ],
        [
          2,
          521412,
          679,
          511,
          10
        ],
        [
          2,
          569586,
          660,
          502,
          10
        ],
        [
          2,
          577440,
          683,
          497,
          10
        ],
        [
          2,
          579406,
          672,
          501,
          10
        ],
        [
          2,
          615598,
          676,
          488,
          10
        ],
        [
          3,
          886436,
          631,
          600,
          10
        ],
        [
          3,
          1282585,
          639,
          591,
          10
        ],
        [
          3,
          1582319,
          642,
          576,
          10
        ],
        [
          3,
          1672478,
          589,
          578,
          10
        ],
        [
          3,
          2586697,
          652,
          550,
          10
        ],
        [
          3,
          2586702,
          651,
          554,
          10
        ],
        [
          3,
          2592430,
          697,
          549,
          10
        ],
        [
          3,
          2852423,
          658,
          538,
          10
        ],
        [
          3,
          3325710,
          657,
          531,
          10
        ],
        [
          3,
          4095176,
          591,
          518,
          10
        ],
        [
          3,
          4518858,
          639,
          502,
          10
        ],
        [
          3,
          4653360,
          585,
          500,
          10
        ]
      ],
      "aee": {
        "ACCA": {
          "ACCS": [
            20,
            16
          ],
          "ACLI": 6
        },
        "ACFB": {}
      }
    },
    {
      "AID": 5590,
      "AN": "Lisebel1 Legacy",
      "AP": [
        [
          0,
          11259214,
          1151,
          628,
          1
        ],
        [
          0,
          16557821,
          1145,
          631,
          4
        ],
        [
          0,
          16559303,
          1147,
          635,
          4
        ],
        [
          0,
          16585508,
          1158,
          630,
          4
        ],
        [
          1,
          11885174,
          680,
          725,
          12
        ],
        [
          2,
          11514148,
          683,
          566,
          12
        ],
        [
          3,
          12083400,
          689,
          707,
          12
        ]
      ],
      "AR": 6,
      "AVP": 46430,
      "CF": 1938914,
      "DUM": false,
      "E": {
        "BGC1": 1644825,
        "BGC2": 4006527,
        "BGT": 1,
        "IS": 1,
        "S1": 39,
        "S2": 39,
        "SC1": 14408394,
        "SC2": 14408394,
        "SPT": 1
      },
      "H": 758,
      "HF": 16232611,
      "L": 70,
      "LL": 351,
      "MP": 1185509,
      "N": "FastTasha",
      "OID": 10108246,
      "PF": 0,
      "PRE": 13,
      "R": 0,
      "RNP": -1,
      "RPT": 0,
      "RRD": 0,
      "SA": 0,
      "SUF": 16,
      "TI": -1,
      "TOPX": -1,
      "VF": 0,
      "VP": [
        [
          1,
          632971,
          609,
          613,
          10
        ],
        [
          1,
          1087413,
          718,
          717,
          10
        ],
        [
          1,
          1213247,
          553,
          627,
          10
        ],
        [
          1,
          1224265,
          547,
          578,
          10
        ],
        [
          1,
          1228469,
          633,
          734,
          10
        ],
        [
          1,
          1234548,
          670,
          736,
          10
        ],
        [
          1,
          1234550,
          673,
          730,
          10
        ],
        [
          1,
          1397787,
          628,
          751,
          10
        ],
        [
          1,
          1428879,
          680,
          742,
          10
        ],
        [
          1,
          1477721,
          661,
          746,
          10
        ],
        [
          1,
          1567689,
          533,
          592,
          10
        ],
        [
          1,
          3112753,
          800,
          685,
          10
        ],
        [
          1,
          3120721,
          800,
          657,
          10
        ],
        [
          1,
          3444107,
          814,
          634,
          10
        ],
        [
          1,
          3453066,
          808,
          703,
          10
        ],
        [
          1,
          3477295,
          560,
          836,
          10
        ],
        [
          1,
          4160919,
          836,
          674,
          10
        ],
        [
          1,
          4223621,
          575,
          868,
          10
        ],
        [
          1,
          4457165,
          848,
          723,
          10
        ],
        [
          1,
          4672723,
          521,
          895,
          10
        ],
        [
          2,
          276780,
          700,
          578,
          10
        ],
        [
          2,
          279491,
          685,
          575,
          10
        ],
        [
          2,
          318181,
          704,
          562,
          10
        ],
        [
          2,
          323873,
          689,
          570,
          10
        ],
        [
          2,
          323876,
          695,
          560,
          10
        ],
        [
          2,
          361441,
          669,
          554,
          10
        ],
        [
          2,
          362168,
          689,
          547,
          10
        ],
        [
          2,
          1138075,
          445,
          417,
          10
        ],
        [
          2,
          1143138,
          438,
          427,
          10
        ],
        [
          3,
          1419742,
          664,
          700,
          10
        ],
        [
          3,
          1620429,
          695,
          695,
          10
        ],
        [
          3,
          1925364,
          691,
          704,
          10
        ],
        [
          3,
          1925379,
          693,
          713,
          10
        ],
        [
          3,
          1925381,
          692,
          707,
          10
        ],
        [
          3,
          1967208,
          711,
          691,
          10
        ],
        [
          3,
          1985919,
          682,
          707,
          10
        ],
        [
          3,
          1997561,
          711,
          704,
          10
        ],
        [
          3,
          2265800,
          668,
          717,
          10
        ],
        [
          3,
          2280310,
          694,
          722,
          10
        ],
        [
          3,
          2623725,
          699,
          736,
          10
        ],
        [
          3,
          3120300,
          526,
          577,
          10
        ],
        [
          3,
          3180188,
          530,
          618,
          10
        ],
        [
          3,
          5870176,
          815,
          791,
          10
        ],
        [
          3,
          6610824,
          791,
          837,
          10
        ],
        [
          3,
          6610828,
          781,
          840,
          10
        ],
        [
          3,
          7080684,
          842,
          815,
          10
        ]
      ],
      "aee": {
        "ACCA": {
          "ACCS": [
            19,
            1
          ],
          "ACLI": 7
        },
        "ACFB": {}
      }
    },
    {
      "AID": 32169,
      "AN": "The Cold Truth",
      "AP": [
        [
          0,
          16455746,
          554,
          141,
          4
        ],
        [
          0,
          16591413,
          555,
          134,
          4
        ],
        [
          0,
          16596515,
          562,
          128,
          4
        ],
        [
          0,
          16673017,
          559,
          129,
          1
        ],
        [
          1,
          16673046,
          626,
          595,
          12
        ],
        [
          2,
          16673024,
          741,
          590,
          12
        ],
        [
          3,
          16673505,
          549,
          664,
          12
        ],
        [
          4,
          2285,
          719,
          660,
          12
        ]
      ],
      "AR": 8,
      "AVP": 45760,
      "CF": 37084217,
      "DUM": false,
      "E": {
        "BGC1": 15259663,
        "BGC2": 15259663,
        "BGT": 0,
        "IS": 1,
        "S1": 42,
        "S2": 42,
        "SC1": 1644825,
        "SC2": 1644825,
        "SPT": 1
      },
      "H": 564,
      "HF": 51613105,
      "L": 70,
      "LL": 84,
      "MP": 1501557,
      "N": "Patty_13",
      "OID": 17753347,
      "PF": 0,
      "PRE": 13,
      "R": 0,
      "RNP": -1,
      "RPT": 0,
      "RRD": 0,
      "SA": 0,
      "SUF": 111,
      "TI": -1,
      "TOPX": -1,
      "VF": 0,
      "VP": [
        [
          1,
          611544,
          607,
          648,
          10
        ],
        [
          1,
          632995,
          605,
          657,
          10
        ],
        [
          1,
          632998,
          601,
          661,
          10
        ],
        [
          1,
          632999,
          601,
          658,
          10
        ],
        [
          1,
          1048924,
          564,
          626,
          10
        ],
        [
          1,
          1248374,
          548,
          620,
          10
        ]
      ],
      "aee": {
        "ACCA": {
          "ACCS": [
            12,
            7
          ],
          "ACLI": 7
        },
        "ACFB": {}
      }
    },
    {
      "AID": 880,
      "AN": "THE ARROW",
      "AP": [
        [
          0,
          8317656,
          606,
          761,
          1
        ],
        [
          0,
          8555358,
          593,
          771,
          4
        ],
        [
          0,
          8682073,
          589,
          743,
          4
        ],
        [
          0,
          9050778,
          632,
          769,
          4
        ],
        [
          1,
          9173674,
          356,
          510,
          12
        ],
        [
          2,
          8554444,
          627,
          834,
          12
        ],
        [
          3,
          10052274,
          580,
          580,
          12
        ]
      ],
      "AR": 6,
      "AVP": 35020,
      "CF": 14113,
      "DUM": false,
      "E": {
        "BGC1": 1009082,
        "BGC2": 15259663,
        "BGT": 3,
        "IS": 1,
        "S1": 39,
        "S2": 39,
        "SC1": 5197126,
        "SC2": 5197126,
        "SPT": 1
      },
      "H": 124,
      "HF": 414419,
      "L": 70,
      "LL": 189,
      "MP": 248314,
      "N": "Kyle Landon",
      "OID": 7334626,
      "PF": 1,
      "PRE": 3,
      "R": 0,
      "RNP": -1,
      "RPT": 0,
      "RRD": -1,
      "SA": 0,
      "SUF": -1,
      "TI": -1,
      "TOPX": -1,
      "VF": 0,
      "VP": [
        [
          1,
          625130,
          601,
          695,
          10
        ],
        [
          1,
          1213251,
          548,
          625,
          10
        ],
        [
          1,
          2627131,
          639,
          794,
          10
        ],
        [
          2,
          254543,
          632,
          709,
          10
        ],
        [
          2,
          257173,
          612,
          708,
          10
        ],
        [
          2,
          396862,
          613,
          540,
          10
        ],
        [
          2,
          616926,
          577,
          482,
          10
        ],
        [
          2,
          685496,
          512,
          605,
          10
        ],
        [
          2,
          3034534,
          913,
          873,
          10
        ],
        [
          2,
          3197286,
          353,
          733,
          10
        ],
        [
          2,
          3331366,
          983,
          1018,
          10
        ],
        [
          2,
          5062168,
          970,
          950,
          10
        ],
        [
          3,
          9787862,
          400,
          496,
          10
        ]
      ],
      "aee": {
        "ACCA": {
          "ACCS": [
            4,
            7
          ],
          "ACLI": 2
        },
        "ACFB": {}
      }
    },
    {
      "AID": 186907,
      "AN": "The Rohirrim",
      "AP": [
        [
          0,
          9518777,
          693,
          682,
          1
        ],
        [
          0,
          15886301,
          706,
          673,
          4
        ],
        [
          0,
          16643346,
          691,
          695,
          4
        ],
        [
          0,
          16672611,
          667,
          665,
          4
        ],
        [
          1,
          13093375,
          531,
          664,
          12
        ],
        [
          2,
          12678288,
          683,
          562,
          12
        ],
        [
          3,
          13213555,
          683,
          532,
          12
        ]
      ],
      "AR": 6,
      "AVP": 58640,
      "CF": 2947937,
      "DUM": false,
      "E": {
        "BGC1": 4690653,
        "BGC2": 14408394,
        "BGT": 3,
        "IS": 1,
        "S1": 71,
        "S2": 71,
        "SC1": 13509737,
        "SC2": 13509737,
        "SPT": 1
      },
      "H": 629,
      "HF": 70756817,
      "L": 70,
      "LL": 483,
      "MP": 1409770,
      "N": "Tommy815ruler",
      "OID": 8433233,
      "PF": 0,
      "PRE": 105,
      "R": 0,
      "RNP": -1,
      "RPT": 0,
      "RRD": 0,
      "SA": 0,
      "SUF": 18,
      "TI": -1,
      "TOPX": -1,
      "VF": 0,
      "VP": [
        [
          1,
          466587,
          616,
          657,
          10
        ],
        [
          1,
          1211633,
          546,
          596,
          10
        ],
        [
          1,
          1248369,
          548,
          618,
          10
        ],
        [
          1,
          1510335,
          542,
          609,
          10
        ],
        [
          1,
          1510339,
          541,
          608,
          10
        ],
        [
          1,
          1510340,
          540,
          609,
          10
        ],
        [
          1,
          1578250,
          538,
          673,
          10
        ],
        [
          1,
          1770477,
          524,
          723,
          10
        ],
        [
          1,
          1855693,
          525,
          694,
          10
        ],
        [
          1,
          1998904,
          603,
          502,
          10
        ],
        [
          1,
          2150996,
          509,
          687,
          10
        ],
        [
          1,
          2180902,
          513,
          664,
          10
        ],
        [
          1,
          2454794,
          503,
          700,
          10
        ],
        [
          1,
          2799485,
          485,
          645,
          10
        ],
        [
          1,
          3069326,
          475,
          647,
          10
        ],
        [
          1,
          3069329,
          479,
          648,
          10
        ],
        [
          1,
          3776331,
          526,
          853,
          10
        ],
        [
          1,
          4151066,
          440,
          863,
          10
        ],
        [
          1,
          4151086,
          432,
          863,
          10
        ],
        [
          1,
          4171091,
          449,
          864,
          10
        ],
        [
          1,
          4171098,
          452,
          865,
          10
        ],
        [
          1,
          4171102,
          452,
          863,
          10
        ],
        [
          1,
          4209057,
          464,
          863,
          10
        ],
        [
          1,
          4604925,
          425,
          854,
          10
        ],
        [
          1,
          4604928,
          421,
          850,
          10
        ],
        [
          1,
          4604929,
          426,
          855,
          10
        ],
        [
          1,
          5072383,
          406,
          839,
          10
        ],
        [
          1,
          5072391,
          409,
          840,
          10
        ],
        [
          1,
          5072400,
          410,
          839,
          10
        ],
        [
          1,
          5119625,
          407,
          852,
          10
        ],
        [
          2,
          254753,
          663,
          710,
          10
        ],
        [
          2,
          257572,
          645,
          708,
          10
        ],
        [
          2,
          315917,
          669,
          569,
          10
        ],
        [
          2,
          320018,
          681,
          563,
          10
        ],
        [
          2,
          320027,
          676,
          560,
          10
        ],
        [
          2,
          320034,
          678,
          566,
          10
        ],
        [
          2,
          323880,
          690,
          561,
          10
        ],
        [
          2,
          361175,
          658,
          555,
          10
        ],
        [
          2,
          444501,
          635,
          530,
          10
        ],
        [
          2,
          447961,
          607,
          529,
          10
        ],
        [
          2,
          560352,
          741,
          640,
          10
        ],
        [
          2,
          560361,
          744,
          643,
          10
        ],
        [
          2,
          579418,
          667,
          497,
          10
        ],
        [
          2,
          688328,
          677,
          470,
          10
        ],
        [
          2,
          2281481,
          611,
          943,
          10
        ],
        [
          3,
          1282643,
          682,
          586,
          10
        ],
        [
          3,
          2358548,
          725,
          619,
          10
        ],
        [
          3,
          2453680,
          715,
          627,
          10
        ],
        [
          3,
          4104884,
          664,
          510,
          10
        ],
        [
          3,
          4495521,
          769,
          671,
          10
        ],
        [
          3,
          4515240,
          771,
          602,
          10
        ],
        [
          3,
          4518870,
          640,
          503,
          10
        ],
        [
          3,
          4524133,
          686,
          495,
          10
        ],
        [
          3,
          4661893,
          672,
          496,
          10
        ],
        [
          3,
          4661896,
          673,
          499,
          10
        ],
        [
          3,
          5011530,
          680,
          492,
          10
        ],
        [
          3,
          5011548,
          681,
          488,
          10
        ],
        [
          3,
          5517901,
          768,
          470,
          10
        ],
        [
          3,
          5903708,
          817,
          498,
          10
        ],
        [
          3,
          6484254,
          820,
          535,
          10
        ],
        [
          3,
          7064627,
          843,
          736,
          10
        ],
        [
          3,
          7064629,
          834,
          738,
          10
        ],
        [
          3,
          7064630,
          840,
          738,
          10
        ],
        [
          3,
          7096167,
          843,
          551,
          10
        ],
        [
          3,
          8079184,
          859,
          473,
          10
        ],
        [
          3,
          8079197,
          865,
          479,
          10
        ],
        [
          3,
          8180472,
          864,
          489,
          10
        ],
        [
          3,
          8180477,
          862,
          492,
          10
        ],
        [
          3,
          8180609,
          866,
          499,
          10
        ],
        [
          3,
          8500210,
          872,
          464,
          10
        ],
        [
          3,
          8504095,
          875,
          495,
          10
        ],
        [
          3,
          8729944,
          873,
          471,
          10
        ],
        [
          3,
          8729945,
          877,
          471,
          10
        ]
      ],
      "aee": {
        "ACCA": {
          "ACCS": [
            1,
            7
          ],
          "ACLI": 7
        },
        "ACFB": {}
      }
    },
    {
      "AID": 1851,
      "AN": "Drakes United",
      "AP": [
        [
          0,
          2344147,
          215,
          1009,
          1
        ],
        [
          0,
          14761061,
          680,
          904,
          4
        ],
        [
          0,
          14761062,
          398,
          615,
          4
        ],
        [
          0,
          14761063,
          1157,
          178,
          4
        ],
        [
          1,
          3263123,
          549,
          624,
          12
        ],
        [
          2,
          2914799,
          499,
          294,
          12
        ],
        [
          3,
          4717302,
          541,
          502,
          12
        ]
      ],
      "AR": 7,
      "AVP": 13465,
      "CF": 1468,
      "DUM": false,
      "E": {
        "BGC1": 13509737,
        "BGC2": 13509737,
        "BGT": 1,
        "IS": 1,
        "S1": 57,
        "S2": 57,
        "SC1": 14408394,
        "SC2": 14408394,
        "SPT": 1
      },
      "H": 0,
      "HF": 315319,
      "L": 70,
      "LL": 97,
      "MP": 100688,
      "N": "rajdutt",
      "OID": 2032270,
      "PF": 1,
      "PRE": 0,
      "R": 0,
      "RNP": -1,
      "RPT": 0,
      "RRD": 0,
      "SA": 0,
      "SUF": -1,
      "TI": -1,
      "TOPX": -1,
      "VF": 0,
      "VP": [],
      "aee": {
        "ACCA": {
          "ACCS": [
            1
          ],
          "ACLI": 1
        },
        "ACFB": {}
      }
    },
    {
      "AID": 177207,
      "AN": "We R Gladiators",
      "AP": [
        [
          0,
          16561283,
          930,
          654,
          4
        ],
        [
          0,
          16572208,
          905,
          652,
          4
        ],
        [
          0,
          16582412,
          927,
          664,
          4
        ],
        [
          0,
          16632052,
          925,
          664,
          1
        ],
        [
          1,
          16633839,
          486,
          673,
          12
        ],
        [
          2,
          16632138,
          696,
          788,
          12
        ],
        [
          3,
          16634431,
          773,
          790,
          12
        ]
      ],
      "AR": 6,
      "AVP": 41645,
      "CF": 414347,
      "DUM": false,
      "E": {
        "BGC1": 14037522,
        "BGC2": 4006527,
        "BGT": 3,
        "IS": 1,
        "S1": 44,
        "S2": 44,
        "SC1": 4006527,
        "SC2": 4006527,
        "SPT": 1
      },
      "H": 1152,
      "HF": 7098597,
      "L": 70,
      "LL": 139,
      "MP": 563223,
      "N": "bk2",
      "OID": 17728733,
      "PF": 0,
      "PRE": 103,
      "R": 0,
      "RNP": -1,
      "RPT": 0,
      "RRD": 0,
      "SA": 0,
      "SUF": -1,
      "TI": -1,
      "TOPX": -1,
      "VF": 0,
      "VP": [
        [
          1,
          912721,
          572,
          684,
          10
        ],
        [
          1,
          1248360,
          546,
          620,
          10
        ],
        [
          1,
          1755486,
          528,
          686,
          10
        ],
        [
          1,
          1759437,
          522,
          709,
          10
        ],
        [
          1,
          2151014,
          511,
          683,
          10
        ],
        [
          1,
          2180894,
          514,
          670,
          10
        ],
        [
          1,
          2503206,
          505,
          680,
          10
        ],
        [
          1,
          2503221,
          498,
          680,
          10
        ],
        [
          1,
          2503223,
          497,
          687,
          10
        ],
        [
          1,
          2562110,
          496,
          670,
          10
        ],
        [
          1,
          2562113,
          495,
          667,
          10
        ],
        [
          1,
          2800406,
          481,
          668,
          10
        ],
        [
          1,
          2800411,
          489,
          668,
          10
        ],
        [
          1,
          2800412,
          483,
          672,
          10
        ],
        [
          1,
          2800421,
          485,
          672,
          10
        ],
        [
          1,
          2802714,
          485,
          677,
          10
        ],
        [
          1,
          2802718,
          484,
          680,
          10
        ],
        [
          1,
          2802730,
          492,
          681,
          10
        ],
        [
          1,
          2802733,
          483,
          679,
          10
        ],
        [
          1,
          3069900,
          471,
          680,
          10
        ],
        [
          1,
          3069911,
          479,
          684,
          10
        ],
        [
          1,
          3075310,
          475,
          666,
          10
        ],
        [
          1,
          3075321,
          477,
          666,
          10
        ],
        [
          1,
          3075324,
          476,
          667,
          10
        ],
        [
          1,
          3075325,
          474,
          673,
          10
        ],
        [
          1,
          3075326,
          475,
          672,
          10
        ],
        [
          1,
          3085565,
          476,
          693,
          10
        ],
        [
          1,
          3464020,
          466,
          692,
          10
        ],
        [
          1,
          4221554,
          437,
          677,
          10
        ],
        [
          2,
          518378,
          703,
          777,
          10
        ],
        [
          2,
          581171,
          711,
          783,
          10
        ],
        [
          2,
          581178,
          708,
          782,
          10
        ],
        [
          2,
          581180,
          702,
          787,
          10
        ],
        [
          2,
          581183,
          706,
          790,
          10
        ],
        [
          2,
          587366,
          684,
          786,
          10
        ],
        [
          2,
          587382,
          685,
          789,
          10
        ],
        [
          2,
          588208,
          698,
          782,
          10
        ],
        [
          2,
          588212,
          694,
          790,
          10
        ],
        [
          2,
          588213,
          690,
          790,
          10
        ],
        [
          2,
          588216,
          696,
          785,
          10
        ],
        [
          2,
          588218,
          698,
          785,
          10
        ],
        [
          2,
          588219,
          700,
          785,
          10
        ],
        [
          2,
          618236,
          695,
          794,
          10
        ],
        [
          2,
          622455,
          710,
          794,
          10
        ],
        [
          3,
          4090271,
          742,
          771,
          10
        ],
        [
          3,
          4140090,
          763,
          776,
          10
        ],
        [
          3,
          4468995,
          775,
          785,
          10
        ],
        [
          3,
          4468996,
          770,
          786,
          10
        ],
        [
          3,
          4469013,
          767,
          787,
          10
        ],
        [
          3,
          4552201,
          765,
          791,
          10
        ],
        [
          3,
          4552202,
          760,
          790,
          10
        ],
        [
          3,
          4552207,
          764,
          788,
          10
        ],
        [
          3,
          4560227,
          786,
          786,
          10
        ],
        [
          3,
          4560237,
          785,
          789,
          10
        ],
        [
          3,
          4560238,
          783,
          785,
          10
        ],
        [
          3,
          4915303,
          744,
          795,
          10
        ],
        [
          3,
          4915304,
          744,
          797,
          10
        ],
        [
          3,
          4917231,
          781,
          803,
          10
        ],
        [
          3,
          4917232,
          785,
          802,
          10
        ],
        [
          3,
          4938694,
          767,
          797,
          10
        ],
        [
          3,
          4938699,
          774,
          804,
          10
        ],
        [
          3,
          4938700,
          769,
          803,
          10
        ],
        [
          3,
          4938707,
          767,
          799,
          10
        ],
        [
          3,
          4971255,
          762,
          804,
          10
        ],
        [
          3,
          4971265,
          764,
          800,
          10
        ],
        [
          3,
          5372604,
          760,
          807,
          10
        ],
        [
          3,
          5372607,
          758,
          807,
          10
        ],
        [
          3,
          5374596,
          804,
          812,
          10
        ],
        [
          3,
          5420275,
          801,
          791,
          10
        ],
        [
          3,
          5906214,
          813,
          774,
          10
        ],
        [
          3,
          5906221,
          806,
          768,
          10
        ],
        [
          3,
          6543894,
          823,
          774,
          10
        ],
        [
          3,
          7078106,
          832,
          775,
          10
        ]
      ],
      "aee": {
        "ACCA": {
          "ACCS": [
            7,
            4
          ],
          "ACLI": 4
        },
        "ACFB": {}
      }
    },
    {
      "AID": 178007,
      "AN": "Shangri-la",
      "AP": [
        [
          0,
          6020566,
          865,
          694,
          4
        ],
        [
          0,
          10199310,
          865,
          705,
          1
        ],
        [
          0,
          10938983,
          864,
          704,
          4
        ],
        [
          0,
          13104815,
          860,
          710,
          4
        ],
        [
          1,
          13508386,
          553,
          617,
          12
        ],
        [
          2,
          11804535,
          674,
          878,
          12
        ],
        [
          3,
          13604182,
          577,
          708,
          12
        ]
      ],
      "AR": 2,
      "AVP": 56315,
      "CF": 158248,
      "DUM": false,
      "E": {
        "BGC1": 1009082,
        "BGC2": 13550873,
        "BGT": 2,
        "IS": 1,
        "S1": 47,
        "S2": 47,
        "SC1": 14408394,
        "SC2": 14408394,
        "SPT": 4
      },
      "H": 0,
      "HF": 2326387,
      "L": 70,
      "LL": 593,
      "MP": 489335,
      "N": "Goodwife1",
      "OID": 9055325,
      "PF": 0,
      "PRE": 4,
      "R": 0,
      "RNP": -1,
      "RPT": 0,
      "RRD": -1,
      "SA": 0,
      "SUF": -1,
      "TI": -1,
      "TOPX": -1,
      "VF": 0,
      "VP": [],
      "aee": {
        "ACCA": {
          "ACCS": [
            18,
            1
          ],
          "ACLI": 4
        },
        "ACFB": {}
      }
    },
    {
      "AID": 190518,
      "AN": "Demon Knights",
      "AP": [
        [
          0,
          15424790,
          59,
          67,
          1
        ],
        [
          0,
          15429325,
          60,
          68,
          4
        ],
        [
          0,
          16589847,
          72,
          60,
          4
        ],
        [
          0,
          16633992,
          52,
          60,
          4
        ],
        [
          1,
          15524048,
          561,
          604,
          12
        ],
        [
          2,
          15446564,
          503,
          565,
          12
        ],
        [
          3,
          15549336,
          510,
          598,
          12
        ]
      ],
      "AR": 8,
      "AVP": 36275,
      "CF": 280859,
      "DUM": false,
      "E": {
        "BGC1": 305315,
        "BGC2": 305315,
        "BGT": 0,
        "IS": 1,
        "S1": 47,
        "S2": 47,
        "SC1": 4006527,
        "SC2": 4006527,
        "SPT": 1
      },
      "H": 1023,
      "HF": 1539373,
      "L": 70,
      "LL": 143,
      "MP": 1184486,
      "N": "almosthuman",
      "OID": 16084333,
      "PF": 0,
      "PRE": 5,
      "R": 0,
      "RNP": -1,
      "RPT": 0,
      "RRD": 0,
      "SA": 0,
      "SUF": -1,
      "TI": -1,
      "TOPX": -1,
      "VF": 0,
      "VP": [
        [
          1,
          498534,
          660,
          685,
          10
        ],
        [
          1,
          579800,
          683,
          609,
          10
        ],
        [
          1,
          677130,
          596,
          590,
          10
        ],
        [
          1,
          1248359,
          552,
          613,
          10
        ],
        [
          1,
          1494791,
          544,
          620,
          10
        ],
        [
          1,
          2180350,
          510,
          635,
          10
        ],
        [
          1,
          2317394,
          518,
          789,
          10
        ],
        [
          1,
          2751696,
          488,
          458,
          10
        ],
        [
          1,
          3085166,
          477,
          653,
          10
        ],
        [
          1,
          3980844,
          446,
          574,
          10
        ],
        [
          1,
          4238764,
          432,
          587,
          10
        ],
        [
          1,
          4648909,
          420,
          516,
          10
        ],
        [
          1,
          4701149,
          416,
          746,
          10
        ],
        [
          1,
          4719258,
          861,
          791,
          10
        ],
        [
          1,
          5071085,
          405,
          826,
          10
        ],
        [
          1,
          5144201,
          405,
          898,
          10
        ],
        [
          1,
          7884981,
          351,
          768,
          10
        ],
        [
          1,
          8408049,
          944,
          868,
          10
        ],
        [
          1,
          9997486,
          491,
          998,
          10
        ],
        [
          1,
          10379560,
          964,
          957,
          10
        ],
        [
          1,
          11088329,
          483,
          1002,
          10
        ],
        [
          1,
          11088330,
          486,
          1002,
          10
        ],
        [
          1,
          11088337,
          488,
          1004,
          10
        ],
        [
          1,
          11350253,
          321,
          605,
          10
        ],
        [
          1,
          11520902,
          664,
          251,
          10
        ],
        [
          1,
          11767254,
          443,
          1022,
          10
        ],
        [
          1,
          12089698,
          371,
          1038,
          10
        ],
        [
          2,
          457642,
          552,
          595,
          10
        ],
        [
          2,
          597813,
          531,
          588,
          10
        ],
        [
          2,
          597830,
          522,
          590,
          10
        ],
        [
          2,
          608179,
          524,
          615,
          10
        ],
        [
          2,
          676609,
          515,
          552,
          10
        ],
        [
          2,
          676980,
          516,
          579,
          10
        ],
        [
          2,
          793522,
          498,
          576,
          10
        ],
        [
          2,
          793523,
          499,
          577,
          10
        ],
        [
          2,
          808139,
          498,
          568,
          10
        ],
        [
          2,
          809217,
          505,
          604,
          10
        ],
        [
          2,
          1517189,
          395,
          393,
          10
        ],
        [
          2,
          1625523,
          406,
          901,
          10
        ],
        [
          2,
          2438002,
          400,
          453,
          10
        ],
        [
          2,
          2637659,
          380,
          431,
          10
        ],
        [
          2,
          3679528,
          339,
          604,
          10
        ],
        [
          3,
          3217262,
          531,
          734,
          10
        ],
        [
          3,
          3774712,
          514,
          590,
          10
        ],
        [
          3,
          3774713,
          515,
          596,
          10
        ],
        [
          3,
          4502623,
          771,
          703,
          10
        ],
        [
          3,
          4560233,
          786,
          790,
          10
        ],
        [
          3,
          4701174,
          483,
          557,
          10
        ],
        [
          3,
          5360172,
          797,
          660,
          10
        ],
        [
          3,
          5360185,
          798,
          659,
          10
        ],
        [
          3,
          6036422,
          703,
          820,
          10
        ],
        [
          3,
          6944402,
          560,
          449,
          10
        ],
        [
          3,
          7063471,
          843,
          652,
          10
        ],
        [
          3,
          7339298,
          434,
          590,
          10
        ],
        [
          3,
          7339302,
          436,
          592,
          10
        ],
        [
          3,
          7401805,
          437,
          575,
          10
        ],
        [
          3,
          8739202,
          873,
          629,
          10
        ],
        [
          3,
          9247570,
          409,
          582,
          10
        ],
        [
          3,
          9266409,
          414,
          678,
          10
        ],
        [
          3,
          9829266,
          393,
          661,
          10
        ],
        [
          3,
          9829377,
          391,
          684,
          10
        ],
        [
          3,
          10333415,
          577,
          915,
          10
        ],
        [
          3,
          10384362,
          877,
          921,
          10
        ],
        [
          3,
          10976553,
          927,
          407,
          10
        ],
        [
          3,
          11023006,
          511,
          927,
          10
        ],
        [
          3,
          11109733,
          843,
          925,
          10
        ],
        [
          3,
          11765556,
          362,
          498,
          10
        ],
        [
          3,
          12024283,
          577,
          958,
          10
        ],
        [
          3,
          12151687,
          327,
          960,
          10
        ],
        [
          3,
          12200047,
          401,
          347,
          10
        ],
        [
          3,
          12279042,
          499,
          967,
          10
        ],
        [
          3,
          12552422,
          964,
          397,
          10
        ]
      ],
      "aee": {
        "ACCA": {
          "ACCS": [
            20,
            18
          ],
          "ACLI": 7
        },
        "ACFB": {}
      }
    },
    {
      "AID": 149370,
      "AN": "WarStone",
      "AP": [
        [
          0,
          16361856,
          601,
          966,
          4
        ],
        [
          0,
          16364428,
          609,
          1004,
          4
        ],
        [
          0,
          16364431,
          617,
          968,
          4
        ],
        [
          0,
          16425175,
          602,
          965,
          1
        ],
        [
          1,
          16491810,
          619,
          543,
          12
        ],
        [
          2,
          16426808,
          588,
          657,
          12
        ],
        [
          3,
          16526831,
          575,
          642,
          12
        ],
        [
          4,
          3857,
          548,
          704,
          12
        ],
        [
          3,
          16683568,
          544,
          608,
          28
        ]
      ],
      "AR": 8,
      "AVP": 51200,
      "CF": 5675977,
      "DUM": false,
      "E": {
        "BGC1": 30512,
        "BGC2": 30512,
        "BGT": 0,
        "IS": 1,
        "S1": 71,
        "S2": 71,
        "SC1": 14408394,
        "SC2": 14408394,
        "SPT": 2
      },
      "H": 717,
      "HF": 93020102,
      "L": 70,
      "LL": 320,
      "MP": 6201061,
      "N": "GreenRanger",
      "OID": 17472658,
      "PF": 0,
      "PRE": 13,
      "R": 0,
      "RNP": -1,
      "RPT": 0,
      "RRD": 0,
      "SA": 0,
      "SUF": 21,
      "TI": -1,
      "TOPX": -1,
      "VF": 0,
      "VP": [
        [
          1,
          624780,
          679,
          595,
          10
        ],
        [
          1,
          740270,
          607,
          577,
          10
        ],
        [
          1,
          844408,
          624,
          566,
          10
        ],
        [
          1,
          913388,
          580,
          590,
          10
        ],
        [
          1,
          1021135,
          612,
          555,
          10
        ],
        [
          1,
          1168030,
          580,
          541,
          10
        ],
        [
          1,
          1169257,
          617,
          542,
          10
        ],
        [
          1,
          1169263,
          611,
          541,
          10
        ],
        [
          1,
          1188986,
          665,
          537,
          10
        ],
        [
          1,
          1213249,
          549,
          626,
          10
        ],
        [
          1,
          1217596,
          646,
          538,
          10
        ],
        [
          1,
          1998903,
          607,
          503,
          10
        ],
        [
          1,
          2011594,
          679,
          505,
          10
        ],
        [
          1,
          2696293,
          659,
          466,
          10
        ],
        [
          1,
          2743859,
          704,
          459,
          10
        ],
        [
          1,
          3053466,
          708,
          444,
          10
        ],
        [
          1,
          3963010,
          718,
          414,
          10
        ],
        [
          1,
          4585095,
          759,
          380,
          10
        ],
        [
          2,
          97507,
          626,
          647,
          10
        ],
        [
          2,
          98455,
          624,
          625,
          10
        ],
        [
          2,
          130342,
          637,
          664,
          10
        ],
        [
          2,
          133530,
          611,
          616,
          10
        ],
        [
          2,
          213757,
          595,
          691,
          10
        ],
        [
          2,
          230967,
          604,
          645,
          10
        ],
        [
          2,
          239353,
          609,
          614,
          10
        ],
        [
          2,
          284635,
          586,
          654,
          10
        ],
        [
          2,
          285588,
          586,
          667,
          10
        ],
        [
          2,
          297304,
          587,
          640,
          10
        ],
        [
          2,
          348842,
          578,
          664,
          10
        ],
        [
          2,
          348847,
          576,
          667,
          10
        ],
        [
          2,
          793510,
          502,
          583,
          10
        ],
        [
          2,
          1665182,
          434,
          568,
          10
        ],
        [
          3,
          375572,
          633,
          654,
          10
        ],
        [
          3,
          662367,
          624,
          620,
          10
        ],
        [
          3,
          1115243,
          594,
          652,
          10
        ],
        [
          3,
          1115255,
          588,
          661,
          10
        ],
        [
          3,
          1426888,
          578,
          629,
          10
        ],
        [
          3,
          1426892,
          579,
          628,
          10
        ],
        [
          3,
          1660289,
          566,
          640,
          10
        ],
        [
          3,
          1660294,
          568,
          648,
          10
        ],
        [
          3,
          1660306,
          563,
          648,
          10
        ],
        [
          3,
          1661003,
          559,
          652,
          10
        ],
        [
          3,
          1661011,
          564,
          651,
          10
        ],
        [
          3,
          2067150,
          551,
          619,
          10
        ],
        [
          3,
          2669400,
          541,
          631,
          10
        ],
        [
          3,
          3206624,
          528,
          690,
          10
        ],
        [
          3,
          6963286,
          777,
          453,
          10
        ],
        [
          3,
          6966959,
          788,
          445,
          10
        ],
        [
          3,
          6966972,
          782,
          453,
          10
        ],
        [
          3,
          7642152,
          775,
          434,
          10
        ],
        [
          3,
          7642159,
          778,
          440,
          10
        ],
        [
          3,
          7673566,
          781,
          430,
          10
        ],
        [
          3,
          7673568,
          790,
          430,
          10
        ],
        [
          3,
          7673574,
          787,
          434,
          10
        ],
        [
          3,
          7673584,
          790,
          439,
          10
        ],
        [
          3,
          8258973,
          775,
          421,
          10
        ]
      ],
      "aee": {
        "ACCA": {
          "ACCS": [
            7,
            17
          ],
          "ACLI": 8
        },
        "ACFB": {}
      }
    },
    {
      "AID": 117016,
      "AN": "Valor Lords",
      "AP": [
        [
          0,
          16513316,
          684,
          683,
          1
        ],
        [
          0,
          16660697,
          682,
          687,
          4
        ],
        [
          0,
          16670254,
          684,
          687,
          4
        ],
        [
          0,
          16675856,
          683,
          686,
          4
        ],
        [
          1,
          16533546,
          547,
          610,
          12
        ],
        [
          2,
          16530936,
          678,
          535,
          12
        ],
        [
          3,
          16535491,
          755,
          764,
          12
        ]
      ],
      "AR": 8,
      "AVP": 30485,
      "CF": 2133063,
      "DUM": false,
      "E": {
        "BGC1": 5197126,
        "BGC2": 5197126,
        "BGT": 0,
        "IS": 1,
        "S1": 42,
        "S2": 42,
        "SC1": 305315,
        "SC2": 305315,
        "SPT": 1
      },
      "H": 102,
      "HF": 2220229,
      "L": 70,
      "LL": 55,
      "MP": 934629,
      "N": "alien733",
      "OID": 17510167,
      "PF": 0,
      "PRE": 105,
      "R": 1,
      "RNP": -1,
      "RPT": 0,
      "RRD": 0,
      "SA": 0,
      "SUF": 110,
      "TI": -1,
      "TOPX": -1,
      "VF": 0,
      "VP": [
        [
          1,
          705174,
          591,
          615,
          10
        ],
        [
          1,
          903191,
          572,
          599,
          10
        ],
        [
          1,
          1067580,
          567,
          612,
          10
        ],
        [
          1,
          1204002,
          549,
          600,
          10
        ],
        [
          1,
          1248357,
          547,
          617,
          10
        ],
        [
          1,
          1248364,
          551,
          614,
          10
        ],
        [
          1,
          1494788,
          535,
          619,
          10
        ],
        [
          1,
          1494800,
          537,
          617,
          10
        ],
        [
          1,
          1494804,
          541,
          613,
          10
        ],
        [
          1,
          1831902,
          529,
          619,
          10
        ],
        [
          2,
          406002,
          672,
          534,
          10
        ],
        [
          3,
          3155182,
          745,
          749,
          10
        ],
        [
          3,
          3671788,
          757,
          764,
          10
        ],
        [
          3,
          3671792,
          758,
          762,
          10
        ],
        [
          3,
          3671801,
          754,
          755,
          10
        ],
        [
          3,
          4090258,
          749,
          768,
          10
        ],
        [
          3,
          4090264,
          751,
          770,
          10
        ],
        [
          3,
          4249840,
          757,
          750,
          10
        ],
        [
          3,
          4914437,
          702,
          798,
          10
        ],
        [
          3,
          4914441,
          711,
          800,
          10
        ],
        [
          3,
          5372522,
          720,
          817,
          10
        ],
        [
          3,
          6188944,
          725,
          820,
          10
        ]
      ],
      "aee": {
        "ACCA": {
          "ACCS": [
            20,
            16
          ],
          "ACLI": 6
        },
        "ACFB": {}
      }
    },
    {
      "AID": -1,
      "AP": [
        [
          0,
          15298702,
          650,
          615,
          1
        ],
        [
          1,
          15311644,
          549,
          617,
          12
        ],
        [
          2,
          15308454,
          730,
          641,
          12
        ],
        [
          3,
          15351772,
          551,
          683,
          12
        ]
      ],
      "AVP": 35020,
      "CF": 99482,
      "DUM": false,
      "E": {
        "BGC1": 14408394,
        "BGC2": 11993088,
        "BGT": 3,
        "IS": 1,
        "S1": 36,
        "S2": 13,
        "SC1": 14408394,
        "SC2": 11993088,
        "SPT": 4
      },
      "H": 4,
      "HF": 801237,
      "L": 70,
      "LL": 420,
      "MP": 105801,
      "N": "Repulic of Fear",
      "OID": 15897107,
      "PF": 0,
      "PRE": 4,
      "R": 0,
      "RNP": -1,
      "RPT": 0,
      "RRD": 0,
      "SA": 0,
      "SUF": -1,
      "TI": -1,
      "TOPX": -1,
      "VF": 0,
      "VP": []
    },
    {
      "AID": 189891,
      "AN": "Coalizão Brasil",
      "AP": [
        [
          0,
          3426897,
          1034,
          157,
          4
        ],
        [
          0,
          11384990,
          1040,
          158,
          4
        ],
        [
          0,
          11664136,
          1018,
          166,
          4
        ],
        [
          0,
          16411601,
          1038,
          159,
          1
        ],
        [
          1,
          16427542,
          556,
          583,
          12
        ],
        [
          2,
          16418914,
          733,
          740,
          12
        ],
        [
          3,
          16434405,
          818,
          779,
          12
        ],
        [
          4,
          3245,
          556,
          640,
          12
        ],
        [
          0,
          16682783,
          1045,
          137,
          28
        ],
        [
          0,
          16682784,
          1086,
          136,
          28
        ],
        [
          3,
          16683602,
          810,
          790,
          28
        ],
        [
          3,
          16683603,
          819,
          788,
          28
        ]
      ],
      "AR": 6,
      "AVP": 78350,
      "CF": 50084770,
      "DUM": false,
      "E": {
        "BGC1": 14408394,
        "BGC2": 11993088,
        "BGT": 1,
        "IS": 1,
        "S1": 44,
        "S2": 44,
        "SC1": 1644825,
        "SC2": 1644825,
        "SPT": 1
      },
      "H": 964,
      "HF": 134371101,
      "L": 70,
      "LL": 950,
      "MP": 6345262,
      "N": "santos5710",
      "OID": 17452589,
      "PF": 0,
      "PRE": 105,
      "R": 0,
      "RNP": -1,
      "RPT": 0,
      "RRD": 0,
      "SA": 0,
      "SUF": 29,
      "TI": -1,
      "TOPX": -1,
      "VF": 0,
      "VP": [
        [
          1,
          890826,
          566,
          568,
          10
        ],
        [
          1,
          903194,
          583,
          601,
          10
        ],
        [
          1,
          1203995,
          557,
          600,
          10
        ],
        [
          1,
          1213254,
          548,
          627,
          10
        ],
        [
          1,
          1224258,
          555,
          582,
          10
        ],
        [
          1,
          1224264,
          552,
          579,
          10
        ],
        [
          1,
          1252060,
          548,
          696,
          10
        ],
        [
          1,
          1751084,
          525,
          646,
          10
        ],
        [
          1,
          1837204,
          527,
          653,
          10
        ],
        [
          1,
          2199882,
          514,
          614,
          10
        ],
        [
          1,
          2199885,
          507,
          620,
          10
        ],
        [
          1,
          2840858,
          486,
          577,
          10
        ],
        [
          1,
          5726656,
          693,
          918,
          10
        ],
        [
          1,
          5838401,
          472,
          911,
          10
        ],
        [
          1,
          5885948,
          603,
          919,
          10
        ],
        [
          1,
          6394416,
          633,
          924,
          10
        ],
        [
          1,
          7083825,
          576,
          937,
          10
        ],
        [
          1,
          7331067,
          921,
          540,
          10
        ],
        [
          1,
          7601136,
          616,
          960,
          10
        ],
        [
          1,
          7805352,
          590,
          954,
          10
        ],
        [
          1,
          9395547,
          343,
          917,
          10
        ],
        [
          1,
          9447637,
          347,
          903,
          10
        ],
        [
          1,
          9447640,
          338,
          906,
          10
        ],
        [
          1,
          10042901,
          326,
          914,
          10
        ],
        [
          1,
          11260015,
          323,
          490,
          10
        ],
        [
          1,
          11292797,
          318,
          903,
          10
        ],
        [
          1,
          11292801,
          320,
          905,
          10
        ],
        [
          1,
          11292922,
          321,
          939,
          10
        ],
        [
          1,
          12154282,
          304,
          564,
          10
        ],
        [
          1,
          12281574,
          310,
          596,
          10
        ],
        [
          2,
          368303,
          738,
          736,
          10
        ],
        [
          2,
          424040,
          737,
          758,
          10
        ],
        [
          2,
          424051,
          736,
          757,
          10
        ],
        [
          2,
          431427,
          705,
          765,
          10
        ],
        [
          2,
          431968,
          746,
          763,
          10
        ],
        [
          2,
          507697,
          724,
          778,
          10
        ],
        [
          2,
          570648,
          750,
          696,
          10
        ],
        [
          2,
          1637609,
          841,
          782,
          10
        ],
        [
          2,
          1637620,
          841,
          789,
          10
        ],
        [
          2,
          1886497,
          855,
          777,
          10
        ],
        [
          2,
          1886513,
          850,
          776,
          10
        ],
        [
          2,
          1893067,
          855,
          798,
          10
        ],
        [
          2,
          1900030,
          853,
          787,
          10
        ],
        [
          2,
          1900038,
          847,
          787,
          10
        ],
        [
          2,
          1900046,
          850,
          790,
          10
        ],
        [
          3,
          2925219,
          734,
          606,
          10
        ],
        [
          3,
          5418801,
          803,
          752,
          10
        ],
        [
          3,
          5418806,
          802,
          751,
          10
        ],
        [
          3,
          5888344,
          812,
          757,
          10
        ],
        [
          3,
          5900495,
          813,
          795,
          10
        ],
        [
          3,
          7078108,
          839,
          776,
          10
        ],
        [
          3,
          7080687,
          843,
          817,
          10
        ],
        [
          3,
          7469855,
          852,
          821,
          10
        ],
        [
          3,
          8858532,
          575,
          414,
          10
        ],
        [
          3,
          9782600,
          401,
          422,
          10
        ],
        [
          3,
          9782601,
          392,
          423,
          10
        ],
        [
          3,
          9782603,
          395,
          424,
          10
        ],
        [
          3,
          10261491,
          674,
          921,
          10
        ],
        [
          3,
          10298046,
          782,
          914,
          10
        ],
        [
          3,
          10338619,
          651,
          915,
          10
        ],
        [
          3,
          10345946,
          696,
          921,
          10
        ],
        [
          3,
          10371051,
          601,
          915,
          10
        ],
        [
          3,
          10383347,
          837,
          917,
          10
        ],
        [
          3,
          10383348,
          834,
          918,
          10
        ],
        [
          3,
          10383351,
          835,
          920,
          10
        ],
        [
          3,
          10966106,
          930,
          596,
          10
        ],
        [
          3,
          11660582,
          456,
          937,
          10
        ],
        [
          3,
          11719065,
          452,
          940,
          10
        ],
        [
          3,
          11721554,
          492,
          941,
          10
        ],
        [
          3,
          12021712,
          505,
          959,
          10
        ],
        [
          3,
          12137515,
          959,
          511,
          10
        ],
        [
          3,
          12138968,
          344,
          934,
          10
        ],
        [
          3,
          12605326,
          973,
          510,
          10
        ],
        [
          3,
          12642762,
          962,
          721,
          10
        ],
        [
          3,
          13474776,
          976,
          627,
          10
        ]
      ],
      "aee": {
        "ACCA": {
          "ACCS": [
            14,
            12
          ],
          "ACLI": 7
        },
        "ACFB": {}
      }
    },
    {
      "AID": 190120,
      "AN": "ELYSIUM",
      "AP": [
        [
          0,
          12261488,
          575,
          598,
          1
        ],
        [
          0,
          16645766,
          577,
          600,
          4
        ],
        [
          0,
          16645767,
          572,
          599,
          4
        ],
        [
          0,
          16675618,
          574,
          592,
          4
        ],
        [
          1,
          13090048,
          554,
          626,
          12
        ],
        [
          2,
          12538389,
          554,
          607,
          12
        ],
        [
          3,
          14528549,
          743,
          699,
          12
        ]
      ],
      "AR": 8,
      "AVP": 27510,
      "CF": 70682,
      "DUM": false,
      "E": {
        "BGC1": 14408394,
        "BGC2": 30512,
        "BGT": 3,
        "IS": 1,
        "S1": 3,
        "S2": 15,
        "SC1": 30512,
        "SC2": 13550873,
        "SPT": 4
      },
      "H": 0,
      "HF": 87852,
      "L": 70,
      "LL": 145,
      "MP": 693259,
      "N": "Arrow8",
      "OID": 11423430,
      "PF": 0,
      "PRE": 103,
      "R": 0,
      "RNP": -1,
      "RPT": 0,
      "RRD": -1,
      "SA": 0,
      "SUF": -1,
      "TI": -1,
      "TOPX": -1,
      "VF": 0,
      "VP": [],
      "aee": {
        "ACCA": {
          "ACCS": [
            1
          ],
          "ACLI": 1
        },
        "ACFB": {}
      }
    },
    {
      "AID": -1,
      "AP": [
        [
          0,
          16457211,
          633,
          625,
          1
        ],
        [
          1,
          16471511,
          545,
          619,
          12
        ],
        [
          2,
          16460054,
          683,
          629,
          12
        ],
        [
          3,
          16472077,
          610,
          738,
          12
        ]
      ],
      "AVP": 71900,
      "CF": 3522681,
      "DUM": false,
      "E": {
        "BGC1": 1644825,
        "BGC2": 1644825,
        "BGT": 3,
        "IS": 1,
        "S1": 39,
        "S2": 39,
        "SC1": 1644825,
        "SC2": 1644825,
        "SPT": 1
      },
      "H": 706,
      "HF": 62925044,
      "L": 70,
      "LL": 950,
      "MP": 2748722,
      "N": "OBADIAH",
      "OID": 17518561,
      "PF": 0,
      "PRE": 13,
      "R": 1,
      "RNP": -1,
      "RPT": 0,
      "RRD": -1,
      "SA": 0,
      "SUF": 19,
      "TI": -1,
      "TOPX": -1,
      "VF": 0,
      "VP": []
    },
    {
      "AID": 185240,
      "AN": "Bastos",
      "AP": [
        [
          0,
          16638407,
          634,
          629,
          1
        ],
        [
          0,
          16639890,
          628,
          626,
          4
        ],
        [
          0,
          16643085,
          629,
          629,
          4
        ],
        [
          0,
          16666794,
          634,
          633,
          4
        ],
        [
          1,
          16672916,
          544,
          622,
          12
        ],
        [
          2,
          16653227,
          518,
          800,
          12
        ]
      ],
      "AR": 4,
      "AVP": 760,
      "CF": 2405,
      "DUM": false,
      "E": {
        "BGC1": 14408394,
        "BGC2": 11993088,
        "BGT": 3,
        "IS": 1,
        "S1": 9,
        "S2": 7,
        "SC1": 11993088,
        "SC2": 1644825,
        "SPT": 4
      },
      "H": 0,
      "HF": 2405,
      "L": 45,
      "LL": 0,
      "MP": 7915,
      "N": "tazboyd",
      "OID": 7800474,
      "PF": 0,
      "PRE": 0,
      "R": 0,
      "RNP": -1,
      "RPT": 0,
      "RRD": -1,
      "SA": 0,
      "SUF": -1,
      "TI": -1,
      "TOPX": -1,
      "VF": 0,
      "VP": [],
      "aee": {
        "ACCA": {
          "ACCS": [
            14,
            6
          ],
          "ACLI": 7
        },
        "ACFB": {}
      }
    },
    {
      "AID": 188481,
      "AN": "LEISURE DAYS",
      "AP": [
        [
          0,
          16145829,
          462,
          504,
          1
        ],
        [
          1,
          16225153,
          504,
          671,
          12
        ],
        [
          2,
          16148102,
          714,
          468,
          12
        ],
        [
          3,
          16322233,
          826,
          582,
          12
        ]
      ],
      "AR": 1,
      "AVP": 70855,
      "CF": 71637,
      "DUM": false,
      "E": {
        "BGC1": 1644825,
        "BGC2": 1644825,
        "BGT": 0,
        "IS": 1,
        "S1": 42,
        "S2": 42,
        "SC1": 14408394,
        "SC2": 14408394,
        "SPT": 1
      },
      "H": 717,
      "HF": 164204012,
      "L": 70,
      "LL": 538,
      "MP": 2325383,
      "N": "Im mad",
      "OID": 17072426,
      "PF": 0,
      "PRE": 103,
      "R": 0,
      "RNP": -1,
      "RPT": 0,
      "RRD": 0,
      "SA": 0,
      "SUF": -1,
      "TI": -1,
      "TOPX": -1,
      "VF": 0,
      "VP": [
        [
          1,
          489615,
          619,
          643,
          10
        ],
        [
          1,
          1248358,
          547,
          619,
          10
        ],
        [
          1,
          2180896,
          507,
          670,
          10
        ],
        [
          1,
          2562107,
          502,
          668,
          10
        ],
        [
          1,
          2852307,
          484,
          736,
          10
        ],
        [
          1,
          3446480,
          578,
          839,
          10
        ],
        [
          1,
          3913810,
          449,
          681,
          10
        ],
        [
          1,
          4179867,
          599,
          860,
          10
        ],
        [
          1,
          4223634,
          613,
          869,
          10
        ],
        [
          1,
          4440187,
          607,
          878,
          10
        ],
        [
          2,
          552383,
          533,
          690,
          10
        ],
        [
          2,
          815016,
          494,
          759,
          10
        ],
        [
          2,
          955426,
          492,
          756,
          10
        ],
        [
          2,
          1137031,
          476,
          710,
          10
        ],
        [
          3,
          2118873,
          645,
          566,
          10
        ],
        [
          3,
          2146723,
          596,
          568,
          10
        ],
        [
          3,
          2849207,
          642,
          542,
          10
        ],
        [
          3,
          4069346,
          612,
          513,
          10
        ],
        [
          3,
          4069355,
          612,
          515,
          10
        ],
        [
          3,
          4144011,
          754,
          541,
          10
        ]
      ],
      "aee": {
        "ACCA": {
          "ACCS": [
            4,
            10
          ],
          "ACLI": 2
        },
        "ACFB": {}
      }
    },
    {
      "AID": 72601,
      "AN": "SPARTACUS",
      "AP": [
        [
          0,
          14750262,
          1129,
          938,
          1
        ],
        [
          0,
          14750489,
          1137,
          938,
          4
        ],
        [
          0,
          14754274,
          1121,
          938,
          4
        ],
        [
          0,
          14758889,
          1136,
          939,
          4
        ],
        [
          1,
          14764022,
          524,
          569,
          12
        ],
        [
          2,
          14755362,
          581,
          598,
          12
        ],
        [
          3,
          14766790,
          479,
          729,
          12
        ],
        [
          4,
          2260,
          570,
          679,
          12
        ]
      ],
      "AR": 6,
      "AVP": 60030,
      "CF": 291479,
      "DUM": false,
      "E": {
        "BGC1": 14408394,
        "BGC2": 11993088,
        "BGT": 3,
        "IS": 1,
        "S1": 29,
        "S2": 7,
        "SC1": 11993088,
        "SC2": 11993088,
        "SPT": 4
      },
      "H": 809,
      "HF": 1021840,
      "L": 70,
      "LL": 809,
      "MP": 1750062,
      "N": "John II",
      "OID": 12651311,
      "PF": 0,
      "PRE": 6,
      "R": 0,
      "RNP": -1,
      "RPT": 0,
      "RRD": 0,
      "SA": 0,
      "SUF": -1,
      "TI": -1,
      "TOPX": -1,
      "VF": 0,
      "VP": [
        [
          1,
          1020031,
          581,
          551,
          10
        ],
        [
          1,
          1065856,
          559,
          575,
          10
        ],
        [
          1,
          1201359,
          554,
          568,
          10
        ],
        [
          1,
          1213258,
          552,
          625,
          10
        ],
        [
          1,
          1578255,
          535,
          674,
          10
        ],
        [
          1,
          1742848,
          524,
          562,
          10
        ],
        [
          1,
          1742860,
          521,
          570,
          10
        ],
        [
          1,
          1746229,
          529,
          603,
          10
        ],
        [
          1,
          1823304,
          529,
          580,
          10
        ],
        [
          1,
          1823305,
          531,
          582,
          10
        ],
        [
          1,
          1954689,
          536,
          503,
          10
        ],
        [
          1,
          2132079,
          510,
          567,
          10
        ],
        [
          1,
          2173334,
          507,
          547,
          10
        ],
        [
          1,
          2196925,
          518,
          573,
          10
        ],
        [
          1,
          2804561,
          487,
          713,
          10
        ],
        [
          1,
          2811762,
          489,
          716,
          10
        ],
        [
          2,
          186425,
          663,
          599,
          10
        ],
        [
          2,
          258186,
          593,
          593,
          10
        ],
        [
          2,
          278015,
          609,
          573,
          10
        ],
        [
          2,
          287628,
          586,
          602,
          10
        ],
        [
          2,
          319531,
          639,
          560,
          10
        ],
        [
          2,
          345184,
          575,
          587,
          10
        ],
        [
          2,
          345198,
          573,
          595,
          10
        ],
        [
          2,
          404147,
          568,
          575,
          10
        ],
        [
          2,
          468300,
          556,
          599,
          10
        ],
        [
          3,
          907745,
          604,
          647,
          10
        ],
        [
          3,
          2771389,
          537,
          750,
          10
        ],
        [
          3,
          2835688,
          598,
          541,
          10
        ],
        [
          3,
          3791274,
          508,
          641,
          10
        ],
        [
          3,
          4352382,
          497,
          724,
          10
        ],
        [
          3,
          4427531,
          503,
          707,
          10
        ],
        [
          3,
          4427544,
          504,
          703,
          10
        ],
        [
          3,
          4732771,
          481,
          726,
          10
        ],
        [
          3,
          4732775,
          485,
          724,
          10
        ],
        [
          3,
          5286515,
          471,
          713,
          10
        ],
        [
          3,
          5320431,
          468,
          648,
          10
        ],
        [
          3,
          5332944,
          469,
          723,
          10
        ],
        [
          3,
          5333209,
          476,
          729,
          10
        ],
        [
          3,
          5810705,
          459,
          693,
          10
        ],
        [
          3,
          5950844,
          465,
          742,
          10
        ],
        [
          3,
          6658070,
          452,
          655,
          10
        ],
        [
          3,
          6659980,
          451,
          691,
          10
        ],
        [
          3,
          9841861,
          400,
          851,
          10
        ],
        [
          3,
          12851985,
          346,
          978,
          10
        ]
      ],
      "aee": {
        "ACCA": {
          "ACCS": [
            4,
            7
          ],
          "ACLI": 7
        },
        "ACFB": {}
      }
    },
    {
      "AID": 21515,
      "AN": "Soft Kittens",
      "AP": [
        [
          0,
          12568247,
          425,
          240,
          1
        ],
        [
          0,
          16678749,
          406,
          1159,
          4
        ],
        [
          0,
          16684183,
          421,
          242,
          4
        ],
        [
          1,
          12693198,
          553,
          621,
          12
        ],
        [
          2,
          12613356,
          506,
          777,
          12
        ],
        [
          3,
          12795469,
          551,
          761,
          12
        ],
        [
          4,
          3581,
          552,
          570,
          12
        ],
        [
          0,
          4758750,
          423,
          241,
          23
        ]
      ],
      "AR": 2,
      "AVP": 89075,
      "CF": 105298649,
      "DUM": false,
      "E": {
        "BGC1": 1644825,
        "BGC2": 1644825,
        "BGT": 0,
        "IS": 1,
        "S1": 72,
        "S2": 72,
        "SC1": 305315,
        "SC2": 305315,
        "SPT": 1
      },
      "H": 1882,
      "HF": 213607026,
      "L": 70,
      "LL": 950,
      "MP": 57969013,
      "N": "HELLBOZ",
      "OID": 11829210,
      "PF": 0,
      "PRE": 13,
      "R": 0,
      "RNP": -1,
      "RPT": 0,
      "RRD": 0,
      "SA": 0,
      "SUF": 29,
      "TI": -1,
      "TOPX": -1,
      "VF": 1,
      "VP": [],
      "aee": {
        "ACCA": {
          "ACCS": [
            19,
            4
          ],
          "ACLI": 12
        },
        "ACFB": {
          "ACCS": [
            19,
            4
          ],
          "ACLI": 2
        }
      }
    },
    {
      "AID": 689,
      "AN": "Dream Team",
      "AP": [
        [
          0,
          1131570,
          218,
          396,
          1
        ],
        [
          0,
          16012165,
          1122,
          223,
          4
        ],
        [
          1,
          1481825,
          546,
          627,
          12
        ],
        [
          2,
          1362980,
          475,
          406,
          12
        ],
        [
          3,
          1598814,
          623,
          697,
          12
        ]
      ],
      "AR": 8,
      "AVP": 22400,
      "CF": 1749,
      "DUM": false,
      "E": {
        "BGC1": 39783,
        "BGC2": 1009082,
        "BGT": 0,
        "IS": 1,
        "S1": 62,
        "S2": 62,
        "SC1": 1644825,
        "SC2": 1644825,
        "SPT": 1
      },
      "H": 225,
      "HF": 10422311,
      "L": 70,
      "LL": 800,
      "MP": 317873,
      "N": "kuykenwe",
      "OID": 995391,
      "PF": 1,
      "PRE": 0,
      "R": 0,
      "RNP": -1,
      "RPT": 0,
      "RRD": 0,
      "SA": 0,
      "SUF": -1,
      "TI": -1,
      "TOPX": -1,
      "VF": 0,
      "VP": [],
      "aee": {
        "ACCA": {
          "ACCS": [
            1
          ],
          "ACLI": 1
        },
        "ACFB": {}
      }
    },
    {
      "AID": 5590,
      "AN": "Lisebel1 Legacy",
      "AP": [
        [
          0,
          14747565,
          1148,
          629,
          1
        ],
        [
          0,
          16184787,
          1148,
          632,
          4
        ],
        [
          0,
          16585510,
          1151,
          630,
          4
        ],
        [
          0,
          16585511,
          1152,
          631,
          4
        ],
        [
          1,
          14892110,
          550,
          613,
          12
        ],
        [
          2,
          14763007,
          562,
          622,
          12
        ],
        [
          3,
          16213983,
          685,
          617,
          12
        ]
      ],
      "AR": 8,
      "AVP": 47965,
      "CF": 1104976,
      "DUM": false,
      "E": {
        "BGC1": 1644825,
        "BGC2": 4006527,
        "BGT": 1,
        "IS": 1,
        "S1": 42,
        "S2": 42,
        "SC1": 14408394,
        "SC2": 14408394,
        "SPT": 1
      },
      "H": 779,
      "HF": 7322360,
      "L": 70,
      "LL": 178,
      "MP": 734134,
      "N": "Deathstar3",
      "OID": 14402602,
      "PF": 0,
      "PRE": 103,
      "R": 0,
      "RNP": -1,
      "RPT": 0,
      "RRD": 0,
      "SA": 0,
      "SUF": -1,
      "TI": -1,
      "TOPX": -1,
      "VF": 0,
      "VP": [
        [
          1,
          1044335,
          565,
          590,
          10
        ],
        [
          1,
          1048652,
          565,
          599,
          10
        ],
        [
          1,
          1203991,
          549,
          604,
          10
        ],
        [
          1,
          1213259,
          553,
          629,
          10
        ],
        [
          1,
          1248367,
          548,
          612,
          10
        ],
        [
          1,
          1248371,
          550,
          618,
          10
        ],
        [
          1,
          1494796,
          544,
          614,
          10
        ],
        [
          1,
          1751073,
          531,
          646,
          10
        ],
        [
          2,
          297318,
          591,
          644,
          10
        ],
        [
          2,
          315920,
          673,
          560,
          10
        ],
        [
          2,
          448989,
          678,
          528,
          10
        ],
        [
          2,
          458216,
          557,
          614,
          10
        ],
        [
          2,
          521407,
          678,
          510,
          10
        ],
        [
          2,
          569814,
          697,
          495,
          10
        ],
        [
          3,
          308945,
          658,
          632,
          10
        ],
        [
          3,
          888471,
          683,
          622,
          10
        ],
        [
          3,
          888472,
          678,
          617,
          10
        ],
        [
          3,
          888474,
          682,
          616,
          10
        ],
        [
          3,
          888478,
          681,
          615,
          10
        ],
        [
          3,
          888482,
          687,
          615,
          10
        ],
        [
          3,
          908969,
          679,
          644,
          10
        ],
        [
          3,
          1277457,
          691,
          634,
          10
        ],
        [
          3,
          1277461,
          690,
          633,
          10
        ],
        [
          3,
          1285132,
          671,
          595,
          10
        ],
        [
          3,
          1330468,
          692,
          595,
          10
        ],
        [
          3,
          1336950,
          690,
          613,
          10
        ]
      ],
      "aee": {
        "ACCA": {
          "ACCS": [
            19,
            1
          ],
          "ACLI": 7
        },
        "ACFB": {}
      }
    },
    {
      "AID": 189891,
      "AN": "Coalizão Brasil",
      "AP": [
        [
          0,
          16575840,
          679,
          739,
          1
        ],
        [
          0,
          16613662,
          683,
          738,
          4
        ],
        [
          0,
          16613710,
          678,
          742,
          4
        ],
        [
          0,
          16613906,
          658,
          757,
          4
        ],
        [
          1,
          16588277,
          508,
          614,
          12
        ],
        [
          2,
          16582901,
          679,
          616,
          12
        ],
        [
          3,
          16589153,
          670,
          602,
          12
        ],
        [
          4,
          1416,
          587,
          685,
          12
        ]
      ],
      "AR": 7,
      "AVP": 57885,
      "CF": 10814586,
      "DUM": false,
      "E": {
        "BGC1": 14408394,
        "BGC2": 14408394,
        "BGT": 0,
        "IS": 1,
        "S1": 72,
        "S2": 72,
        "SC1": 1644825,
        "SC2": 1644825,
        "SPT": 1
      },
      "H": 521,
      "HF": 16516736,
      "L": 70,
      "LL": 950,
      "MP": 3697540,
      "N": "MasterPunisher",
      "OID": 17674801,
      "PF": 0,
      "PRE": 13,
      "R": 0,
      "RNP": -1,
      "RPT": 0,
      "RRD": 0,
      "SA": 0,
      "SUF": 24,
      "TI": -1,
      "TOPX": -1,
      "VF": 0,
      "VP": [
        [
          1,
          489618,
          613,
          647,
          10
        ],
        [
          1,
          516252,
          614,
          626,
          10
        ],
        [
          1,
          564460,
          603,
          602,
          10
        ],
        [
          1,
          703410,
          588,
          633,
          10
        ],
        [
          1,
          898494,
          579,
          692,
          10
        ],
        [
          1,
          903195,
          577,
          606,
          10
        ],
        [
          1,
          1053591,
          568,
          685,
          10
        ],
        [
          1,
          1071414,
          568,
          655,
          10
        ],
        [
          1,
          1209066,
          557,
          685,
          10
        ],
        [
          1,
          1213257,
          550,
          625,
          10
        ],
        [
          1,
          1248355,
          550,
          615,
          10
        ],
        [
          1,
          1248370,
          551,
          616,
          10
        ],
        [
          1,
          1252062,
          552,
          696,
          10
        ],
        [
          1,
          1252067,
          556,
          696,
          10
        ],
        [
          1,
          1517789,
          542,
          645,
          10
        ],
        [
          1,
          1573503,
          543,
          635,
          10
        ],
        [
          1,
          1743617,
          520,
          594,
          10
        ],
        [
          1,
          1751085,
          520,
          647,
          10
        ],
        [
          1,
          2196936,
          513,
          579,
          10
        ],
        [
          1,
          2816912,
          492,
          759,
          10
        ],
        [
          1,
          3465923,
          466,
          772,
          10
        ],
        [
          1,
          3475936,
          463,
          566,
          10
        ],
        [
          1,
          3983106,
          444,
          621,
          10
        ],
        [
          1,
          4269412,
          431,
          729,
          10
        ],
        [
          1,
          4616372,
          416,
          677,
          10
        ],
        [
          1,
          4664586,
          418,
          553,
          10
        ],
        [
          1,
          4690301,
          416,
          674,
          10
        ],
        [
          1,
          5061704,
          413,
          674,
          10
        ],
        [
          1,
          5448220,
          397,
          678,
          10
        ],
        [
          1,
          6321754,
          383,
          696,
          10
        ],
        [
          2,
          148665,
          670,
          622,
          10
        ],
        [
          2,
          194810,
          686,
          613,
          10
        ],
        [
          2,
          269242,
          694,
          619,
          10
        ],
        [
          2,
          297556,
          598,
          720,
          10
        ],
        [
          2,
          375116,
          541,
          745,
          10
        ],
        [
          2,
          422926,
          641,
          755,
          10
        ],
        [
          2,
          429402,
          591,
          764,
          10
        ],
        [
          2,
          429403,
          596,
          759,
          10
        ],
        [
          2,
          681603,
          516,
          809,
          10
        ],
        [
          2,
          726920,
          767,
          742,
          10
        ],
        [
          2,
          1007533,
          618,
          850,
          10
        ],
        [
          2,
          1007540,
          622,
          852,
          10
        ],
        [
          2,
          1092073,
          795,
          716,
          10
        ],
        [
          2,
          1159403,
          474,
          759,
          10
        ],
        [
          2,
          1300217,
          637,
          876,
          10
        ],
        [
          3,
          2118791,
          618,
          563,
          10
        ],
        [
          3,
          2592429,
          692,
          552,
          10
        ],
        [
          3,
          3005104,
          668,
          538,
          10
        ],
        [
          3,
          3360714,
          550,
          525,
          10
        ],
        [
          3,
          3368322,
          632,
          521,
          10
        ],
        [
          3,
          3379328,
          708,
          528,
          10
        ],
        [
          3,
          3450221,
          523,
          527,
          10
        ],
        [
          3,
          4025266,
          544,
          518,
          10
        ],
        [
          3,
          4085579,
          722,
          515,
          10
        ],
        [
          3,
          4095053,
          556,
          508,
          10
        ],
        [
          3,
          4095057,
          555,
          509,
          10
        ],
        [
          3,
          4507178,
          521,
          501,
          10
        ],
        [
          3,
          4986991,
          501,
          483,
          10
        ],
        [
          3,
          4994629,
          533,
          488,
          10
        ],
        [
          3,
          5002841,
          639,
          483,
          10
        ],
        [
          3,
          6387178,
          553,
          457,
          10
        ],
        [
          3,
          6946720,
          601,
          452,
          10
        ],
        [
          3,
          7627872,
          565,
          438,
          10
        ],
        [
          3,
          7627874,
          560,
          439,
          10
        ],
        [
          3,
          7636693,
          682,
          434,
          10
        ],
        [
          3,
          7663390,
          587,
          437,
          10
        ],
        [
          3,
          8217277,
          501,
          419,
          10
        ],
        [
          3,
          8226984,
          600,
          419,
          10
        ],
        [
          3,
          8856416,
          533,
          405,
          10
        ],
        [
          3,
          9422985,
          582,
          393,
          10
        ],
        [
          3,
          10149793,
          724,
          379,
          10
        ],
        [
          3,
          10472645,
          708,
          383,
          10
        ],
        [
          3,
          11090692,
          621,
          371,
          10
        ],
        [
          3,
          11228967,
          372,
          517,
          10
        ],
        [
          3,
          12138041,
          654,
          346,
          10
        ]
      ],
      "aee": {
        "ACCA": {
          "ACCS": [
            14,
            12
          ],
          "ACLI": 7
        },
        "ACFB": {}
      }
    },
    {
      "AID": 580,
      "AN": "Celtic Knights",
      "AP": [
        [
          0,
          14134147,
          980,
          527,
          4
        ],
        [
          0,
          16200743,
          988,
          528,
          4
        ],
        [
          0,
          16484889,
          987,
          529,
          1
        ],
        [
          0,
          16495899,
          986,
          530,
          4
        ],
        [
          1,
          16565275,
          543,
          628,
          12
        ],
        [
          2,
          16486350,
          572,
          492,
          12
        ],
        [
          3,
          16662951,
          509,
          763,
          12
        ]
      ],
      "AR": 8,
      "AVP": 7785,
      "CF": 70959,
      "DUM": false,
      "E": {
        "BGC1": 8881264,
        "BGC2": 30512,
        "BGT": 3,
        "IS": 1,
        "S1": 47,
        "S2": 47,
        "SC1": 30512,
        "SC2": 14037522,
        "SPT": 4
      },
      "H": 259,
      "HF": 236491,
      "L": 51,
      "LL": 0,
      "MP": 169098,
      "N": "Highlander68",
      "OID": 17558647,
      "PF": 1,
      "PRE": 3,
      "R": 0,
      "RNP": -1,
      "RPT": 723822,
      "RRD": 0,
      "SA": 0,
      "SUF": -1,
      "TI": -1,
      "TOPX": -1,
      "VF": 0,
      "VP": [
        [
          1,
          1248372,
          552,
          620,
          10
        ],
        [
          1,
          1573510,
          544,
          631,
          10
        ],
        [
          2,
          572740,
          569,
          498,
          10
        ],
        [
          2,
          616931,
          572,
          487,
          10
        ],
        [
          2,
          616932,
          576,
          491,
          10
        ],
        [
          2,
          616934,
          574,
          492,
          10
        ]
      ],
      "aee": {
        "ACCA": {
          "ACCS": [
            14,
            9
          ],
          "ACLI": 7
        },
        "ACFB": {}
      }
    },
    {
      "AID": 580,
      "AN": "Celtic Knights",
      "AP": [
        [
          0,
          14750499,
          1114,
          961,
          1
        ],
        [
          0,
          14751788,
          1118,
          958,
          4
        ],
        [
          0,
          14755376,
          1120,
          954,
          4
        ],
        [
          0,
          14759085,
          1123,
          969,
          4
        ],
        [
          1,
          14764829,
          502,
          699,
          12
        ],
        [
          2,
          14756604,
          561,
          578,
          12
        ],
        [
          3,
          14779520,
          474,
          609,
          12
        ],
        [
          4,
          2765,
          562,
          600,
          12
        ]
      ],
      "AR": 3,
      "AVP": 58210,
      "CF": 109179,
      "DUM": false,
      "E": {
        "BGC1": 14408394,
        "BGC2": 16341788,
        "BGT": 3,
        "IS": 1,
        "S1": 33,
        "S2": 13,
        "SC1": 1644825,
        "SC2": 11993088,
        "SPT": 4
      },
      "H": 935,
      "HF": 393672,
      "L": 70,
      "LL": 662,
      "MP": 1232862,
      "N": "J5dog",
      "OID": 14007400,
      "PF": 0,
      "PRE": 4,
      "R": 0,
      "RNP": -1,
      "RPT": 0,
      "RRD": 0,
      "SA": 0,
      "SUF": -1,
      "TI": -1,
      "TOPX": -1,
      "VF": 0,
      "VP": [
        [
          1,
          525135,
          642,
          678,
          10
        ],
        [
          1,
          721153,
          656,
          578,
          10
        ],
        [
          1,
          721161,
          656,
          581,
          10
        ],
        [
          1,
          1213253,
          546,
          625,
          10
        ],
        [
          1,
          1759455,
          521,
          704,
          10
        ],
        [
          1,
          1772469,
          529,
          743,
          10
        ],
        [
          1,
          2151005,
          507,
          681,
          10
        ],
        [
          1,
          2172665,
          508,
          761,
          10
        ],
        [
          1,
          2419180,
          499,
          784,
          10
        ],
        [
          1,
          2503220,
          498,
          686,
          10
        ],
        [
          1,
          2511497,
          499,
          721,
          10
        ],
        [
          1,
          2511499,
          494,
          720,
          10
        ],
        [
          1,
          2511511,
          500,
          725,
          10
        ],
        [
          1,
          2802732,
          486,
          683,
          10
        ],
        [
          1,
          2804543,
          481,
          711,
          10
        ],
        [
          1,
          2804557,
          490,
          710,
          10
        ],
        [
          1,
          2811756,
          492,
          724,
          10
        ],
        [
          1,
          3101243,
          520,
          820,
          10
        ],
        [
          1,
          4459151,
          833,
          875,
          10
        ],
        [
          1,
          9981978,
          372,
          992,
          10
        ],
        [
          1,
          11334075,
          980,
          729,
          10
        ],
        [
          1,
          12149821,
          710,
          1028,
          10
        ],
        [
          2,
          280697,
          576,
          579,
          10
        ],
        [
          2,
          280702,
          579,
          577,
          10
        ],
        [
          2,
          324702,
          568,
          570,
          10
        ],
        [
          2,
          338539,
          567,
          735,
          10
        ],
        [
          2,
          345182,
          578,
          594,
          10
        ],
        [
          2,
          394305,
          564,
          593,
          10
        ],
        [
          2,
          549464,
          533,
          549,
          10
        ],
        [
          2,
          3703245,
          317,
          256,
          10
        ],
        [
          3,
          1447164,
          572,
          573,
          10
        ],
        [
          3,
          1660301,
          566,
          646,
          10
        ],
        [
          3,
          2075897,
          555,
          654,
          10
        ],
        [
          3,
          2649626,
          534,
          640,
          10
        ],
        [
          3,
          3159242,
          521,
          591,
          10
        ],
        [
          3,
          4306958,
          500,
          617,
          10
        ],
        [
          3,
          4708852,
          486,
          577,
          10
        ],
        [
          3,
          4713074,
          487,
          606,
          10
        ],
        [
          3,
          4713079,
          484,
          608,
          10
        ],
        [
          3,
          4713089,
          481,
          602,
          10
        ],
        [
          3,
          4713091,
          483,
          606,
          10
        ],
        [
          3,
          4713796,
          488,
          620,
          10
        ],
        [
          3,
          4717276,
          482,
          630,
          10
        ],
        [
          3,
          4717283,
          482,
          634,
          10
        ],
        [
          3,
          5315823,
          475,
          607,
          10
        ],
        [
          3,
          5315827,
          478,
          601,
          10
        ],
        [
          3,
          5316866,
          475,
          618,
          10
        ],
        [
          3,
          5316873,
          474,
          612,
          10
        ],
        [
          3,
          6658066,
          442,
          653,
          10
        ],
        [
          3,
          7965347,
          551,
          859,
          10
        ],
        [
          3,
          8325906,
          422,
          445,
          10
        ],
        [
          3,
          8682261,
          679,
          873,
          10
        ]
      ],
      "aee": {
        "ACCA": {
          "ACCS": [
            14,
            9
          ],
          "ACLI": 7
        },
        "ACFB": {}
      }
    },
    {
      "AID": 880,
      "AN": "THE ARROW",
      "AP": [
        [
          0,
          1456367,
          561,
          758,
          4
        ],
        [
          0,
          2865206,
          614,
          724,
          4
        ],
        [
          0,
          4836553,
          612,
          735,
          1
        ],
        [
          0,
          15948397,
          620,
          713,
          4
        ],
        [
          1,
          9459518,
          508,
          649,
          12
        ],
        [
          2,
          8328862,
          596,
          619,
          12
        ],
        [
          3,
          10822901,
          397,
          543,
          12
        ]
      ],
      "AR": 3,
      "AVP": 44825,
      "CF": 2377109,
      "DUM": false,
      "E": {
        "BGC1": 1644825,
        "BGC2": 14392335,
        "BGT": 2,
        "IS": 1,
        "S1": 49,
        "S2": 49,
        "SC1": 14392335,
        "SC2": 1644825,
        "SPT": 3
      },
      "H": 134,
      "HF": 3281229,
      "L": 70,
      "LL": 795,
      "MP": 948289,
      "N": "squeaky62",
      "OID": 4175105,
      "PF": 0,
      "PRE": 13,
      "R": 0,
      "RNP": -1,
      "RPT": 0,
      "RRD": 0,
      "SA": 0,
      "SUF": 17,
      "TI": -1,
      "TOPX": -1,
      "VF": 0,
      "VP": [
        [
          1,
          1248373,
          552,
          618,
          10
        ],
        [
          1,
          1248375,
          554,
          618,
          10
        ],
        [
          1,
          2419185,
          500,
          788,
          10
        ],
        [
          1,
          2419189,
          500,
          791,
          10
        ],
        [
          1,
          4438046,
          563,
          872,
          10
        ],
        [
          1,
          4523446,
          618,
          380,
          10
        ],
        [
          1,
          4616772,
          427,
          758,
          10
        ],
        [
          1,
          6585438,
          723,
          333,
          10
        ],
        [
          1,
          10351269,
          331,
          739,
          10
        ],
        [
          2,
          554216,
          543,
          609,
          10
        ],
        [
          2,
          569166,
          616,
          504,
          10
        ],
        [
          2,
          644593,
          762,
          606,
          10
        ],
        [
          2,
          777410,
          751,
          457,
          10
        ],
        [
          2,
          855682,
          544,
          447,
          10
        ],
        [
          2,
          1226909,
          808,
          674,
          10
        ],
        [
          2,
          1883922,
          849,
          698,
          10
        ],
        [
          2,
          2179255,
          661,
          339,
          10
        ],
        [
          2,
          2660566,
          540,
          303,
          10
        ],
        [
          2,
          2684448,
          553,
          302,
          10
        ],
        [
          2,
          3208033,
          924,
          799,
          10
        ],
        [
          2,
          3676932,
          339,
          483,
          10
        ],
        [
          2,
          5044995,
          968,
          612,
          10
        ],
        [
          2,
          5149389,
          243,
          1068,
          10
        ],
        [
          2,
          6825412,
          371,
          185,
          10
        ],
        [
          3,
          10359375,
          379,
          534,
          10
        ],
        [
          3,
          10363879,
          381,
          576,
          10
        ]
      ],
      "aee": {
        "ACCA": {
          "ACCS": [
            4,
            7
          ],
          "ACLI": 2
        },
        "ACFB": {}
      }
    },
    {
      "AID": 3318,
      "AN": "THE MISC",
      "AP": [
        [
          0,
          9289760,
          958,
          1053,
          1
        ],
        [
          0,
          13301295,
          959,
          1049,
          4
        ],
        [
          0,
          14593040,
          973,
          1044,
          4
        ],
        [
          0,
          14600690,
          980,
          1047,
          4
        ],
        [
          1,
          9794627,
          792,
          953,
          12
        ],
        [
          2,
          9447042,
          267,
          1061,
          12
        ],
        [
          3,
          10290183,
          781,
          436,
          12
        ]
      ],
      "AR": 6,
      "AVP": 104235,
      "CF": 41025888,
      "DUM": false,
      "E": {
        "BGC1": 1644825,
        "BGC2": 1644825,
        "BGT": 0,
        "IS": 1,
        "S1": 76,
        "S2": 76,
        "SC1": 15708678,
        "SC2": 15708678,
        "SPT": 1
      },
      "H": 709,
      "HF": 416603384,
      "L": 70,
      "LL": 950,
      "MP": 42732110,
      "N": "Siang77",
      "OID": 8227650,
      "PF": 0,
      "PRE": 13,
      "R": 0,
      "RNP": -1,
      "RPT": 3444495,
      "RRD": -1,
      "SA": 0,
      "SUF": 111,
      "TI": -1,
      "TOPX": -1,
      "VF": 0,
      "VP": [
        [
          1,
          1071417,
          569,
          652,
          10
        ],
        [
          1,
          1213261,
          547,
          626,
          10
        ],
        [
          1,
          1384106,
          734,
          574,
          10
        ],
        [
          1,
          1402861,
          742,
          524,
          10
        ],
        [
          1,
          1573516,
          543,
          625,
          10
        ],
        [
          1,
          1610655,
          745,
          570,
          10
        ],
        [
          1,
          1637836,
          747,
          574,
          10
        ],
        [
          1,
          1679844,
          668,
          759,
          10
        ],
        [
          1,
          2203133,
          754,
          557,
          10
        ],
        [
          1,
          2819074,
          518,
          814,
          10
        ],
        [
          1,
          3274937,
          650,
          430,
          10
        ],
        [
          1,
          4616770,
          416,
          757,
          10
        ],
        [
          1,
          5462828,
          390,
          632,
          10
        ],
        [
          1,
          7001078,
          796,
          938,
          10
        ],
        [
          1,
          7114078,
          364,
          573,
          10
        ],
        [
          1,
          8913195,
          682,
          296,
          10
        ],
        [
          1,
          11520916,
          665,
          258,
          10
        ],
        [
          1,
          12063271,
          696,
          1030,
          10
        ],
        [
          2,
          764504,
          548,
          829,
          10
        ],
        [
          2,
          1036976,
          794,
          622,
          10
        ],
        [
          2,
          1576485,
          607,
          378,
          10
        ],
        [
          2,
          2670406,
          367,
          300,
          10
        ],
        [
          2,
          2677975,
          315,
          303,
          10
        ],
        [
          2,
          3213330,
          933,
          515,
          10
        ],
        [
          2,
          4460377,
          954,
          830,
          10
        ],
        [
          2,
          4729212,
          316,
          725,
          10
        ],
        [
          2,
          5952308,
          648,
          219,
          10
        ],
        [
          2,
          6633947,
          832,
          1108,
          10
        ],
        [
          3,
          795618,
          622,
          600,
          10
        ],
        [
          3,
          4300690,
          501,
          582,
          10
        ],
        [
          3,
          6289087,
          611,
          465,
          10
        ],
        [
          3,
          6966285,
          596,
          445,
          10
        ],
        [
          3,
          7096186,
          843,
          588,
          10
        ],
        [
          3,
          7369701,
          439,
          710,
          10
        ],
        [
          3,
          7417452,
          436,
          735,
          10
        ],
        [
          3,
          7631317,
          601,
          433,
          10
        ],
        [
          3,
          7631621,
          613,
          436,
          10
        ],
        [
          3,
          7631624,
          612,
          438,
          10
        ],
        [
          3,
          7631627,
          615,
          439,
          10
        ],
        [
          3,
          7663380,
          585,
          433,
          10
        ],
        [
          3,
          7991857,
          665,
          862,
          10
        ],
        [
          3,
          9201243,
          408,
          466,
          10
        ],
        [
          3,
          9422737,
          560,
          395,
          10
        ],
        [
          3,
          9791867,
          400,
          543,
          10
        ],
        [
          3,
          10504609,
          384,
          600,
          10
        ],
        [
          3,
          10504619,
          377,
          606,
          10
        ],
        [
          3,
          12061401,
          950,
          505,
          10
        ],
        [
          3,
          12137754,
          949,
          593,
          10
        ]
      ],
      "aee": {
        "ACCA": {
          "ACCS": [
            7,
            4,
            4
          ],
          "ACLI": 10
        },
        "ACFB": {
          "ACCS": [
            7,
            4
          ],
          "ACLI": 2
        }
      }
    }
  ],
  "uap": {
    "KID": 1,
    "NS": -1,
    "PMS": -1,
    "PMT": 0
  }
}

  raw:
%xt%gaa%1%0%{"KID":1,"uap":{"KID":1,"NS":-1,"PMS":-1,"PMT":0},"OI":[{"OID":3719096,"DUM":false,"N":"piesman","E":{"BGT":0,"BGC1":14408394,"BGC2":11993088,"SPT":2,"S1":47,"SC1":1644825,"S2":47,"SC2":1644825,"IS":1},"L":70,"LL":194,"H":0,"AVP":30630,"CF":81635,"HF":2721592,"PRE":103,"SUF":-1,"TOPX":-1,"MP":216296,"R":1,"AID":-1,"RPT":0,"AP":[[0,4311121,666,603,1],[1,6874221,551,627,12],[2,5010824,588,635,12],[3,9476130,698,661,12]],"VP":[],"SA":0,"VF":0,"PF":0,"RRD":0,"TI":-1,"RNP":-1},{"OID":17292549,"DUM":false,"N":"teodolinda ilie","E":{"BGT":3,"BGC1":39783,"BGC2":1644825,"SPT":4,"S1":3,"SC1":1644825,"S2":9,"SC2":39783,"IS":1},"L":70,"LL":950,"H":0,"AVP":94555,"CF":312076754,"HF":317887671,"PRE":13,"SUF":29,"TOPX":-1,"MP":19076175,"R":0,"AID":147040,"AR":8,"AN":"Reaping Forest","aee":{"ACCA":{"ACLI":3,"ACCS":[18,10]},"ACFB":{}},"RPT":0,"AP":[[0,16293247,657,538,4],[0,16298665,672,541,4],[0,16299091,648,545,1],[0,16316810,655,544,4],[1,16329396,604,760,12],[2,16310947,545,582,12],[3,16337599,574,778,12],[4,220,665,626,12]],"VP":[[1,309707,629,631,10],[1,796371,624,712,10],[1,1248366,555,617,10],[1,1266278,551,729,10],[1,1397511,593,747,10],[1,1475479,615,750,10],[1,1616854,615,761,10],[1,1670964,601,763,10],[1,1670968,603,758,10],[1,2322292,668,787,10],[1,2345729,604,788,10],[1,2569616,501,794,10],[1,2572463,698,801,10],[1,2572466,692,802,10],[1,2811759,481,716,10],[1,2826865,631,807,10],[1,3412563,457,837,10],[1,3780000,583,854,10],[1,3783670,616,855,10],[1,3783676,620,848,10],[1,4158375,587,859,10],[1,4232810,612,400,10],[1,4440066,594,878,10],[1,11129191,1017,263,10],[1,11129207,1017,271,10],[1,11582444,271,249,10],[1,11975448,851,235,10],[1,12084445,991,412,10],[1,12085376,994,485,10],[1,12279140,993,665,10],[2,320539,580,560,10],[2,324703,564,561,10],[2,359608,580,552,10],[2,359618,576,552,10],[2,362861,569,554,10],[2,449922,579,530,10],[2,456212,547,580,10],[2,456215,548,583,10],[2,513156,556,517,10],[2,577770,498,502,10],[2,793513,495,576,10],[2,796432,495,630,10],[2,1133168,478,514,10],[2,1133174,476,514,10],[2,1968768,424,596,10],[3,1400944,581,686,10],[3,1440034,573,667,10],[3,2106405,556,733,10],[3,3881990,511,762,10],[3,4104150,621,777,10],[3,4450842,544,784,10],[3,4452063,574,785,10],[3,4503085,562,790,10],[3,4503092,565,789,10],[3,4503099,569,791,10],[3,4882027,516,795,10],[3,4882037,546,795,10],[3,4918372,542,801,10],[3,4918381,539,801,10],[3,5286987,550,814,10],[3,5361730,485,814,10],[3,5839236,455,817,10],[3,6050982,573,822,10],[3,6149596,455,826,10],[3,6803644,681,834,10],[3,7422892,461,851,10],[3,7965352,551,863,10],[3,7965364,547,867,10],[3,8405422,421,820,10],[3,9143051,462,888,10],[3,9274833,414,760,10],[3,12135161,347,735,10],[3,12850833,864,979,10],[3,12851036,906,977,10],[3,12869108,925,984,10]],"SA":0,"VF":1,"PF":0,"RRD":-1,"TI":-1,"RNP":-1},{"OID":16828488,"DUM":false,"N":"King Cesar I","E":{"BGT":3,"BGC1":11993088,"BGC2":1644825,"SPT":4,"S1":14,"SC1":1644825,"S2":35,"SC2":11993088,"IS":1},"L":70,"LL":509,"H":755,"AVP":42390,"CF":19997850,"HF":36569834,"PRE":105,"SUF":27,"TOPX":-1,"MP":2471474,"R":0,"AID":117016,"AR":8,"AN":"Valor Lords","aee":{"ACCA":{"ACLI":6,"ACCS":[20,16]},"ACFB":{}},"RPT":0,"AP":[[0,15985181,680,590,1],[0,16683902,536,951,4],[0,16683903,539,943,4],[0,16683905,542,957,4],[1,16085023,517,622,12],[2,16042489,667,534,12],[3,16108371,655,543,12]],"VP":[[1,1248362,554,620,10],[1,1573512,536,632,10],[1,1743633,523,595,10],[1,1746219,527,603,10],[1,1823308,525,582,10],[1,2132068,515,568,10],[1,2138637,511,603,10],[1,2138642,511,609,10],[1,2176237,513,593,10],[1,2180339,518,633,10],[1,2180345,512,633,10],[1,2180352,518,635,10],[1,2180898,514,674,10],[1,2199870,515,622,10],[1,2199878,516,614,10],[1,2446821,505,575,10],[1,2446825,503,581,10],[1,2450773,497,617,10],[1,2485770,504,566,10],[1,2485783,505,568,10],[1,2493544,499,606,10],[1,2528067,499,556,10],[1,2528068,495,556,10],[1,2548318,505,592,10],[1,2792620,485,602,10],[1,2792624,490,607,10],[1,2840860,484,577,10],[1,2840864,491,580,10],[1,2841873,491,614,10],[1,3884681,451,605,10],[2,361174,657,556,10],[2,361176,656,555,10],[2,397574,661,534,10],[2,398808,689,541,10],[2,399236,730,540,10],[2,400941,681,534,10],[2,406005,665,534,10],[2,445034,702,521,10],[2,448999,687,531,10],[2,516474,699,510,10],[2,521412,679,511,10],[2,569586,660,502,10],[2,577440,683,497,10],[2,579406,672,501,10],[2,615598,676,488,10],[3,886436,631,600,10],[3,1282585,639,591,10],[3,1582319,642,576,10],[3,1672478,589,578,10],[3,2586697,652,550,10],[3,2586702,651,554,10],[3,2592430,697,549,10],[3,2852423,658,538,10],[3,3325710,657,531,10],[3,4095176,591,518,10],[3,4518858,639,502,10],[3,4653360,585,500,10]],"SA":0,"VF":0,"PF":1,"RRD":0,"TI":-1,"RNP":-1},{"OID":10108246,"DUM":false,"N":"FastTasha","E":{"BGT":1,"BGC1":1644825,"BGC2":4006527,"SPT":1,"S1":39,"SC1":14408394,"S2":39,"SC2":14408394,"IS":1},"L":70,"LL":351,"H":758,"AVP":46430,"CF":1938914,"HF":16232611,"PRE":13,"SUF":16,"TOPX":-1,"MP":1185509,"R":0,"AID":5590,"AR":6,"AN":"Lisebel1 Legacy","aee":{"ACCA":{"ACLI":7,"ACCS":[19,1]},"ACFB":{}},"RPT":0,"AP":[[0,11259214,1151,628,1],[0,16557821,1145,631,4],[0,16559303,1147,635,4],[0,16585508,1158,630,4],[1,11885174,680,725,12],[2,11514148,683,566,12],[3,12083400,689,707,12]],"VP":[[1,632971,609,613,10],[1,1087413,718,717,10],[1,1213247,553,627,10],[1,1224265,547,578,10],[1,1228469,633,734,10],[1,1234548,670,736,10],[1,1234550,673,730,10],[1,1397787,628,751,10],[1,1428879,680,742,10],[1,1477721,661,746,10],[1,1567689,533,592,10],[1,3112753,800,685,10],[1,3120721,800,657,10],[1,3444107,814,634,10],[1,3453066,808,703,10],[1,3477295,560,836,10],[1,4160919,836,674,10],[1,4223621,575,868,10],[1,4457165,848,723,10],[1,4672723,521,895,10],[2,276780,700,578,10],[2,279491,685,575,10],[2,318181,704,562,10],[2,323873,689,570,10],[2,323876,695,560,10],[2,361441,669,554,10],[2,362168,689,547,10],[2,1138075,445,417,10],[2,1143138,438,427,10],[3,1419742,664,700,10],[3,1620429,695,695,10],[3,1925364,691,704,10],[3,1925379,693,713,10],[3,1925381,692,707,10],[3,1967208,711,691,10],[3,1985919,682,707,10],[3,1997561,711,704,10],[3,2265800,668,717,10],[3,2280310,694,722,10],[3,2623725,699,736,10],[3,3120300,526,577,10],[3,3180188,530,618,10],[3,5870176,815,791,10],[3,6610824,791,837,10],[3,6610828,781,840,10],[3,7080684,842,815,10]],"SA":0,"VF":0,"PF":0,"RRD":0,"TI":-1,"RNP":-1},{"OID":17753347,"DUM":false,"N":"Patty_13","E":{"BGT":0,"BGC1":15259663,"BGC2":15259663,"SPT":1,"S1":42,"SC1":1644825,"S2":42,"SC2":1644825,"IS":1},"L":70,"LL":84,"H":564,"AVP":45760,"CF":37084217,"HF":51613105,"PRE":13,"SUF":111,"TOPX":-1,"MP":1501557,"R":0,"AID":32169,"AR":8,"AN":"The Cold Truth","aee":{"ACCA":{"ACLI":7,"ACCS":[12,7]},"ACFB":{}},"RPT":0,"AP":[[0,16455746,554,141,4],[0,16591413,555,134,4],[0,16596515,562,128,4],[0,16673017,559,129,1],[1,16673046,626,595,12],[2,16673024,741,590,12],[3,16673505,549,664,12],[4,2285,719,660,12]],"VP":[[1,611544,607,648,10],[1,632995,605,657,10],[1,632998,601,661,10],[1,632999,601,658,10],[1,1048924,564,626,10],[1,1248374,548,620,10]],"SA":0,"VF":0,"PF":0,"RRD":0,"TI":-1,"RNP":-1},{"OID":7334626,"DUM":false,"N":"Kyle Landon","E":{"BGT":3,"BGC1":1009082,"BGC2":15259663,"SPT":1,"S1":39,"SC1":5197126,"S2":39,"SC2":5197126,"IS":1},"L":70,"LL":189,"H":124,"AVP":35020,"CF":14113,"HF":414419,"PRE":3,"SUF":-1,"TOPX":-1,"MP":248314,"R":0,"AID":880,"AR":6,"AN":"THE ARROW","aee":{"ACCA":{"ACLI":2,"ACCS":[4,7]},"ACFB":{}},"RPT":0,"AP":[[0,8317656,606,761,1],[0,8555358,593,771,4],[0,8682073,589,743,4],[0,9050778,632,769,4],[1,9173674,356,510,12],[2,8554444,627,834,12],[3,10052274,580,580,12]],"VP":[[1,625130,601,695,10],[1,1213251,548,625,10],[1,2627131,639,794,10],[2,254543,632,709,10],[2,257173,612,708,10],[2,396862,613,540,10],[2,616926,577,482,10],[2,685496,512,605,10],[2,3034534,913,873,10],[2,3197286,353,733,10],[2,3331366,983,1018,10],[2,5062168,970,950,10],[3,9787862,400,496,10]],"SA":0,"VF":0,"PF":1,"RRD":-1,"TI":-1,"RNP":-1},{"OID":8433233,"DUM":false,"N":"Tommy815ruler","E":{"BGT":3,"BGC1":4690653,"BGC2":14408394,"SPT":1,"S1":71,"SC1":13509737,"S2":71,"SC2":13509737,"IS":1},"L":70,"LL":483,"H":629,"AVP":58640,"CF":2947937,"HF":70756817,"PRE":105,"SUF":18,"TOPX":-1,"MP":1409770,"R":0,"AID":186907,"AR":6,"AN":"The Rohirrim","aee":{"ACCA":{"ACLI":7,"ACCS":[1,7]},"ACFB":{}},"RPT":0,"AP":[[0,9518777,693,682,1],[0,15886301,706,673,4],[0,16643346,691,695,4],[0,16672611,667,665,4],[1,13093375,531,664,12],[2,12678288,683,562,12],[3,13213555,683,532,12]],"VP":[[1,466587,616,657,10],[1,1211633,546,596,10],[1,1248369,548,618,10],[1,1510335,542,609,10],[1,1510339,541,608,10],[1,1510340,540,609,10],[1,1578250,538,673,10],[1,1770477,524,723,10],[1,1855693,525,694,10],[1,1998904,603,502,10],[1,2150996,509,687,10],[1,2180902,513,664,10],[1,2454794,503,700,10],[1,2799485,485,645,10],[1,3069326,475,647,10],[1,3069329,479,648,10],[1,3776331,526,853,10],[1,4151066,440,863,10],[1,4151086,432,863,10],[1,4171091,449,864,10],[1,4171098,452,865,10],[1,4171102,452,863,10],[1,4209057,464,863,10],[1,4604925,425,854,10],[1,4604928,421,850,10],[1,4604929,426,855,10],[1,5072383,406,839,10],[1,5072391,409,840,10],[1,5072400,410,839,10],[1,5119625,407,852,10],[2,254753,663,710,10],[2,257572,645,708,10],[2,315917,669,569,10],[2,320018,681,563,10],[2,320027,676,560,10],[2,320034,678,566,10],[2,323880,690,561,10],[2,361175,658,555,10],[2,444501,635,530,10],[2,447961,607,529,10],[2,560352,741,640,10],[2,560361,744,643,10],[2,579418,667,497,10],[2,688328,677,470,10],[2,2281481,611,943,10],[3,1282643,682,586,10],[3,2358548,725,619,10],[3,2453680,715,627,10],[3,4104884,664,510,10],[3,4495521,769,671,10],[3,4515240,771,602,10],[3,4518870,640,503,10],[3,4524133,686,495,10],[3,4661893,672,496,10],[3,4661896,673,499,10],[3,5011530,680,492,10],[3,5011548,681,488,10],[3,5517901,768,470,10],[3,5903708,817,498,10],[3,6484254,820,535,10],[3,7064627,843,736,10],[3,7064629,834,738,10],[3,7064630,840,738,10],[3,7096167,843,551,10],[3,8079184,859,473,10],[3,8079197,865,479,10],[3,8180472,864,489,10],[3,8180477,862,492,10],[3,8180609,866,499,10],[3,8500210,872,464,10],[3,8504095,875,495,10],[3,8729944,873,471,10],[3,8729945,877,471,10]],"SA":0,"VF":0,"PF":0,"RRD":0,"TI":-1,"RNP":-1},{"OID":2032270,"DUM":false,"N":"rajdutt","E":{"BGT":1,"BGC1":13509737,"BGC2":13509737,"SPT":1,"S1":57,"SC1":14408394,"S2":57,"SC2":14408394,"IS":1},"L":70,"LL":97,"H":0,"AVP":13465,"CF":1468,"HF":315319,"PRE":0,"SUF":-1,"TOPX":-1,"MP":100688,"R":0,"AID":1851,"AR":7,"AN":"Drakes United","aee":{"ACCA":{"ACLI":1,"ACCS":[1]},"ACFB":{}},"RPT":0,"AP":[[0,2344147,215,1009,1],[0,14761061,680,904,4],[0,14761062,398,615,4],[0,14761063,1157,178,4],[1,3263123,549,624,12],[2,2914799,499,294,12],[3,4717302,541,502,12]],"VP":[],"SA":0,"VF":0,"PF":1,"RRD":0,"TI":-1,"RNP":-1},{"OID":17728733,"DUM":false,"N":"bk2","E":{"BGT":3,"BGC1":14037522,"BGC2":4006527,"SPT":1,"S1":44,"SC1":4006527,"S2":44,"SC2":4006527,"IS":1},"L":70,"LL":139,"H":1152,"AVP":41645,"CF":414347,"HF":7098597,"PRE":103,"SUF":-1,"TOPX":-1,"MP":563223,"R":0,"AID":177207,"AR":6,"AN":"We R Gladiators","aee":{"ACCA":{"ACLI":4,"ACCS":[7,4]},"ACFB":{}},"RPT":0,"AP":[[0,16561283,930,654,4],[0,16572208,905,652,4],[0,16582412,927,664,4],[0,16632052,925,664,1],[1,16633839,486,673,12],[2,16632138,696,788,12],[3,16634431,773,790,12]],"VP":[[1,912721,572,684,10],[1,1248360,546,620,10],[1,1755486,528,686,10],[1,1759437,522,709,10],[1,2151014,511,683,10],[1,2180894,514,670,10],[1,2503206,505,680,10],[1,2503221,498,680,10],[1,2503223,497,687,10],[1,2562110,496,670,10],[1,2562113,495,667,10],[1,2800406,481,668,10],[1,2800411,489,668,10],[1,2800412,483,672,10],[1,2800421,485,672,10],[1,2802714,485,677,10],[1,2802718,484,680,10],[1,2802730,492,681,10],[1,2802733,483,679,10],[1,3069900,471,680,10],[1,3069911,479,684,10],[1,3075310,475,666,10],[1,3075321,477,666,10],[1,3075324,476,667,10],[1,3075325,474,673,10],[1,3075326,475,672,10],[1,3085565,476,693,10],[1,3464020,466,692,10],[1,4221554,437,677,10],[2,518378,703,777,10],[2,581171,711,783,10],[2,581178,708,782,10],[2,581180,702,787,10],[2,581183,706,790,10],[2,587366,684,786,10],[2,587382,685,789,10],[2,588208,698,782,10],[2,588212,694,790,10],[2,588213,690,790,10],[2,588216,696,785,10],[2,588218,698,785,10],[2,588219,700,785,10],[2,618236,695,794,10],[2,622455,710,794,10],[3,4090271,742,771,10],[3,4140090,763,776,10],[3,4468995,775,785,10],[3,4468996,770,786,10],[3,4469013,767,787,10],[3,4552201,765,791,10],[3,4552202,760,790,10],[3,4552207,764,788,10],[3,4560227,786,786,10],[3,4560237,785,789,10],[3,4560238,783,785,10],[3,4915303,744,795,10],[3,4915304,744,797,10],[3,4917231,781,803,10],[3,4917232,785,802,10],[3,4938694,767,797,10],[3,4938699,774,804,10],[3,4938700,769,803,10],[3,4938707,767,799,10],[3,4971255,762,804,10],[3,4971265,764,800,10],[3,5372604,760,807,10],[3,5372607,758,807,10],[3,5374596,804,812,10],[3,5420275,801,791,10],[3,5906214,813,774,10],[3,5906221,806,768,10],[3,6543894,823,774,10],[3,7078106,832,775,10]],"SA":0,"VF":0,"PF":0,"RRD":0,"TI":-1,"RNP":-1},{"OID":9055325,"DUM":false,"N":"Goodwife1","E":{"BGT":2,"BGC1":1009082,"BGC2":13550873,"SPT":4,"S1":47,"SC1":14408394,"S2":47,"SC2":14408394,"IS":1},"L":70,"LL":593,"H":0,"AVP":56315,"CF":158248,"HF":2326387,"PRE":4,"SUF":-1,"TOPX":-1,"MP":489335,"R":0,"AID":178007,"AR":2,"AN":"Shangri-la","aee":{"ACCA":{"ACLI":4,"ACCS":[18,1]},"ACFB":{}},"RPT":0,"AP":[[0,6020566,865,694,4],[0,10199310,865,705,1],[0,10938983,864,704,4],[0,13104815,860,710,4],[1,13508386,553,617,12],[2,11804535,674,878,12],[3,13604182,577,708,12]],"VP":[],"SA":0,"VF":0,"PF":0,"RRD":-1,"TI":-1,"RNP":-1},{"OID":16084333,"DUM":false,"N":"almosthuman","E":{"BGT":0,"BGC1":305315,"BGC2":305315,"SPT":1,"S1":47,"SC1":4006527,"S2":47,"SC2":4006527,"IS":1},"L":70,"LL":143,"H":1023,"AVP":36275,"CF":280859,"HF":1539373,"PRE":5,"SUF":-1,"TOPX":-1,"MP":1184486,"R":0,"AID":190518,"AR":8,"AN":"Demon Knights","aee":{"ACCA":{"ACLI":7,"ACCS":[20,18]},"ACFB":{}},"RPT":0,"AP":[[0,15424790,59,67,1],[0,15429325,60,68,4],[0,16589847,72,60,4],[0,16633992,52,60,4],[1,15524048,561,604,12],[2,15446564,503,565,12],[3,15549336,510,598,12]],"VP":[[1,498534,660,685,10],[1,579800,683,609,10],[1,677130,596,590,10],[1,1248359,552,613,10],[1,1494791,544,620,10],[1,2180350,510,635,10],[1,2317394,518,789,10],[1,2751696,488,458,10],[1,3085166,477,653,10],[1,3980844,446,574,10],[1,4238764,432,587,10],[1,4648909,420,516,10],[1,4701149,416,746,10],[1,4719258,861,791,10],[1,5071085,405,826,10],[1,5144201,405,898,10],[1,7884981,351,768,10],[1,8408049,944,868,10],[1,9997486,491,998,10],[1,10379560,964,957,10],[1,11088329,483,1002,10],[1,11088330,486,1002,10],[1,11088337,488,1004,10],[1,11350253,321,605,10],[1,11520902,664,251,10],[1,11767254,443,1022,10],[1,12089698,371,1038,10],[2,457642,552,595,10],[2,597813,531,588,10],[2,597830,522,590,10],[2,608179,524,615,10],[2,676609,515,552,10],[2,676980,516,579,10],[2,793522,498,576,10],[2,793523,499,577,10],[2,808139,498,568,10],[2,809217,505,604,10],[2,1517189,395,393,10],[2,1625523,406,901,10],[2,2438002,400,453,10],[2,2637659,380,431,10],[2,3679528,339,604,10],[3,3217262,531,734,10],[3,3774712,514,590,10],[3,3774713,515,596,10],[3,4502623,771,703,10],[3,4560233,786,790,10],[3,4701174,483,557,10],[3,5360172,797,660,10],[3,5360185,798,659,10],[3,6036422,703,820,10],[3,6944402,560,449,10],[3,7063471,843,652,10],[3,7339298,434,590,10],[3,7339302,436,592,10],[3,7401805,437,575,10],[3,8739202,873,629,10],[3,9247570,409,582,10],[3,9266409,414,678,10],[3,9829266,393,661,10],[3,9829377,391,684,10],[3,10333415,577,915,10],[3,10384362,877,921,10],[3,10976553,927,407,10],[3,11023006,511,927,10],[3,11109733,843,925,10],[3,11765556,362,498,10],[3,12024283,577,958,10],[3,12151687,327,960,10],[3,12200047,401,347,10],[3,12279042,499,967,10],[3,12552422,964,397,10]],"SA":0,"VF":0,"PF":0,"RRD":0,"TI":-1,"RNP":-1},{"OID":17472658,"DUM":false,"N":"GreenRanger","E":{"BGT":0,"BGC1":30512,"BGC2":30512,"SPT":2,"S1":71,"SC1":14408394,"S2":71,"SC2":14408394,"IS":1},"L":70,"LL":320,"H":717,"AVP":51200,"CF":5675977,"HF":93020102,"PRE":13,"SUF":21,"TOPX":-1,"MP":6201061,"R":0,"AID":149370,"AR":8,"AN":"WarStone","aee":{"ACCA":{"ACLI":8,"ACCS":[7,17]},"ACFB":{}},"RPT":0,"AP":[[0,16361856,601,966,4],[0,16364428,609,1004,4],[0,16364431,617,968,4],[0,16425175,602,965,1],[1,16491810,619,543,12],[2,16426808,588,657,12],[3,16526831,575,642,12],[4,3857,548,704,12],[3,16683568,544,608,28]],"VP":[[1,624780,679,595,10],[1,740270,607,577,10],[1,844408,624,566,10],[1,913388,580,590,10],[1,1021135,612,555,10],[1,1168030,580,541,10],[1,1169257,617,542,10],[1,1169263,611,541,10],[1,1188986,665,537,10],[1,1213249,549,626,10],[1,1217596,646,538,10],[1,1998903,607,503,10],[1,2011594,679,505,10],[1,2696293,659,466,10],[1,2743859,704,459,10],[1,3053466,708,444,10],[1,3963010,718,414,10],[1,4585095,759,380,10],[2,97507,626,647,10],[2,98455,624,625,10],[2,130342,637,664,10],[2,133530,611,616,10],[2,213757,595,691,10],[2,230967,604,645,10],[2,239353,609,614,10],[2,284635,586,654,10],[2,285588,586,667,10],[2,297304,587,640,10],[2,348842,578,664,10],[2,348847,576,667,10],[2,793510,502,583,10],[2,1665182,434,568,10],[3,375572,633,654,10],[3,662367,624,620,10],[3,1115243,594,652,10],[3,1115255,588,661,10],[3,1426888,578,629,10],[3,1426892,579,628,10],[3,1660289,566,640,10],[3,1660294,568,648,10],[3,1660306,563,648,10],[3,1661003,559,652,10],[3,1661011,564,651,10],[3,2067150,551,619,10],[3,2669400,541,631,10],[3,3206624,528,690,10],[3,6963286,777,453,10],[3,6966959,788,445,10],[3,6966972,782,453,10],[3,7642152,775,434,10],[3,7642159,778,440,10],[3,7673566,781,430,10],[3,7673568,790,430,10],[3,7673574,787,434,10],[3,7673584,790,439,10],[3,8258973,775,421,10]],"SA":0,"VF":0,"PF":0,"RRD":0,"TI":-1,"RNP":-1},{"OID":17510167,"DUM":false,"N":"alien733","E":{"BGT":0,"BGC1":5197126,"BGC2":5197126,"SPT":1,"S1":42,"SC1":305315,"S2":42,"SC2":305315,"IS":1},"L":70,"LL":55,"H":102,"AVP":30485,"CF":2133063,"HF":2220229,"PRE":105,"SUF":110,"TOPX":-1,"MP":934629,"R":1,"AID":117016,"AR":8,"AN":"Valor Lords","aee":{"ACCA":{"ACLI":6,"ACCS":[20,16]},"ACFB":{}},"RPT":0,"AP":[[0,16513316,684,683,1],[0,16660697,682,687,4],[0,16670254,684,687,4],[0,16675856,683,686,4],[1,16533546,547,610,12],[2,16530936,678,535,12],[3,16535491,755,764,12]],"VP":[[1,705174,591,615,10],[1,903191,572,599,10],[1,1067580,567,612,10],[1,1204002,549,600,10],[1,1248357,547,617,10],[1,1248364,551,614,10],[1,1494788,535,619,10],[1,1494800,537,617,10],[1,1494804,541,613,10],[1,1831902,529,619,10],[2,406002,672,534,10],[3,3155182,745,749,10],[3,3671788,757,764,10],[3,3671792,758,762,10],[3,3671801,754,755,10],[3,4090258,749,768,10],[3,4090264,751,770,10],[3,4249840,757,750,10],[3,4914437,702,798,10],[3,4914441,711,800,10],[3,5372522,720,817,10],[3,6188944,725,820,10]],"SA":0,"VF":0,"PF":0,"RRD":0,"TI":-1,"RNP":-1},{"OID":15897107,"DUM":false,"N":"Repulic of Fear","E":{"BGT":3,"BGC1":14408394,"BGC2":11993088,"SPT":4,"S1":36,"SC1":14408394,"S2":13,"SC2":11993088,"IS":1},"L":70,"LL":420,"H":4,"AVP":35020,"CF":99482,"HF":801237,"PRE":4,"SUF":-1,"TOPX":-1,"MP":105801,"R":0,"AID":-1,"RPT":0,"AP":[[0,15298702,650,615,1],[1,15311644,549,617,12],[2,15308454,730,641,12],[3,15351772,551,683,12]],"VP":[],"SA":0,"VF":0,"PF":0,"RRD":0,"TI":-1,"RNP":-1},{"OID":17452589,"DUM":false,"N":"santos5710","E":{"BGT":1,"BGC1":14408394,"BGC2":11993088,"SPT":1,"S1":44,"SC1":1644825,"S2":44,"SC2":1644825,"IS":1},"L":70,"LL":950,"H":964,"AVP":78350,"CF":50084770,"HF":134371101,"PRE":105,"SUF":29,"TOPX":-1,"MP":6345262,"R":0,"AID":189891,"AR":6,"AN":"Coalizão Brasil","aee":{"ACCA":{"ACLI":7,"ACCS":[14,12]},"ACFB":{}},"RPT":0,"AP":[[0,3426897,1034,157,4],[0,11384990,1040,158,4],[0,11664136,1018,166,4],[0,16411601,1038,159,1],[1,16427542,556,583,12],[2,16418914,733,740,12],[3,16434405,818,779,12],[4,3245,556,640,12],[0,16682783,1045,137,28],[0,16682784,1086,136,28],[3,16683602,810,790,28],[3,16683603,819,788,28]],"VP":[[1,890826,566,568,10],[1,903194,583,601,10],[1,1203995,557,600,10],[1,1213254,548,627,10],[1,1224258,555,582,10],[1,1224264,552,579,10],[1,1252060,548,696,10],[1,1751084,525,646,10],[1,1837204,527,653,10],[1,2199882,514,614,10],[1,2199885,507,620,10],[1,2840858,486,577,10],[1,5726656,693,918,10],[1,5838401,472,911,10],[1,5885948,603,919,10],[1,6394416,633,924,10],[1,7083825,576,937,10],[1,7331067,921,540,10],[1,7601136,616,960,10],[1,7805352,590,954,10],[1,9395547,343,917,10],[1,9447637,347,903,10],[1,9447640,338,906,10],[1,10042901,326,914,10],[1,11260015,323,490,10],[1,11292797,318,903,10],[1,11292801,320,905,10],[1,11292922,321,939,10],[1,12154282,304,564,10],[1,12281574,310,596,10],[2,368303,738,736,10],[2,424040,737,758,10],[2,424051,736,757,10],[2,431427,705,765,10],[2,431968,746,763,10],[2,507697,724,778,10],[2,570648,750,696,10],[2,1637609,841,782,10],[2,1637620,841,789,10],[2,1886497,855,777,10],[2,1886513,850,776,10],[2,1893067,855,798,10],[2,1900030,853,787,10],[2,1900038,847,787,10],[2,1900046,850,790,10],[3,2925219,734,606,10],[3,5418801,803,752,10],[3,5418806,802,751,10],[3,5888344,812,757,10],[3,5900495,813,795,10],[3,7078108,839,776,10],[3,7080687,843,817,10],[3,7469855,852,821,10],[3,8858532,575,414,10],[3,9782600,401,422,10],[3,9782601,392,423,10],[3,9782603,395,424,10],[3,10261491,674,921,10],[3,10298046,782,914,10],[3,10338619,651,915,10],[3,10345946,696,921,10],[3,10371051,601,915,10],[3,10383347,837,917,10],[3,10383348,834,918,10],[3,10383351,835,920,10],[3,10966106,930,596,10],[3,11660582,456,937,10],[3,11719065,452,940,10],[3,11721554,492,941,10],[3,12021712,505,959,10],[3,12137515,959,511,10],[3,12138968,344,934,10],[3,12605326,973,510,10],[3,12642762,962,721,10],[3,13474776,976,627,10]],"SA":0,"VF":0,"PF":0,"RRD":0,"TI":-1,"RNP":-1},{"OID":11423430,"DUM":false,"N":"Arrow8","E":{"BGT":3,"BGC1":14408394,"BGC2":30512,"SPT":4,"S1":3,"SC1":30512,"S2":15,"SC2":13550873,"IS":1},"L":70,"LL":145,"H":0,"AVP":27510,"CF":70682,"HF":87852,"PRE":103,"SUF":-1,"TOPX":-1,"MP":693259,"R":0,"AID":190120,"AR":8,"AN":"ELYSIUM","aee":{"ACCA":{"ACLI":1,"ACCS":[1]},"ACFB":{}},"RPT":0,"AP":[[0,12261488,575,598,1],[0,16645766,577,600,4],[0,16645767,572,599,4],[0,16675618,574,592,4],[1,13090048,554,626,12],[2,12538389,554,607,12],[3,14528549,743,699,12]],"VP":[],"SA":0,"VF":0,"PF":0,"RRD":-1,"TI":-1,"RNP":-1},{"OID":17518561,"DUM":false,"N":"OBADIAH","E":{"BGT":3,"BGC1":1644825,"BGC2":1644825,"SPT":1,"S1":39,"SC1":1644825,"S2":39,"SC2":1644825,"IS":1},"L":70,"LL":950,"H":706,"AVP":71900,"CF":3522681,"HF":62925044,"PRE":13,"SUF":19,"TOPX":-1,"MP":2748722,"R":1,"AID":-1,"RPT":0,"AP":[[0,16457211,633,625,1],[1,16471511,545,619,12],[2,16460054,683,629,12],[3,16472077,610,738,12]],"VP":[],"SA":0,"VF":0,"PF":0,"RRD":-1,"TI":-1,"RNP":-1},{"OID":7800474,"DUM":false,"N":"tazboyd","E":{"BGT":3,"BGC1":14408394,"BGC2":11993088,"SPT":4,"S1":9,"SC1":11993088,"S2":7,"SC2":1644825,"IS":1},"L":45,"LL":0,"H":0,"AVP":760,"CF":2405,"HF":2405,"PRE":0,"SUF":-1,"TOPX":-1,"MP":7915,"R":0,"AID":185240,"AR":4,"AN":"Bastos","aee":{"ACCA":{"ACLI":7,"ACCS":[14,6]},"ACFB":{}},"RPT":0,"AP":[[0,16638407,634,629,1],[0,16639890,628,626,4],[0,16643085,629,629,4],[0,16666794,634,633,4],[1,16672916,544,622,12],[2,16653227,518,800,12]],"VP":[],"SA":0,"VF":0,"PF":0,"RRD":-1,"TI":-1,"RNP":-1},{"OID":17072426,"DUM":false,"N":"Im mad","E":{"BGT":0,"BGC1":1644825,"BGC2":1644825,"SPT":1,"S1":42,"SC1":14408394,"S2":42,"SC2":14408394,"IS":1},"L":70,"LL":538,"H":717,"AVP":70855,"CF":71637,"HF":164204012,"PRE":103,"SUF":-1,"TOPX":-1,"MP":2325383,"R":0,"AID":188481,"AR":1,"AN":"LEISURE DAYS","aee":{"ACCA":{"ACLI":2,"ACCS":[4,10]},"ACFB":{}},"RPT":0,"AP":[[0,16145829,462,504,1],[1,16225153,504,671,12],[2,16148102,714,468,12],[3,16322233,826,582,12]],"VP":[[1,489615,619,643,10],[1,1248358,547,619,10],[1,2180896,507,670,10],[1,2562107,502,668,10],[1,2852307,484,736,10],[1,3446480,578,839,10],[1,3913810,449,681,10],[1,4179867,599,860,10],[1,4223634,613,869,10],[1,4440187,607,878,10],[2,552383,533,690,10],[2,815016,494,759,10],[2,955426,492,756,10],[2,1137031,476,710,10],[3,2118873,645,566,10],[3,2146723,596,568,10],[3,2849207,642,542,10],[3,4069346,612,513,10],[3,4069355,612,515,10],[3,4144011,754,541,10]],"SA":0,"VF":0,"PF":0,"RRD":0,"TI":-1,"RNP":-1},{"OID":12651311,"DUM":false,"N":"John II","E":{"BGT":3,"BGC1":14408394,"BGC2":11993088,"SPT":4,"S1":29,"SC1":11993088,"S2":7,"SC2":11993088,"IS":1},"L":70,"LL":809,"H":809,"AVP":60030,"CF":291479,"HF":1021840,"PRE":6,"SUF":-1,"TOPX":-1,"MP":1750062,"R":0,"AID":72601,"AR":6,"AN":"SPARTACUS","aee":{"ACCA":{"ACLI":7,"ACCS":[4,7]},"ACFB":{}},"RPT":0,"AP":[[0,14750262,1129,938,1],[0,14750489,1137,938,4],[0,14754274,1121,938,4],[0,14758889,1136,939,4],[1,14764022,524,569,12],[2,14755362,581,598,12],[3,14766790,479,729,12],[4,2260,570,679,12]],"VP":[[1,1020031,581,551,10],[1,1065856,559,575,10],[1,1201359,554,568,10],[1,1213258,552,625,10],[1,1578255,535,674,10],[1,1742848,524,562,10],[1,1742860,521,570,10],[1,1746229,529,603,10],[1,1823304,529,580,10],[1,1823305,531,582,10],[1,1954689,536,503,10],[1,2132079,510,567,10],[1,2173334,507,547,10],[1,2196925,518,573,10],[1,2804561,487,713,10],[1,2811762,489,716,10],[2,186425,663,599,10],[2,258186,593,593,10],[2,278015,609,573,10],[2,287628,586,602,10],[2,319531,639,560,10],[2,345184,575,587,10],[2,345198,573,595,10],[2,404147,568,575,10],[2,468300,556,599,10],[3,907745,604,647,10],[3,2771389,537,750,10],[3,2835688,598,541,10],[3,3791274,508,641,10],[3,4352382,497,724,10],[3,4427531,503,707,10],[3,4427544,504,703,10],[3,4732771,481,726,10],[3,4732775,485,724,10],[3,5286515,471,713,10],[3,5320431,468,648,10],[3,5332944,469,723,10],[3,5333209,476,729,10],[3,5810705,459,693,10],[3,5950844,465,742,10],[3,6658070,452,655,10],[3,6659980,451,691,10],[3,9841861,400,851,10],[3,12851985,346,978,10]],"SA":0,"VF":0,"PF":0,"RRD":0,"TI":-1,"RNP":-1},{"OID":11829210,"DUM":false,"N":"HELLBOZ","E":{"BGT":0,"BGC1":1644825,"BGC2":1644825,"SPT":1,"S1":72,"SC1":305315,"S2":72,"SC2":305315,"IS":1},"L":70,"LL":950,"H":1882,"AVP":89075,"CF":105298649,"HF":213607026,"PRE":13,"SUF":29,"TOPX":-1,"MP":57969013,"R":0,"AID":21515,"AR":2,"AN":"Soft Kittens","aee":{"ACCA":{"ACLI":12,"ACCS":[19,4]},"ACFB":{"ACLI":2,"ACCS":[19,4]}},"RPT":0,"AP":[[0,12568247,425,240,1],[0,16678749,406,1159,4],[0,16684183,421,242,4],[1,12693198,553,621,12],[2,12613356,506,777,12],[3,12795469,551,761,12],[4,3581,552,570,12],[0,4758750,423,241,23]],"VP":[],"SA":0,"VF":1,"PF":0,"RRD":0,"TI":-1,"RNP":-1},{"OID":995391,"DUM":false,"N":"kuykenwe","E":{"BGT":0,"BGC1":39783,"BGC2":1009082,"SPT":1,"S1":62,"SC1":1644825,"S2":62,"SC2":1644825,"IS":1},"L":70,"LL":800,"H":225,"AVP":22400,"CF":1749,"HF":10422311,"PRE":0,"SUF":-1,"TOPX":-1,"MP":317873,"R":0,"AID":689,"AR":8,"AN":"Dream Team","aee":{"ACCA":{"ACLI":1,"ACCS":[1]},"ACFB":{}},"RPT":0,"AP":[[0,1131570,218,396,1],[0,16012165,1122,223,4],[1,1481825,546,627,12],[2,1362980,475,406,12],[3,1598814,623,697,12]],"VP":[],"SA":0,"VF":0,"PF":1,"RRD":0,"TI":-1,"RNP":-1},{"OID":14402602,"DUM":false,"N":"Deathstar3","E":{"BGT":1,"BGC1":1644825,"BGC2":4006527,"SPT":1,"S1":42,"SC1":14408394,"S2":42,"SC2":14408394,"IS":1},"L":70,"LL":178,"H":779,"AVP":47965,"CF":1104976,"HF":7322360,"PRE":103,"SUF":-1,"TOPX":-1,"MP":734134,"R":0,"AID":5590,"AR":8,"AN":"Lisebel1 Legacy","aee":{"ACCA":{"ACLI":7,"ACCS":[19,1]},"ACFB":{}},"RPT":0,"AP":[[0,14747565,1148,629,1],[0,16184787,1148,632,4],[0,16585510,1151,630,4],[0,16585511,1152,631,4],[1,14892110,550,613,12],[2,14763007,562,622,12],[3,16213983,685,617,12]],"VP":[[1,1044335,565,590,10],[1,1048652,565,599,10],[1,1203991,549,604,10],[1,1213259,553,629,10],[1,1248367,548,612,10],[1,1248371,550,618,10],[1,1494796,544,614,10],[1,1751073,531,646,10],[2,297318,591,644,10],[2,315920,673,560,10],[2,448989,678,528,10],[2,458216,557,614,10],[2,521407,678,510,10],[2,569814,697,495,10],[3,308945,658,632,10],[3,888471,683,622,10],[3,888472,678,617,10],[3,888474,682,616,10],[3,888478,681,615,10],[3,888482,687,615,10],[3,908969,679,644,10],[3,1277457,691,634,10],[3,1277461,690,633,10],[3,1285132,671,595,10],[3,1330468,692,595,10],[3,1336950,690,613,10]],"SA":0,"VF":0,"PF":0,"RRD":0,"TI":-1,"RNP":-1},{"OID":17674801,"DUM":false,"N":"MasterPunisher","E":{"BGT":0,"BGC1":14408394,"BGC2":14408394,"SPT":1,"S1":72,"SC1":1644825,"S2":72,"SC2":1644825,"IS":1},"L":70,"LL":950,"H":521,"AVP":57885,"CF":10814586,"HF":16516736,"PRE":13,"SUF":24,"TOPX":-1,"MP":3697540,"R":0,"AID":189891,"AR":7,"AN":"Coalizão Brasil","aee":{"ACCA":{"ACLI":7,"ACCS":[14,12]},"ACFB":{}},"RPT":0,"AP":[[0,16575840,679,739,1],[0,16613662,683,738,4],[0,16613710,678,742,4],[0,16613906,658,757,4],[1,16588277,508,614,12],[2,16582901,679,616,12],[3,16589153,670,602,12],[4,1416,587,685,12]],"VP":[[1,489618,613,647,10],[1,516252,614,626,10],[1,564460,603,602,10],[1,703410,588,633,10],[1,898494,579,692,10],[1,903195,577,606,10],[1,1053591,568,685,10],[1,1071414,568,655,10],[1,1209066,557,685,10],[1,1213257,550,625,10],[1,1248355,550,615,10],[1,1248370,551,616,10],[1,1252062,552,696,10],[1,1252067,556,696,10],[1,1517789,542,645,10],[1,1573503,543,635,10],[1,1743617,520,594,10],[1,1751085,520,647,10],[1,2196936,513,579,10],[1,2816912,492,759,10],[1,3465923,466,772,10],[1,3475936,463,566,10],[1,3983106,444,621,10],[1,4269412,431,729,10],[1,4616372,416,677,10],[1,4664586,418,553,10],[1,4690301,416,674,10],[1,5061704,413,674,10],[1,5448220,397,678,10],[1,6321754,383,696,10],[2,148665,670,622,10],[2,194810,686,613,10],[2,269242,694,619,10],[2,297556,598,720,10],[2,375116,541,745,10],[2,422926,641,755,10],[2,429402,591,764,10],[2,429403,596,759,10],[2,681603,516,809,10],[2,726920,767,742,10],[2,1007533,618,850,10],[2,1007540,622,852,10],[2,1092073,795,716,10],[2,1159403,474,759,10],[2,1300217,637,876,10],[3,2118791,618,563,10],[3,2592429,692,552,10],[3,3005104,668,538,10],[3,3360714,550,525,10],[3,3368322,632,521,10],[3,3379328,708,528,10],[3,3450221,523,527,10],[3,4025266,544,518,10],[3,4085579,722,515,10],[3,4095053,556,508,10],[3,4095057,555,509,10],[3,4507178,521,501,10],[3,4986991,501,483,10],[3,4994629,533,488,10],[3,5002841,639,483,10],[3,6387178,553,457,10],[3,6946720,601,452,10],[3,7627872,565,438,10],[3,7627874,560,439,10],[3,7636693,682,434,10],[3,7663390,587,437,10],[3,8217277,501,419,10],[3,8226984,600,419,10],[3,8856416,533,405,10],[3,9422985,582,393,10],[3,10149793,724,379,10],[3,10472645,708,383,10],[3,11090692,621,371,10],[3,11228967,372,517,10],[3,12138041,654,346,10]],"SA":0,"VF":0,"PF":0,"RRD":0,"TI":-1,"RNP":-1},{"OID":17558647,"DUM":false,"N":"Highlander68","E":{"BGT":3,"BGC1":8881264,"BGC2":30512,"SPT":4,"S1":47,"SC1":30512,"S2":47,"SC2":14037522,"IS":1},"L":51,"LL":0,"H":259,"AVP":7785,"CF":70959,"HF":236491,"PRE":3,"SUF":-1,"TOPX":-1,"MP":169098,"R":0,"AID":580,"AR":8,"AN":"Celtic Knights","aee":{"ACCA":{"ACLI":7,"ACCS":[14,9]},"ACFB":{}},"RPT":723822,"AP":[[0,14134147,980,527,4],[0,16200743,988,528,4],[0,16484889,987,529,1],[0,16495899,986,530,4],[1,16565275,543,628,12],[2,16486350,572,492,12],[3,16662951,509,763,12]],"VP":[[1,1248372,552,620,10],[1,1573510,544,631,10],[2,572740,569,498,10],[2,616931,572,487,10],[2,616932,576,491,10],[2,616934,574,492,10]],"SA":0,"VF":0,"PF":1,"RRD":0,"TI":-1,"RNP":-1},{"OID":14007400,"DUM":false,"N":"J5dog","E":{"BGT":3,"BGC1":14408394,"BGC2":16341788,"SPT":4,"S1":33,"SC1":1644825,"S2":13,"SC2":11993088,"IS":1},"L":70,"LL":662,"H":935,"AVP":58210,"CF":109179,"HF":393672,"PRE":4,"SUF":-1,"TOPX":-1,"MP":1232862,"R":0,"AID":580,"AR":3,"AN":"Celtic Knights","aee":{"ACCA":{"ACLI":7,"ACCS":[14,9]},"ACFB":{}},"RPT":0,"AP":[[0,14750499,1114,961,1],[0,14751788,1118,958,4],[0,14755376,1120,954,4],[0,14759085,1123,969,4],[1,14764829,502,699,12],[2,14756604,561,578,12],[3,14779520,474,609,12],[4,2765,562,600,12]],"VP":[[1,525135,642,678,10],[1,721153,656,578,10],[1,721161,656,581,10],[1,1213253,546,625,10],[1,1759455,521,704,10],[1,1772469,529,743,10],[1,2151005,507,681,10],[1,2172665,508,761,10],[1,2419180,499,784,10],[1,2503220,498,686,10],[1,2511497,499,721,10],[1,2511499,494,720,10],[1,2511511,500,725,10],[1,2802732,486,683,10],[1,2804543,481,711,10],[1,2804557,490,710,10],[1,2811756,492,724,10],[1,3101243,520,820,10],[1,4459151,833,875,10],[1,9981978,372,992,10],[1,11334075,980,729,10],[1,12149821,710,1028,10],[2,280697,576,579,10],[2,280702,579,577,10],[2,324702,568,570,10],[2,338539,567,735,10],[2,345182,578,594,10],[2,394305,564,593,10],[2,549464,533,549,10],[2,3703245,317,256,10],[3,1447164,572,573,10],[3,1660301,566,646,10],[3,2075897,555,654,10],[3,2649626,534,640,10],[3,3159242,521,591,10],[3,4306958,500,617,10],[3,4708852,486,577,10],[3,4713074,487,606,10],[3,4713079,484,608,10],[3,4713089,481,602,10],[3,4713091,483,606,10],[3,4713796,488,620,10],[3,4717276,482,630,10],[3,4717283,482,634,10],[3,5315823,475,607,10],[3,5315827,478,601,10],[3,5316866,475,618,10],[3,5316873,474,612,10],[3,6658066,442,653,10],[3,7965347,551,859,10],[3,8325906,422,445,10],[3,8682261,679,873,10]],"SA":0,"VF":0,"PF":0,"RRD":0,"TI":-1,"RNP":-1},{"OID":4175105,"DUM":false,"N":"squeaky62","E":{"BGT":2,"BGC1":1644825,"BGC2":14392335,"SPT":3,"S1":49,"SC1":14392335,"S2":49,"SC2":1644825,"IS":1},"L":70,"LL":795,"H":134,"AVP":44825,"CF":2377109,"HF":3281229,"PRE":13,"SUF":17,"TOPX":-1,"MP":948289,"R":0,"AID":880,"AR":3,"AN":"THE ARROW","aee":{"ACCA":{"ACLI":2,"ACCS":[4,7]},"ACFB":{}},"RPT":0,"AP":[[0,1456367,561,758,4],[0,2865206,614,724,4],[0,4836553,612,735,1],[0,15948397,620,713,4],[1,9459518,508,649,12],[2,8328862,596,619,12],[3,10822901,397,543,12]],"VP":[[1,1248373,552,618,10],[1,1248375,554,618,10],[1,2419185,500,788,10],[1,2419189,500,791,10],[1,4438046,563,872,10],[1,4523446,618,380,10],[1,4616772,427,758,10],[1,6585438,723,333,10],[1,10351269,331,739,10],[2,554216,543,609,10],[2,569166,616,504,10],[2,644593,762,606,10],[2,777410,751,457,10],[2,855682,544,447,10],[2,1226909,808,674,10],[2,1883922,849,698,10],[2,2179255,661,339,10],[2,2660566,540,303,10],[2,2684448,553,302,10],[2,3208033,924,799,10],[2,3676932,339,483,10],[2,5044995,968,612,10],[2,5149389,243,1068,10],[2,6825412,371,185,10],[3,10359375,379,534,10],[3,10363879,381,576,10]],"SA":0,"VF":0,"PF":0,"RRD":0,"TI":-1,"RNP":-1},{"OID":8227650,"DUM":false,"N":"Siang77","E":{"BGT":0,"BGC1":1644825,"BGC2":1644825,"SPT":1,"S1":76,"SC1":15708678,"S2":76,"SC2":15708678,"IS":1},"L":70,"LL":950,"H":709,"AVP":104235,"CF":41025888,"HF":416603384,"PRE":13,"SUF":111,"TOPX":-1,"MP":42732110,"R":0,"AID":3318,"AR":6,"AN":"THE MISC","aee":{"ACCA":{"ACLI":10,"ACCS":[7,4,4]},"ACFB":{"ACLI":2,"ACCS":[7,4]}},"RPT":3444495,"AP":[[0,9289760,958,1053,1],[0,13301295,959,1049,4],[0,14593040,973,1044,4],[0,14600690,980,1047,4],[1,9794627,792,953,12],[2,9447042,267,1061,12],[3,10290183,781,436,12]],"VP":[[1,1071417,569,652,10],[1,1213261,547,626,10],[1,1384106,734,574,10],[1,1402861,742,524,10],[1,1573516,543,625,10],[1,1610655,745,570,10],[1,1637836,747,574,10],[1,1679844,668,759,10],[1,2203133,754,557,10],[1,2819074,518,814,10],[1,3274937,650,430,10],[1,4616770,416,757,10],[1,5462828,390,632,10],[1,7001078,796,938,10],[1,7114078,364,573,10],[1,8913195,682,296,10],[1,11520916,665,258,10],[1,12063271,696,1030,10],[2,764504,548,829,10],[2,1036976,794,622,10],[2,1576485,607,378,10],[2,2670406,367,300,10],[2,2677975,315,303,10],[2,3213330,933,515,10],[2,4460377,954,830,10],[2,4729212,316,725,10],[2,5952308,648,219,10],[2,6633947,832,1108,10],[3,795618,622,600,10],[3,4300690,501,582,10],[3,6289087,611,465,10],[3,6966285,596,445,10],[3,7096186,843,588,10],[3,7369701,439,710,10],[3,7417452,436,735,10],[3,7631317,601,433,10],[3,7631621,613,436,10],[3,7631624,612,438,10],[3,7631627,615,439,10],[3,7663380,585,433,10],[3,7991857,665,862,10],[3,9201243,408,466,10],[3,9422737,560,395,10],[3,9791867,400,543,10],[3,10504609,384,600,10],[3,10504619,377,606,10],[3,12061401,950,505,10],[3,12137754,949,593,10]],"SA":0,"VF":0,"PF":0,"RRD":-1,"TI":-1,"RNP":-1}],"AI":[[1,543,615,-1],[2,543,619,-1,13,-138783,1],[10,543,625,1573516,8227650,1,1,-1,"Stone Numel"],[10,544,620,1494791,16084333,1,1,-1,"544:620"],[12,544,622,16672916,7800474,2,2,2,1,0,"Castle tazboyd",0,0,-1,-1,-1,1,0,[],0],[12,545,619,16471511,17518561,5,6,4,2,2,"SAND",0,0,-1,-1,-1,1,0,[],0],[2,545,626,-1,13,-139077,1],[10,546,620,1248360,17728733,0,1,-1,"546:620"],[10,546,625,1213253,14007400,1,1,-1,"546:625"],[12,546,627,1481825,995391,5,5,5,5,6,"Ken Sand",0,0,-1,-1,-1,1,0,[],0],[2,547,616,-1,16,-72011,1],[10,547,617,1248357,17510167,2,1,-1,"547:617"],[10,547,619,1248358,17072426,2,1,-1,"lit"],[10,547,626,1213261,8227650,1,1,-1,"Stone Onix"],[10,548,618,1248369,8433233,0,1,-1,"548:618"],[10,548,620,1248374,17753347,2,1,-1,"548:620"],[10,548,625,1213251,7334626,2,1,-1,"FOOD I"],[10,548,627,1213254,17452589,2,1,-1,"GC7"],[12,549,617,15311644,15897107,5,5,4,4,6,"fire safe",0,0,-1,-1,-1,1,0,[],0],[12,549,624,3263123,2032270,5,5,5,5,5,"King Cannabis",0,0,-1,-1,-1,1,0,[],0],[10,549,626,1213249,17472658,0,1,-1,"549:626"],[10,550,615,1248355,17674801,2,1,-1,"Azkaban A3"],[10,550,618,1248371,14402602,2,1,-1,"550:618"],[2,550,623,-1,21,-79,1],[10,550,625,1213257,17674801,1,1,-1,"Azkaban A9"],[10,551,616,1248370,17674801,2,1,-1,"Azkaban A2"],[2,551,619,-1,24,-75431,1],[12,551,627,6874221,3719096,5,5,5,5,1,"Pies Oven",0,0,-1,-1,-1,1,0,[],0],[10,552,618,1248373,4175105,2,1,-1,"food 3"],[10,552,620,1248372,17558647,2,1,-1,"552:620"],[10,552,625,1213258,12651311,0,1,-1,"552:625"],[12,553,617,13508386,9055325,5,5,5,5,2,"Omar  TentMaker",0,0,-1,-1,-1,1,0,[],0],[12,553,621,12693198,11829210,5,5,5,5,2,"nniikk sand",0,0,-1,-1,-1,1,827,[],0],[10,553,627,1213247,10108246,1,1,-1,"553:627"],[2,554,616,-1,63,-9444,1],[10,554,618,1248375,4175105,2,1,-1,"food 4"],[10,554,620,1248362,16828488,1,1,-1,"Stone 7"],[12,554,626,13090048,11423430,5,5,5,5,5,"Sandyland8",0,0,-1,-1,-1,1,0,[],0],[10,555,617,1248366,17292549,1,1,-1,"mersi"],[2,555,620,-1,66,-9922,1],[2,555,625,-1,60,-9269,1]]}%
---
