[08:18:00.752] SERVER -> CLIENT
XT PACKET
  fields:
    type: xt
    command: bls
    request_id: 1
    status: 0
    payload: {"DW":0,"H":0,"SR":10,"PBI":[[16862926,0,1354,-23,[["W",6116],["S",6343],["F",9345],["C1",29480],["C2",22]],0,0,0,534,0,0,68,0],[-411,1,1046,-1046,[["W",-6116],["S",-6343],["F",-9345],["C1",-29480],["C2",-22]],0,0,0,-1,0,0,-100,0]],"PI":[{"OID":16862926,"DUM":false,"N":"Ventrilo","E":{"BGT":0,"BGC1":1644825,"BGC2":1644825,"SPT":1,"S1":42,"SC1":1644825,"S2":42,"SC2":1644825,"IS":1},"L":70,"LL":950,"H":839,"AVP":61745,"CF":26494216,"HF":147045694,"PRE":13,"SUF":28,"TOPX":-1,"MP":27828847,"R":0,"AID":189639,"AR":7,"AN":"Sons of Guelon","aee":{"ACCA":{"ACLI":11,"ACCS":[4,3,12]},"ACFB":{"ACLI":3,"ACCS":[4,3]}},"RPT":4193481,"AP":[[0,16011862,509,405,1],[0,16632819,505,407,4],[0,16673031,509,407,4],[1,16366514,593,613,12],[2,16366513,654,696,12],[3,16681051,688,582,12],[[10,293,1310,111]]],"VP":[[1,610985,612,588,10],[1,713871,585,658,10],[1,725272,624,582,10],[1,2548320,501,589,10],[1,2548324,494,596,10],[1,2840852,486,575,10]],"SA":0,"VF":0,"PF":0,"RRD":0,"TI":-1,"FN":{"FID":0,"MC":293}}],"AI":{"N":"","DP":-411,"AT":17,"K":10,"X":1097,"Y":68,"DL":60,"KL":0,"WL":0,"GL":0,"TL":0,"ML":0,"RT":0,"MID":-1,"NID":-1,"EID":0,"SPC":32},"AHC":293,"AHH":1,"AHF":0,"DHC":-1,"DHH":0,"DHF":0,"WSU":[],"AUA":0,"DUA":1,"AAS":2,"DAS":0,"AHP":0,"DHP":0,"RP":0,"DAR":-1,"AID":-1,"N":"","E":{"ACLI":1,"ACCS":[1]},"ACVC":0,"AL":{"ID":0,"WID":2,"VIS":0,"N":"","GID":105,"L":30,"ST":2,"W":8719,"D":43,"SPR":2905,"EQ":[[6540437167,1,2,5,-1,[[4,100,[117.0]],[5,100,[77.0]],[109,100,[48.0]],[115,100,[45.0]]],-1,-1,0,-1,-1,3,[1,7,5000,[4619725,31,2,2240,[[207,50,[4.4]],[206,45,[8.2]],[208,29,[9.8]]],0]]],[6541852847,2,2,5,-1,[[1,100,[87.0]],[2,100,[87.0]],[115,100,[45.0]],[108,100,[48.0]]],-1,-1,0,-1,-1,3,[2,7,5000,[4625321,31,4,2590,[[204,39,[3.8]],[208,61,[14.9]],[206,59,[9.7]]],0]]],[6540429546,3,2,5,-1,[[3,68,[115.4]],[6,76,[75.8]],[115,80,[37.0]],[116,77,[76.6]]],-1,-1,0,-1,-1,3,[3,7,4010,[4615428,31,5,2640,[[201,51,[8.9]],[206,53,[9.1]],[208,60,[14.7]]],0]]],[6541854106,4,2,5,-1,[[7,100,[17.0]],[114,100,[28.0]],[121,100,[215,1000.0]],[110,100,[38.0]]],-1,-1,0,-1,-1,3,[4,7,5000,[4637976,31,4,2350,[[205,28,[6.4]],[207,45,[4.1]],[206,62,[10.0]]],0]]],[6553056944,5,2,0,0,[[21,[6.0]]],1071,-1,0,600288,-1,2],[6541854072,6,2,15,-1,[[512,75,[44.0]],[510,39,[22.4]],[514,37,[12.4]],[513,61,[23.3]],[20015,40,[22,36.0,23,36.0]],[20017,73,[195,16.0,196,16.0,197,16.0,198,16.0,199,16.0,200,16.0,201,16.0,202,16.0,203,16.0,204,16.0,205,16.0,206,16.0,207,16.0,208,16.0,209,16.0,210,16.0,211,16.0,212,16.0,213,16.0,214,16.0,215,16.0,216,16.0,217,16.0,218,16.0,219,16.0,220,16.0,221,16.0,222,16.0,223,16.0,224,16.0,225,16.0,226,16.0,227,16.0,228,16.0,229,16.0,230,16.0,231,16.0,232,16.0,233,16.0,234,16.0,235,16.0,236,16.0,237,16.0,238,16.0]]],-1,-1,0,-1,-1,3,[62,6,3120,[]]]],"XP":348000,"LU":0,"OXP":348000,"SIDS":[10510393,10510113,105048,105024],"AE":[[111,[40.0],"AB"],[66,[2.0],"CI"],[45,[100.0],"TL"],[43,[5.0],"TL"],[43,[5.0],"TL"],[43,[5.0],"TL"],[53,[20.0],"TL"],[76,[10.0],"TL"],[73,[15.0],"TL"],[82,[10.0],"RH"],[54,[80.0],"RH"],[368,[30.0],"AC"]]},"DB":{"DLID":-105,"GID":113,"GEM":[],"XP":0,"LU":0,"OXP":0,"SIDS":[],"AE":[]},"ASMS":[],"ASC":-1,"ASS":-1,"ASCT":0,"MID":2214965707,"LID":729931273,"MT":6,"MS":"17+0+0","PS":176}

  json_payload:
{
  "AAS": 2,
  "ACVC": 0,
  "AHC": 293,
  "AHF": 0,
  "AHH": 1,
  "AHP": 0,
  "AI": {
    "AT": 17,
    "DL": 60,
    "DP": -411,
    "EID": 0,
    "GL": 0,
    "K": 10,
    "KL": 0,
    "MID": -1,
    "ML": 0,
    "N": "",
    "NID": -1,
    "RT": 0,
    "SPC": 32,
    "TL": 0,
    "WL": 0,
    "X": 1097,
    "Y": 68
  },
  "AID": -1,
  "AL": {
    "AE": [
      [
        111,
        [
          40.0
        ],
        "AB"
      ],
      [
        66,
        [
          2.0
        ],
        "CI"
      ],
      [
        45,
        [
          100.0
        ],
        "TL"
      ],
      [
        43,
        [
          5.0
        ],
        "TL"
      ],
      [
        43,
        [
          5.0
        ],
        "TL"
      ],
      [
        43,
        [
          5.0
        ],
        "TL"
      ],
      [
        53,
        [
          20.0
        ],
        "TL"
      ],
      [
        76,
        [
          10.0
        ],
        "TL"
      ],
      [
        73,
        [
          15.0
        ],
        "TL"
      ],
      [
        82,
        [
          10.0
        ],
        "RH"
      ],
      [
        54,
        [
          80.0
        ],
        "RH"
      ],
      [
        368,
        [
          30.0
        ],
        "AC"
      ]
    ],
    "D": 43,
    "EQ": [
      [
        6540437167,
        1,
        2,
        5,
        -1,
        [
          [
            4,
            100,
            [
              117.0
            ]
          ],
          [
            5,
            100,
            [
              77.0
            ]
          ],
          [
            109,
            100,
            [
              48.0
            ]
          ],
          [
            115,
            100,
            [
              45.0
            ]
          ]
        ],
        -1,
        -1,
        0,
        -1,
        -1,
        3,
        [
          1,
          7,
          5000,
          [
            4619725,
            31,
            2,
            2240,
            [
              [
                207,
                50,
                [
                  4.4
                ]
              ],
              [
                206,
                45,
                [
                  8.2
                ]
              ],
              [
                208,
                29,
                [
                  9.8
                ]
              ]
            ],
            0
          ]
        ]
      ],
      [
        6541852847,
        2,
        2,
        5,
        -1,
        [
          [
            1,
            100,
            [
              87.0
            ]
          ],
          [
            2,
            100,
            [
              87.0
            ]
          ],
          [
            115,
            100,
            [
              45.0
            ]
          ],
          [
            108,
            100,
            [
              48.0
            ]
          ]
        ],
        -1,
        -1,
        0,
        -1,
        -1,
        3,
        [
          2,
          7,
          5000,
          [
            4625321,
            31,
            4,
            2590,
            [
              [
                204,
                39,
                [
                  3.8
                ]
              ],
              [
                208,
                61,
                [
                  14.9
                ]
              ],
              [
                206,
                59,
                [
                  9.7
                ]
              ]
            ],
            0
          ]
        ]
      ],
      [
        6540429546,
        3,
        2,
        5,
        -1,
        [
          [
            3,
            68,
            [
              115.4
            ]
          ],
          [
            6,
            76,
            [
              75.8
            ]
          ],
          [
            115,
            80,
            [
              37.0
            ]
          ],
          [
            116,
            77,
            [
              76.6
            ]
          ]
        ],
        -1,
        -1,
        0,
        -1,
        -1,
        3,
        [
          3,
          7,
          4010,
          [
            4615428,
            31,
            5,
            2640,
            [
              [
                201,
                51,
                [
                  8.9
                ]
              ],
              [
                206,
                53,
                [
                  9.1
                ]
              ],
              [
                208,
                60,
                [
                  14.7
                ]
              ]
            ],
            0
          ]
        ]
      ],
      [
        6541854106,
        4,
        2,
        5,
        -1,
        [
          [
            7,
            100,
            [
              17.0
            ]
          ],
          [
            114,
            100,
            [
              28.0
            ]
          ],
          [
            121,
            100,
            [
              215,
              1000.0
            ]
          ],
          [
            110,
            100,
            [
              38.0
            ]
          ]
        ],
        -1,
        -1,
        0,
        -1,
        -1,
        3,
        [
          4,
          7,
          5000,
          [
            4637976,
            31,
            4,
            2350,
            [
              [
                205,
                28,
                [
                  6.4
                ]
              ],
              [
                207,
                45,
                [
                  4.1
                ]
              ],
              [
                206,
                62,
                [
                  10.0
                ]
              ]
            ],
            0
          ]
        ]
      ],
      [
        6553056944,
        5,
        2,
        0,
        0,
        [
          [
            21,
            [
              6.0
            ]
          ]
        ],
        1071,
        -1,
        0,
        600288,
        -1,
        2
      ],
      [
        6541854072,
        6,
        2,
        15,
        -1,
        [
          [
            512,
            75,
            [
              44.0
            ]
          ],
          [
            510,
            39,
            [
              22.4
            ]
          ],
          [
            514,
            37,
            [
              12.4
            ]
          ],
          [
            513,
            61,
            [
              23.3
            ]
          ],
          [
            20015,
            40,
            [
              22,
              36.0,
              23,
              36.0
            ]
          ],
          [
            20017,
            73,
            [
              195,
              16.0,
              196,
              16.0,
              197,
              16.0,
              198,
              16.0,
              199,
              16.0,
              200,
              16.0,
              201,
              16.0,
              202,
              16.0,
              203,
              16.0,
              204,
              16.0,
              205,
              16.0,
              206,
              16.0,
              207,
              16.0,
              208,
              16.0,
              209,
              16.0,
              210,
              16.0,
              211,
              16.0,
              212,
              16.0,
              213,
              16.0,
              214,
              16.0,
              215,
              16.0,
              216,
              16.0,
              217,
              16.0,
              218,
              16.0,
              219,
              16.0,
              220,
              16.0,
              221,
              16.0,
              222,
              16.0,
              223,
              16.0,
              224,
              16.0,
              225,
              16.0,
              226,
              16.0,
              227,
              16.0,
              228,
              16.0,
              229,
              16.0,
              230,
              16.0,
              231,
              16.0,
              232,
              16.0,
              233,
              16.0,
              234,
              16.0,
              235,
              16.0,
              236,
              16.0,
              237,
              16.0,
              238,
              16.0
            ]
          ]
        ],
        -1,
        -1,
        0,
        -1,
        -1,
        3,
        [
          62,
          6,
          3120,
          []
        ]
      ]
    ],
    "GID": 105,
    "ID": 0,
    "L": 30,
    "LU": 0,
    "N": "",
    "OXP": 348000,
    "SIDS": [
      10510393,
      10510113,
      105048,
      105024
    ],
    "SPR": 2905,
    "ST": 2,
    "VIS": 0,
    "W": 8719,
    "WID": 2,
    "XP": 348000
  },
  "ASC": -1,
  "ASCT": 0,
  "ASMS": [],
  "ASS": -1,
  "AUA": 0,
  "DAR": -1,
  "DAS": 0,
  "DB": {
    "AE": [],
    "DLID": -105,
    "GEM": [],
    "GID": 113,
    "LU": 0,
    "OXP": 0,
    "SIDS": [],
    "XP": 0
  },
  "DHC": -1,
  "DHF": 0,
  "DHH": 0,
  "DHP": 0,
  "DUA": 1,
  "DW": 0,
  "E": {
    "ACCS": [
      1
    ],
    "ACLI": 1
  },
  "H": 0,
  "LID": 729931273,
  "MID": 2214965707,
  "MS": "17+0+0",
  "MT": 6,
  "N": "",
  "PBI": [
    [
      16862926,
      0,
      1354,
      -23,
      [
        [
          "W",
          6116
        ],
        [
          "S",
          6343
        ],
        [
          "F",
          9345
        ],
        [
          "C1",
          29480
        ],
        [
          "C2",
          22
        ]
      ],
      0,
      0,
      0,
      534,
      0,
      0,
      68,
      0
    ],
    [
      -411,
      1,
      1046,
      -1046,
      [
        [
          "W",
          -6116
        ],
        [
          "S",
          -6343
        ],
        [
          "F",
          -9345
        ],
        [
          "C1",
          -29480
        ],
        [
          "C2",
          -22
        ]
      ],
      0,
      0,
      0,
      -1,
      0,
      0,
      -100,
      0
    ]
  ],
  "PI": [
    {
      "AID": 189639,
      "AN": "Sons of Guelon",
      "AP": [
        [
          0,
          16011862,
          509,
          405,
          1
        ],
        [
          0,
          16632819,
          505,
          407,
          4
        ],
        [
          0,
          16673031,
          509,
          407,
          4
        ],
        [
          1,
          16366514,
          593,
          613,
          12
        ],
        [
          2,
          16366513,
          654,
          696,
          12
        ],
        [
          3,
          16681051,
          688,
          582,
          12
        ],
        [
          [
            10,
            293,
            1310,
            111
          ]
        ]
      ],
      "AR": 7,
      "AVP": 61745,
      "CF": 26494216,
      "DUM": false,
      "E": {
        "BGC1": 1644825,
        "BGC2": 1644825,
        "BGT": 0,
        "IS": 1,
        "S1": 42,
        "S2": 42,
        "SC1": 1644825,
        "SC2": 1644825,
        "SPT": 1
      },
      "FN": {
        "FID": 0,
        "MC": 293
      },
      "H": 839,
      "HF": 147045694,
      "L": 70,
      "LL": 950,
      "MP": 27828847,
      "N": "Ventrilo",
      "OID": 16862926,
      "PF": 0,
      "PRE": 13,
      "R": 0,
      "RPT": 4193481,
      "RRD": 0,
      "SA": 0,
      "SUF": 28,
      "TI": -1,
      "TOPX": -1,
      "VF": 0,
      "VP": [
        [
          1,
          610985,
          612,
          588,
          10
        ],
        [
          1,
          713871,
          585,
          658,
          10
        ],
        [
          1,
          725272,
          624,
          582,
          10
        ],
        [
          1,
          2548320,
          501,
          589,
          10
        ],
        [
          1,
          2548324,
          494,
          596,
          10
        ],
        [
          1,
          2840852,
          486,
          575,
          10
        ]
      ],
      "aee": {
        "ACCA": {
          "ACCS": [
            4,
            3,
            12
          ],
          "ACLI": 11
        },
        "ACFB": {
          "ACCS": [
            4,
            3
          ],
          "ACLI": 3
        }
      }
    }
  ],
  "PS": 176,
  "RP": 0,
  "SR": 10,
  "WSU": []
}

  raw:
%xt%bls%1%0%{"DW":0,"H":0,"SR":10,"PBI":[[16862926,0,1354,-23,[["W",6116],["S",6343],["F",9345],["C1",29480],["C2",22]],0,0,0,534,0,0,68,0],[-411,1,1046,-1046,[["W",-6116],["S",-6343],["F",-9345],["C1",-29480],["C2",-22]],0,0,0,-1,0,0,-100,0]],"PI":[{"OID":16862926,"DUM":false,"N":"Ventrilo","E":{"BGT":0,"BGC1":1644825,"BGC2":1644825,"SPT":1,"S1":42,"SC1":1644825,"S2":42,"SC2":1644825,"IS":1},"L":70,"LL":950,"H":839,"AVP":61745,"CF":26494216,"HF":147045694,"PRE":13,"SUF":28,"TOPX":-1,"MP":27828847,"R":0,"AID":189639,"AR":7,"AN":"Sons of Guelon","aee":{"ACCA":{"ACLI":11,"ACCS":[4,3,12]},"ACFB":{"ACLI":3,"ACCS":[4,3]}},"RPT":4193481,"AP":[[0,16011862,509,405,1],[0,16632819,505,407,4],[0,16673031,509,407,4],[1,16366514,593,613,12],[2,16366513,654,696,12],[3,16681051,688,582,12],[[10,293,1310,111]]],"VP":[[1,610985,612,588,10],[1,713871,585,658,10],[1,725272,624,582,10],[1,2548320,501,589,10],[1,2548324,494,596,10],[1,2840852,486,575,10]],"SA":0,"VF":0,"PF":0,"RRD":0,"TI":-1,"FN":{"FID":0,"MC":293}}],"AI":{"N":"","DP":-411,"AT":17,"K":10,"X":1097,"Y":68,"DL":60,"KL":0,"WL":0,"GL":0,"TL":0,"ML":0,"RT":0,"MID":-1,"NID":-1,"EID":0,"SPC":32},"AHC":293,"AHH":1,"AHF":0,"DHC":-1,"DHH":0,"DHF":0,"WSU":[],"AUA":0,"DUA":1,"AAS":2,"DAS":0,"AHP":0,"DHP":0,"RP":0,"DAR":-1,"AID":-1,"N":"","E":{"ACLI":1,"ACCS":[1]},"ACVC":0,"AL":{"ID":0,"WID":2,"VIS":0,"N":"","GID":105,"L":30,"ST":2,"W":8719,"D":43,"SPR":2905,"EQ":[[6540437167,1,2,5,-1,[[4,100,[117.0]],[5,100,[77.0]],[109,100,[48.0]],[115,100,[45.0]]],-1,-1,0,-1,-1,3,[1,7,5000,[4619725,31,2,2240,[[207,50,[4.4]],[206,45,[8.2]],[208,29,[9.8]]],0]]],[6541852847,2,2,5,-1,[[1,100,[87.0]],[2,100,[87.0]],[115,100,[45.0]],[108,100,[48.0]]],-1,-1,0,-1,-1,3,[2,7,5000,[4625321,31,4,2590,[[204,39,[3.8]],[208,61,[14.9]],[206,59,[9.7]]],0]]],[6540429546,3,2,5,-1,[[3,68,[115.4]],[6,76,[75.8]],[115,80,[37.0]],[116,77,[76.6]]],-1,-1,0,-1,-1,3,[3,7,4010,[4615428,31,5,2640,[[201,51,[8.9]],[206,53,[9.1]],[208,60,[14.7]]],0]]],[6541854106,4,2,5,-1,[[7,100,[17.0]],[114,100,[28.0]],[121,100,[215,1000.0]],[110,100,[38.0]]],-1,-1,0,-1,-1,3,[4,7,5000,[4637976,31,4,2350,[[205,28,[6.4]],[207,45,[4.1]],[206,62,[10.0]]],0]]],[6553056944,5,2,0,0,[[21,[6.0]]],1071,-1,0,600288,-1,2],[6541854072,6,2,15,-1,[[512,75,[44.0]],[510,39,[22.4]],[514,37,[12.4]],[513,61,[23.3]],[20015,40,[22,36.0,23,36.0]],[20017,73,[195,16.0,196,16.0,197,16.0,198,16.0,199,16.0,200,16.0,201,16.0,202,16.0,203,16.0,204,16.0,205,16.0,206,16.0,207,16.0,208,16.0,209,16.0,210,16.0,211,16.0,212,16.0,213,16.0,214,16.0,215,16.0,216,16.0,217,16.0,218,16.0,219,16.0,220,16.0,221,16.0,222,16.0,223,16.0,224,16.0,225,16.0,226,16.0,227,16.0,228,16.0,229,16.0,230,16.0,231,16.0,232,16.0,233,16.0,234,16.0,235,16.0,236,16.0,237,16.0,238,16.0]]],-1,-1,0,-1,-1,3,[62,6,3120,[]]]],"XP":348000,"LU":0,"OXP":348000,"SIDS":[10510393,10510113,105048,105024],"AE":[[111,[40.0],"AB"],[66,[2.0],"CI"],[45,[100.0],"TL"],[43,[5.0],"TL"],[43,[5.0],"TL"],[43,[5.0],"TL"],[53,[20.0],"TL"],[76,[10.0],"TL"],[73,[15.0],"TL"],[82,[10.0],"RH"],[54,[80.0],"RH"],[368,[30.0],"AC"]]},"DB":{"DLID":-105,"GID":113,"GEM":[],"XP":0,"LU":0,"OXP":0,"SIDS":[],"AE":[]},"ASMS":[],"ASC":-1,"ASS":-1,"ASCT":0,"MID":2214965707,"LID":729931273,"MT":6,"MS":"17+0+0","PS":176}%
---
[08:18:01.690] SERVER -> CLIENT
XT PACKET
  fields:
    type: xt
    command: ahh
    request_id: 1
    status: 0
    payload: {"LID":144672,"P":0,"PID":2739214,"PN":"Whale Shark","TID":6,"AC":0,"RT":16297,"OP":{"AID":3175712,"SID":0,"RLID":0},"TSL":-1}

  json_payload:
{
  "AC": 0,
  "LID": 144672,
  "OP": {
    "AID": 3175712,
    "RLID": 0,
    "SID": 0
  },
  "P": 0,
  "PID": 2739214,
  "PN": "Whale Shark",
  "RT": 16297,
  "TID": 6,
  "TSL": -1
}

  raw:
%xt%ahh%1%0%{"LID":144672,"P":0,"PID":2739214,"PN":"Whale Shark","TID":6,"AC":0,"RT":16297,"OP":{"AID":3175712,"SID":0,"RLID":0},"TSL":-1}%
---
[08:18:02.189] SERVER -> CLIENT
XT PACKET
  fields:
    type: xt
    command: ahh
    request_id: 1
    status: 0
    payload: {"LID":144672,"P":1,"PID":2739214,"PN":"Whale Shark","TID":6,"AC":0,"RT":16297,"OP":{"AID":3175712,"SID":0,"RLID":0},"TSL":-1}

  json_payload:
{
  "AC": 0,
  "LID": 144672,
  "OP": {
    "AID": 3175712,
    "RLID": 0,
    "SID": 0
  },
  "P": 1,
  "PID": 2739214,
  "PN": "Whale Shark",
  "RT": 16297,
  "TID": 6,
  "TSL": -1
}

  raw:
%xt%ahh%1%0%{"LID":144672,"P":1,"PID":2739214,"PN":"Whale Shark","TID":6,"AC":0,"RT":16297,"OP":{"AID":3175712,"SID":0,"RLID":0},"TSL":-1}%
---
[08:18:02.191] SERVER -> CLIENT
XT PACKET
  fields:
    type: xt
    command: ahh
    request_id: 1
    status: 0
    payload: {"LID":144673,"P":0,"PID":2739214,"PN":"Whale Shark","TID":6,"AC":0,"RT":68364,"OP":{"AID":10507367,"SID":0,"RLID":0},"TSL":-1}

  json_payload:
{
  "AC": 0,
  "LID": 144673,
  "OP": {
    "AID": 10507367,
    "RLID": 0,
    "SID": 0
  },
  "P": 0,
  "PID": 2739214,
  "PN": "Whale Shark",
  "RT": 68364,
  "TID": 6,
  "TSL": -1
}

  raw:
%xt%ahh%1%0%{"LID":144673,"P":0,"PID":2739214,"PN":"Whale Shark","TID":6,"AC":0,"RT":68364,"OP":{"AID":10507367,"SID":0,"RLID":0},"TSL":-1}%
---
[08:18:02.192] SERVER -> CLIENT
XT PACKET
  fields:
    type: xt
    command: ahh
    request_id: 1
    status: 0
    payload: {"LID":144672,"P":2,"PID":2739214,"PN":"Whale Shark","TID":6,"AC":0,"RT":16296,"OP":{"AID":3175712,"SID":0,"RLID":0},"TSL":-1}

  json_payload:
{
  "AC": 0,
  "LID": 144672,
  "OP": {
    "AID": 3175712,
    "RLID": 0,
    "SID": 0
  },
  "P": 2,
  "PID": 2739214,
  "PN": "Whale Shark",
  "RT": 16296,
  "TID": 6,
  "TSL": -1
}

  raw:
%xt%ahh%1%0%{"LID":144672,"P":2,"PID":2739214,"PN":"Whale Shark","TID":6,"AC":0,"RT":16296,"OP":{"AID":3175712,"SID":0,"RLID":0},"TSL":-1}%
---
[08:18:02.193] SERVER -> CLIENT
XT PACKET
  fields:
    type: xt
    command: ahh
    request_id: 1
    status: 0
    payload: {"LID":144673,"P":1,"PID":2739214,"PN":"Whale Shark","TID":6,"AC":0,"RT":68363,"OP":{"AID":10507367,"SID":0,"RLID":0},"TSL":-1}

  json_payload:
{
  "AC": 0,
  "LID": 144673,
  "OP": {
    "AID": 10507367,
    "RLID": 0,
    "SID": 0
  },
  "P": 1,
  "PID": 2739214,
  "PN": "Whale Shark",
  "RT": 68363,
  "TID": 6,
  "TSL": -1
}

  raw:
%xt%ahh%1%0%{"LID":144673,"P":1,"PID":2739214,"PN":"Whale Shark","TID":6,"AC":0,"RT":68363,"OP":{"AID":10507367,"SID":0,"RLID":0},"TSL":-1}%
---
[08:18:02.259] SERVER -> CLIENT
XT PACKET
  fields:
    type: xt
    command: ahh
    request_id: 1
    status: 0
    payload: {"LID":144674,"P":0,"PID":2739214,"PN":"Whale Shark","TID":6,"AC":0,"RT":67644,"OP":{"AID":14880981,"SID":0,"RLID":0},"TSL":-1}

  json_payload:
{
  "AC": 0,
  "LID": 144674,
  "OP": {
    "AID": 14880981,
    "RLID": 0,
    "SID": 0
  },
  "P": 0,
  "PID": 2739214,
  "PN": "Whale Shark",
  "RT": 67644,
  "TID": 6,
  "TSL": -1
}

  raw:
%xt%ahh%1%0%{"LID":144674,"P":0,"PID":2739214,"PN":"Whale Shark","TID":6,"AC":0,"RT":67644,"OP":{"AID":14880981,"SID":0,"RLID":0},"TSL":-1}%
---
[08:18:02.310] CLIENT -> SERVER
XT PACKET
  fields:
    type: xt
    server_header: EmpireEx_21
    command: gbl
    request_id: 1
    payload: {}

  json_payload:
{}

  raw:
%xt%EmpireEx_21%gbl%1%{}%
---
[08:18:02.335] CLIENT -> SERVER
XT PACKET
  fields:
    type: xt
    server_header: EmpireEx_21
    command: gaa
    request_id: 1
    payload: {"KID":10,"AX1":1079,"AY1":52,"AX2":1091,"AY2":64}

  json_payload:
{
  "AX1": 1079,
  "AX2": 1091,
  "AY1": 52,
  "AY2": 64,
  "KID": 10
}

  raw:
%xt%EmpireEx_21%gaa%1%{"KID":10,"AX1":1079,"AY1":52,"AX2":1091,"AY2":64}%
---
[08:18:02.337] CLIENT -> SERVER
XT PACKET
  fields:
    type: xt
    server_header: EmpireEx_21
    command: gaa
    request_id: 1
    payload: {"KID":10,"AX1":1092,"AY1":52,"AX2":1104,"AY2":64}

  json_payload:
{
  "AX1": 1092,
  "AX2": 1104,
  "AY1": 52,
  "AY2": 64,
  "KID": 10
}

  raw:
%xt%EmpireEx_21%gaa%1%{"KID":10,"AX1":1092,"AY1":52,"AX2":1104,"AY2":64}%
---
[08:18:02.338] CLIENT -> SERVER
XT PACKET
  fields:
    type: xt
    server_header: EmpireEx_21
    command: gaa
    request_id: 1
    payload: {"KID":10,"AX1":1105,"AY1":52,"AX2":1117,"AY2":64}

  json_payload:
{
  "AX1": 1105,
  "AX2": 1117,
  "AY1": 52,
  "AY2": 64,
  "KID": 10
}

  raw:
%xt%EmpireEx_21%gaa%1%{"KID":10,"AX1":1105,"AY1":52,"AX2":1117,"AY2":64}%
---
[08:18:02.339] CLIENT -> SERVER
XT PACKET
  fields:
    type: xt
    server_header: EmpireEx_21
    command: gaa
    request_id: 1
    payload: {"KID":10,"AX1":1079,"AY1":65,"AX2":1091,"AY2":77}

  json_payload:
{
  "AX1": 1079,
  "AX2": 1091,
  "AY1": 65,
  "AY2": 77,
  "KID": 10
}

  raw:
%xt%EmpireEx_21%gaa%1%{"KID":10,"AX1":1079,"AY1":65,"AX2":1091,"AY2":77}%
---
[08:18:02.340] CLIENT -> SERVER
XT PACKET
  fields:
    type: xt
    server_header: EmpireEx_21
    command: gaa
    request_id: 1
    payload: {"KID":10,"AX1":1092,"AY1":65,"AX2":1104,"AY2":77}

  json_payload:
{
  "AX1": 1092,
  "AX2": 1104,
  "AY1": 65,
  "AY2": 77,
  "KID": 10
}

  raw:
%xt%EmpireEx_21%gaa%1%{"KID":10,"AX1":1092,"AY1":65,"AX2":1104,"AY2":77}%
---
[08:18:02.340] CLIENT -> SERVER
XT PACKET
  fields:
    type: xt
    server_header: EmpireEx_21
    command: gaa
    request_id: 1
    payload: {"KID":10,"AX1":1105,"AY1":65,"AX2":1117,"AY2":77}

  json_payload:
{
  "AX1": 1105,
  "AX2": 1117,
  "AY1": 65,
  "AY2": 77,
  "KID": 10
}

  raw:
%xt%EmpireEx_21%gaa%1%{"KID":10,"AX1":1105,"AY1":65,"AX2":1117,"AY2":77}%
---
[08:18:02.423] SERVER -> CLIENT
XT PACKET
  fields:
    type: xt
    command: gbl
    request_id: 1
    status: 0
    payload: {"BL":[{"AI":[1,507,403,6771615,5902830,8,7,7,7,3,"Castle Scorpion",0,0,-1,-1,-1,0,1590,[],0],"OI":{"OID":5902830,"DUM":false,"N":"Scorpion 12","E":{"BGT":0,"BGC1":11993088,"BGC2":11993088,"SPT":4,"S1":42,"SC1":1644825,"S2":44,"SC2":14408394,"IS":1},"L":70,"LL":950,"H":1104,"AVP":56125,"CF":18703579,"HF":27427017,"PRE":105,"SUF":27,"TOPX":-1,"MP":2980275,"R":0,"AID":73088,"AR":1,"AN":"CrimsonWarriors","aee":{"ACCA":{"ACLI":7,"ACCS":[1,8]},"ACFB":{}},"RPT":0,"AP":[[0,2676008,489,408,4],[0,6130588,503,408,4],[0,6771615,507,403,1],[0,6824558,503,404,4],[1,8285349,660,515,12],[2,7097958,625,782,12],[3,9822837,443,686,12],[[10,752,1261,94]]],"VP":[[1,1399214,667,525,10],[1,3992463,451,808,10],[1,6014279,681,345,10],[2,345401,550,736,10],[2,683761,515,745,10],[2,683769,516,744,10],[2,800991,830,826,10],[2,3111569,798,281,10],[2,4722338,317,607,10],[3,9202344,891,639,10]],"SA":0,"VF":1,"PF":0,"RRD":0,"TI":-1,"RNP":-1,"FN":{"MC":752,"FID":1,"TID":111,"NS":-1,"PMS":-1,"PMT":0,"SPC":0}},"K":0,"X":507,"Y":403,"N":"Castle Scorpion","TY":true},{"AI":[10,498,605,2493553,-400,2,1,-1,""],"K":1,"X":498,"Y":605,"N":"Resource village","TY":true},{"AI":[4,507,401,16104003,7049449,1,1,1,0,0,"New Wood Food",0,0,-1,4,-1,0,0,[],0],"OI":{"OID":7049449,"DUM":false,"N":"Krazee777","E":{"BGT":3,"BGC1":1644825,"BGC2":8993831,"SPT":4,"S1":42,"SC1":1644825,"S2":42,"SC2":14408394,"IS":1},"L":70,"LL":138,"H":268,"AVP":30405,"CF":962290,"HF":1770170,"PRE":11,"SUF":-1,"TOPX":-1,"MP":807723,"R":0,"AID":53505,"AR":7,"AN":"KS: 3lite Core","aee":{"ACCA":{"ACLI":1,"ACCS":[1]},"ACFB":{}},"RPT":0,"AP":[[0,3421587,478,436,4],[0,8006940,502,378,1],[0,16104003,507,401,4],[0,16193319,521,362,4],[1,8689700,563,374,12],[2,8163350,791,913,12],[3,9641625,647,396,12]],"VP":[[2,131344,637,621,10],[2,140096,630,616,10],[2,140098,634,613,10],[2,140101,635,614,10],[2,1846869,801,921,10]],"SA":0,"VF":0,"PF":1,"RRD":0,"TI":-1,"RNP":-1,"FN":{"MC":-1,"FID":0,"TID":103,"NS":-1,"PMS":-1,"PMT":0,"SPC":0}},"K":0,"X":507,"Y":401,"N":"New Wood Food","TY":false},{"AI":[11,594,633,-1,45,43876,16180655,1],"K":1,"X":594,"Y":633,"N":"Desert fortress","TY":false}],"ABL":[{"BID":120,"N":"BIRD","X":319,"Y":1126,"KID":0,"TY":3,"C":15598972,"AI":[4,319,1126,16627874,17669764,1,3,2,2,0,"Koz-موطلي",0,0,-1,7,-1,0,1105,[],0],"OI":{"OID":17669764,"DUM":false,"N":"Kozz","E":{"BGT":2,"BGC1":1644825,"BGC2":4006527,"SPT":1,"S1":74,"SC1":14392335,"S2":74,"SC2":14392335,"IS":1},"L":70,"LL":950,"H":722,"AVP":71830,"CF":7498524,"HF":294698037,"PRE":13,"SUF":22,"TOPX":-1,"MP":69830924,"R":0,"AID":189639,"AR":1,"AN":"Sons of Guelon","aee":{"ACCA":{"ACLI":11,"ACCS":[4,3,12]},"ACFB":{"ACLI":3,"ACCS":[4,3]}},"RPT":1732399,"AP":[[0,16571912,320,1125,1],[0,16627874,319,1126,4],[0,16655635,715,593,4],[0,16684475,1285,541,4],[1,16657789,539,705,12],[2,16657787,557,527,12],[3,16658064,568,528,12],[4,377,618,666,12],[[10,149,1308,124]]],"VP":[[1,1252073,550,696,10],[1,1498731,536,698,10],[1,1498735,544,698,10],[1,1543335,534,680,10],[1,1551544,535,719,10],[1,1581995,540,706,10],[1,1581997,539,707,10],[1,1582004,533,709,10],[1,1582005,543,712,10],[1,1582006,537,707,10],[2,443011,556,529,10],[2,443019,555,528,10],[2,443021,555,530,10],[2,443022,557,530,10],[2,443024,553,528,10],[2,443027,557,525,10],[2,447433,564,526,10],[2,447439,566,530,10],[2,449669,534,527,10],[2,567823,573,505,10],[2,567833,576,504,10],[2,572753,561,504,10]],"SA":0,"VF":0,"PF":1,"RRD":0,"TI":-1,"RNP":-1,"FN":{"MC":149,"FID":0,"TID":114,"NS":-1,"PMS":-1,"PMT":0,"SPC":0}}},{"BID":125,"N":"Bird 2","X":788,"Y":496,"KID":0,"TY":3,"C":17669764,"AI":[4,788,496,16679022,7054007,1,1,1,0,0,"Outpost Lakeiri",0,0,-1,4,-1,0,1029,[],0],"OI":{"OID":7054007,"DUM":false,"N":"Lakeirin","E":{"BGT":0,"BGC1":1009082,"BGC2":1009082,"SPT":1,"S1":80,"SC1":1644825,"S2":80,"SC2":1644825,"IS":1},"L":70,"LL":950,"H":780,"AVP":84155,"CF":71062,"HF":135081373,"PRE":105,"SUF":-1,"TOPX":-1,"MP":5536996,"R":0,"AID":189639,"AR":6,"AN":"Sons of Guelon","aee":{"ACCA":{"ACLI":11,"ACCS":[4,3,12]},"ACFB":{"ACLI":3,"ACCS":[4,3]}},"RPT":2614746,"AP":[[0,8011831,673,687,1],[0,16679022,788,496,4],[1,8744557,530,723,12],[2,8251993,744,618,12],[3,9586939,650,512,12]],"VP":[],"SA":0,"VF":0,"PF":0,"RRD":0,"TI":-1,"RNP":-1,"FN":{"MC":-1,"FID":0,"TID":111,"NS":-1,"PMS":-1,"PMT":0,"SPC":0}}}]}

  json_payload:
{
  "ABL": [
    {
      "AI": [
        4,
        319,
        1126,
        16627874,
        17669764,
        1,
        3,
        2,
        2,
        0,
        "Koz-موطلي",
        0,
        0,
        -1,
        7,
        -1,
        0,
        1105,
        [],
        0
      ],
      "BID": 120,
      "C": 15598972,
      "KID": 0,
      "N": "BIRD",
      "OI": {
        "AID": 189639,
        "AN": "Sons of Guelon",
        "AP": [
          [
            0,
            16571912,
            320,
            1125,
            1
          ],
          [
            0,
            16627874,
            319,
            1126,
            4
          ],
          [
            0,
            16655635,
            715,
            593,
            4
          ],
          [
            0,
            16684475,
            1285,
            541,
            4
          ],
          [
            1,
            16657789,
            539,
            705,
            12
          ],
          [
            2,
            16657787,
            557,
            527,
            12
          ],
          [
            3,
            16658064,
            568,
            528,
            12
          ],
          [
            4,
            377,
            618,
            666,
            12
          ],
          [
            [
              10,
              149,
              1308,
              124
            ]
          ]
        ],
        "AR": 1,
        "AVP": 71830,
        "CF": 7498524,
        "DUM": false,
        "E": {
          "BGC1": 1644825,
          "BGC2": 4006527,
          "BGT": 2,
          "IS": 1,
          "S1": 74,
          "S2": 74,
          "SC1": 14392335,
          "SC2": 14392335,
          "SPT": 1
        },
        "FN": {
          "FID": 0,
          "MC": 149,
          "NS": -1,
          "PMS": -1,
          "PMT": 0,
          "SPC": 0,
          "TID": 114
        },
        "H": 722,
        "HF": 294698037,
        "L": 70,
        "LL": 950,
        "MP": 69830924,
        "N": "Kozz",
        "OID": 17669764,
        "PF": 1,
        "PRE": 13,
        "R": 0,
        "RNP": -1,
        "RPT": 1732399,
        "RRD": 0,
        "SA": 0,
        "SUF": 22,
        "TI": -1,
        "TOPX": -1,
        "VF": 0,
        "VP": [
          [
            1,
            1252073,
            550,
            696,
            10
          ],
          [
            1,
            1498731,
            536,
            698,
            10
          ],
          [
            1,
            1498735,
            544,
            698,
            10
          ],
          [
            1,
            1543335,
            534,
            680,
            10
          ],
          [
            1,
            1551544,
            535,
            719,
            10
          ],
          [
            1,
            1581995,
            540,
            706,
            10
          ],
          [
            1,
            1581997,
            539,
            707,
            10
          ],
          [
            1,
            1582004,
            533,
            709,
            10
          ],
          [
            1,
            1582005,
            543,
            712,
            10
          ],
          [
            1,
            1582006,
            537,
            707,
            10
          ],
          [
            2,
            443011,
            556,
            529,
            10
          ],
          [
            2,
            443019,
            555,
            528,
            10
          ],
          [
            2,
            443021,
            555,
            530,
            10
          ],
          [
            2,
            443022,
            557,
            530,
            10
          ],
          [
            2,
            443024,
            553,
            528,
            10
          ],
          [
            2,
            443027,
            557,
            525,
            10
          ],
          [
            2,
            447433,
            564,
            526,
            10
          ],
          [
            2,
            447439,
            566,
            530,
            10
          ],
          [
            2,
            449669,
            534,
            527,
            10
          ],
          [
            2,
            567823,
            573,
            505,
            10
          ],
          [
            2,
            567833,
            576,
            504,
            10
          ],
          [
            2,
            572753,
            561,
            504,
            10
          ]
        ],
        "aee": {
          "ACCA": {
            "ACCS": [
              4,
              3,
              12
            ],
            "ACLI": 11
          },
          "ACFB": {
            "ACCS": [
              4,
              3
            ],
            "ACLI": 3
          }
        }
      },
      "TY": 3,
      "X": 319,
      "Y": 1126
    },
    {
      "AI": [
        4,
        788,
        496,
        16679022,
        7054007,
        1,
        1,
        1,
        0,
        0,
        "Outpost Lakeiri",
        0,
        0,
        -1,
        4,
        -1,
        0,
        1029,
        [],
        0
      ],
      "BID": 125,
      "C": 17669764,
      "KID": 0,
      "N": "Bird 2",
      "OI": {
        "AID": 189639,
        "AN": "Sons of Guelon",
        "AP": [
          [
            0,
            8011831,
            673,
            687,
            1
          ],
          [
            0,
            16679022,
            788,
            496,
            4
          ],
          [
            1,
            8744557,
            530,
            723,
            12
          ],
          [
            2,
            8251993,
            744,
            618,
            12
          ],
          [
            3,
            9586939,
            650,
            512,
            12
          ]
        ],
        "AR": 6,
        "AVP": 84155,
        "CF": 71062,
        "DUM": false,
        "E": {
          "BGC1": 1009082,
          "BGC2": 1009082,
          "BGT": 0,
          "IS": 1,
          "S1": 80,
          "S2": 80,
          "SC1": 1644825,
          "SC2": 1644825,
          "SPT": 1
        },
        "FN": {
          "FID": 0,
          "MC": -1,
          "NS": -1,
          "PMS": -1,
          "PMT": 0,
          "SPC": 0,
          "TID": 111
        },
        "H": 780,
        "HF": 135081373,
        "L": 70,
        "LL": 950,
        "MP": 5536996,
        "N": "Lakeirin",
        "OID": 7054007,
        "PF": 0,
        "PRE": 105,
        "R": 0,
        "RNP": -1,
        "RPT": 2614746,
        "RRD": 0,
        "SA": 0,
        "SUF": -1,
        "TI": -1,
        "TOPX": -1,
        "VF": 0,
        "VP": [],
        "aee": {
          "ACCA": {
            "ACCS": [
              4,
              3,
              12
            ],
            "ACLI": 11
          },
          "ACFB": {
            "ACCS": [
              4,
              3
            ],
            "ACLI": 3
          }
        }
      },
      "TY": 3,
      "X": 788,
      "Y": 496
    }
  ],
  "BL": [
    {
      "AI": [
        1,
        507,
        403,
        6771615,
        5902830,
        8,
        7,
        7,
        7,
        3,
        "Castle Scorpion",
        0,
        0,
        -1,
        -1,
        -1,
        0,
        1590,
        [],
        0
      ],
      "K": 0,
      "N": "Castle Scorpion",
      "OI": {
        "AID": 73088,
        "AN": "CrimsonWarriors",
        "AP": [
          [
            0,
            2676008,
            489,
            408,
            4
          ],
          [
            0,
            6130588,
            503,
            408,
            4
          ],
          [
            0,
            6771615,
            507,
            403,
            1
          ],
          [
            0,
            6824558,
            503,
            404,
            4
          ],
          [
            1,
            8285349,
            660,
            515,
            12
          ],
          [
            2,
            7097958,
            625,
            782,
            12
          ],
          [
            3,
            9822837,
            443,
            686,
            12
          ],
          [
            [
              10,
              752,
              1261,
              94
            ]
          ]
        ],
        "AR": 1,
        "AVP": 56125,
        "CF": 18703579,
        "DUM": false,
        "E": {
          "BGC1": 11993088,
          "BGC2": 11993088,
          "BGT": 0,
          "IS": 1,
          "S1": 42,
          "S2": 44,
          "SC1": 1644825,
          "SC2": 14408394,
          "SPT": 4
        },
        "FN": {
          "FID": 1,
          "MC": 752,
          "NS": -1,
          "PMS": -1,
          "PMT": 0,
          "SPC": 0,
          "TID": 111
        },
        "H": 1104,
        "HF": 27427017,
        "L": 70,
        "LL": 950,
        "MP": 2980275,
        "N": "Scorpion 12",
        "OID": 5902830,
        "PF": 0,
        "PRE": 105,
        "R": 0,
        "RNP": -1,
        "RPT": 0,
        "RRD": 0,
        "SA": 0,
        "SUF": 27,
        "TI": -1,
        "TOPX": -1,
        "VF": 1,
        "VP": [
          [
            1,
            1399214,
            667,
            525,
            10
          ],
          [
            1,
            3992463,
            451,
            808,
            10
          ],
          [
            1,
            6014279,
            681,
            345,
            10
          ],
          [
            2,
            345401,
            550,
            736,
            10
          ],
          [
            2,
            683761,
            515,
            745,
            10
          ],
          [
            2,
            683769,
            516,
            744,
            10
          ],
          [
            2,
            800991,
            830,
            826,
            10
          ],
          [
            2,
            3111569,
            798,
            281,
            10
          ],
          [
            2,
            4722338,
            317,
            607,
            10
          ],
          [
            3,
            9202344,
            891,
            639,
            10
          ]
        ],
        "aee": {
          "ACCA": {
            "ACCS": [
              1,
              8
            ],
            "ACLI": 7
          },
          "ACFB": {}
        }
      },
      "TY": true,
      "X": 507,
      "Y": 403
    },
    {
      "AI": [
        10,
        498,
        605,
        2493553,
        -400,
        2,
        1,
        -1,
        ""
      ],
      "K": 1,
      "N": "Resource village",
      "TY": true,
      "X": 498,
      "Y": 605
    },
    {
      "AI": [
        4,
        507,
        401,
        16104003,
        7049449,
        1,
        1,
        1,
        0,
        0,
        "New Wood Food",
        0,
        0,
        -1,
        4,
        -1,
        0,
        0,
        [],
        0
      ],
      "K": 0,
      "N": "New Wood Food",
      "OI": {
        "AID": 53505,
        "AN": "KS: 3lite Core",
        "AP": [
          [
            0,
            3421587,
            478,
            436,
            4
          ],
          [
            0,
            8006940,
            502,
            378,
            1
          ],
          [
            0,
            16104003,
            507,
            401,
            4
          ],
          [
            0,
            16193319,
            521,
            362,
            4
          ],
          [
            1,
            8689700,
            563,
            374,
            12
          ],
          [
            2,
            8163350,
            791,
            913,
            12
          ],
          [
            3,
            9641625,
            647,
            396,
            12
          ]
        ],
        "AR": 7,
        "AVP": 30405,
        "CF": 962290,
        "DUM": false,
        "E": {
          "BGC1": 1644825,
          "BGC2": 8993831,
          "BGT": 3,
          "IS": 1,
          "S1": 42,
          "S2": 42,
          "SC1": 1644825,
          "SC2": 14408394,
          "SPT": 4
        },
        "FN": {
          "FID": 0,
          "MC": -1,
          "NS": -1,
          "PMS": -1,
          "PMT": 0,
          "SPC": 0,
          "TID": 103
        },
        "H": 268,
        "HF": 1770170,
        "L": 70,
        "LL": 138,
        "MP": 807723,
        "N": "Krazee777",
        "OID": 7049449,
        "PF": 1,
        "PRE": 11,
        "R": 0,
        "RNP": -1,
        "RPT": 0,
        "RRD": 0,
        "SA": 0,
        "SUF": -1,
        "TI": -1,
        "TOPX": -1,
        "VF": 0,
        "VP": [
          [
            2,
            131344,
            637,
            621,
            10
          ],
          [
            2,
            140096,
            630,
            616,
            10
          ],
          [
            2,
            140098,
            634,
            613,
            10
          ],
          [
            2,
            140101,
            635,
            614,
            10
          ],
          [
            2,
            1846869,
            801,
            921,
            10
          ]
        ],
        "aee": {
          "ACCA": {
            "ACCS": [
              1
            ],
            "ACLI": 1
          },
          "ACFB": {}
        }
      },
      "TY": false,
      "X": 507,
      "Y": 401
    },
    {
      "AI": [
        11,
        594,
        633,
        -1,
        45,
        43876,
        16180655,
        1
      ],
      "K": 1,
      "N": "Desert fortress",
      "TY": false,
      "X": 594,
      "Y": 633
    }
  ]
}

  raw:
%xt%gbl%1%0%{"BL":[{"AI":[1,507,403,6771615,5902830,8,7,7,7,3,"Castle Scorpion",0,0,-1,-1,-1,0,1590,[],0],"OI":{"OID":5902830,"DUM":false,"N":"Scorpion 12","E":{"BGT":0,"BGC1":11993088,"BGC2":11993088,"SPT":4,"S1":42,"SC1":1644825,"S2":44,"SC2":14408394,"IS":1},"L":70,"LL":950,"H":1104,"AVP":56125,"CF":18703579,"HF":27427017,"PRE":105,"SUF":27,"TOPX":-1,"MP":2980275,"R":0,"AID":73088,"AR":1,"AN":"CrimsonWarriors","aee":{"ACCA":{"ACLI":7,"ACCS":[1,8]},"ACFB":{}},"RPT":0,"AP":[[0,2676008,489,408,4],[0,6130588,503,408,4],[0,6771615,507,403,1],[0,6824558,503,404,4],[1,8285349,660,515,12],[2,7097958,625,782,12],[3,9822837,443,686,12],[[10,752,1261,94]]],"VP":[[1,1399214,667,525,10],[1,3992463,451,808,10],[1,6014279,681,345,10],[2,345401,550,736,10],[2,683761,515,745,10],[2,683769,516,744,10],[2,800991,830,826,10],[2,3111569,798,281,10],[2,4722338,317,607,10],[3,9202344,891,639,10]],"SA":0,"VF":1,"PF":0,"RRD":0,"TI":-1,"RNP":-1,"FN":{"MC":752,"FID":1,"TID":111,"NS":-1,"PMS":-1,"PMT":0,"SPC":0}},"K":0,"X":507,"Y":403,"N":"Castle Scorpion","TY":true},{"AI":[10,498,605,2493553,-400,2,1,-1,""],"K":1,"X":498,"Y":605,"N":"Resource village","TY":true},{"AI":[4,507,401,16104003,7049449,1,1,1,0,0,"New Wood Food",0,0,-1,4,-1,0,0,[],0],"OI":{"OID":7049449,"DUM":false,"N":"Krazee777","E":{"BGT":3,"BGC1":1644825,"BGC2":8993831,"SPT":4,"S1":42,"SC1":1644825,"S2":42,"SC2":14408394,"IS":1},"L":70,"LL":138,"H":268,"AVP":30405,"CF":962290,"HF":1770170,"PRE":11,"SUF":-1,"TOPX":-1,"MP":807723,"R":0,"AID":53505,"AR":7,"AN":"KS: 3lite Core","aee":{"ACCA":{"ACLI":1,"ACCS":[1]},"ACFB":{}},"RPT":0,"AP":[[0,3421587,478,436,4],[0,8006940,502,378,1],[0,16104003,507,401,4],[0,16193319,521,362,4],[1,8689700,563,374,12],[2,8163350,791,913,12],[3,9641625,647,396,12]],"VP":[[2,131344,637,621,10],[2,140096,630,616,10],[2,140098,634,613,10],[2,140101,635,614,10],[2,1846869,801,921,10]],"SA":0,"VF":0,"PF":1,"RRD":0,"TI":-1,"RNP":-1,"FN":{"MC":-1,"FID":0,"TID":103,"NS":-1,"PMS":-1,"PMT":0,"SPC":0}},"K":0,"X":507,"Y":401,"N":"New Wood Food","TY":false},{"AI":[11,594,633,-1,45,43876,16180655,1],"K":1,"X":594,"Y":633,"N":"Desert fortress","TY":false}],"ABL":[{"BID":120,"N":"BIRD","X":319,"Y":1126,"KID":0,"TY":3,"C":15598972,"AI":[4,319,1126,16627874,17669764,1,3,2,2,0,"Koz-موطلي",0,0,-1,7,-1,0,1105,[],0],"OI":{"OID":17669764,"DUM":false,"N":"Kozz","E":{"BGT":2,"BGC1":1644825,"BGC2":4006527,"SPT":1,"S1":74,"SC1":14392335,"S2":74,"SC2":14392335,"IS":1},"L":70,"LL":950,"H":722,"AVP":71830,"CF":7498524,"HF":294698037,"PRE":13,"SUF":22,"TOPX":-1,"MP":69830924,"R":0,"AID":189639,"AR":1,"AN":"Sons of Guelon","aee":{"ACCA":{"ACLI":11,"ACCS":[4,3,12]},"ACFB":{"ACLI":3,"ACCS":[4,3]}},"RPT":1732399,"AP":[[0,16571912,320,1125,1],[0,16627874,319,1126,4],[0,16655635,715,593,4],[0,16684475,1285,541,4],[1,16657789,539,705,12],[2,16657787,557,527,12],[3,16658064,568,528,12],[4,377,618,666,12],[[10,149,1308,124]]],"VP":[[1,1252073,550,696,10],[1,1498731,536,698,10],[1,1498735,544,698,10],[1,1543335,534,680,10],[1,1551544,535,719,10],[1,1581995,540,706,10],[1,1581997,539,707,10],[1,1582004,533,709,10],[1,1582005,543,712,10],[1,1582006,537,707,10],[2,443011,556,529,10],[2,443019,555,528,10],[2,443021,555,530,10],[2,443022,557,530,10],[2,443024,553,528,10],[2,443027,557,525,10],[2,447433,564,526,10],[2,447439,566,530,10],[2,449669,534,527,10],[2,567823,573,505,10],[2,567833,576,504,10],[2,572753,561,504,10]],"SA":0,"VF":0,"PF":1,"RRD":0,"TI":-1,"RNP":-1,"FN":{"MC":149,"FID":0,"TID":114,"NS":-1,"PMS":-1,"PMT":0,"SPC":0}}},{"BID":125,"N":"Bird 2","X":788,"Y":496,"KID":0,"TY":3,"C":17669764,"AI":[4,788,496,16679022,7054007,1,1,1,0,0,"Outpost Lakeiri",0,0,-1,4,-1,0,1029,[],0],"OI":{"OID":7054007,"DUM":false,"N":"Lakeirin","E":{"BGT":0,"BGC1":1009082,"BGC2":1009082,"SPT":1,"S1":80,"SC1":1644825,"S2":80,"SC2":1644825,"IS":1},"L":70,"LL":950,"H":780,"AVP":84155,"CF":71062,"HF":135081373,"PRE":105,"SUF":-1,"TOPX":-1,"MP":5536996,"R":0,"AID":189639,"AR":6,"AN":"Sons of Guelon","aee":{"ACCA":{"ACLI":11,"ACCS":[4,3,12]},"ACFB":{"ACLI":3,"ACCS":[4,3]}},"RPT":2614746,"AP":[[0,8011831,673,687,1],[0,16679022,788,496,4],[1,8744557,530,723,12],[2,8251993,744,618,12],[3,9586939,650,512,12]],"VP":[],"SA":0,"VF":0,"PF":0,"RRD":0,"TI":-1,"RNP":-1,"FN":{"MC":-1,"FID":0,"TID":111,"NS":-1,"PMS":-1,"PMT":0,"SPC":0}}}]}%
---
[08:18:02.448] SERVER -> CLIENT
XT PACKET
  fields:
    type: xt
    command: gaa
    request_id: 1
    status: 0
    payload: {"KID":10,"uap":{"KID":10,"NS":-1,"PMS":-1,"PMT":0},"OI":[],"AI":[[31,1079,57],[31,1079,59],[31,1080,53],[31,1080,61],[31,1081,55],[31,1081,63],[31,1082,58],[31,1083,55],[31,1083,63],[31,1084,53],[31,1084,57],[31,1084,61],[31,1085,59],[31,1086,52],[31,1087,54],[31,1087,57],[31,1087,61],[31,1087,63],[31,1089,57],[31,1089,63],[31,1090,53],[31,1090,55],[31,1090,59],[31,1090,61]]}

  json_payload:
{
  "AI": [
    [
      31,
      1079,
      57
    ],
    [
      31,
      1079,
      59
    ],
    [
      31,
      1080,
      53
    ],
    [
      31,
      1080,
      61
    ],
    [
      31,
      1081,
      55
    ],
    [
      31,
      1081,
      63
    ],
    [
      31,
      1082,
      58
    ],
    [
      31,
      1083,
      55
    ],
    [
      31,
      1083,
      63
    ],
    [
      31,
      1084,
      53
    ],
    [
      31,
      1084,
      57
    ],
    [
      31,
      1084,
      61
    ],
    [
      31,
      1085,
      59
    ],
    [
      31,
      1086,
      52
    ],
    [
      31,
      1087,
      54
    ],
    [
      31,
      1087,
      57
    ],
    [
      31,
      1087,
      61
    ],
    [
      31,
      1087,
      63
    ],
    [
      31,
      1089,
      57
    ],
    [
      31,
      1089,
      63
    ],
    [
      31,
      1090,
      53
    ],
    [
      31,
      1090,
      55
    ],
    [
      31,
      1090,
      59
    ],
    [
      31,
      1090,
      61
    ]
  ],
  "KID": 10,
  "OI": [],
  "uap": {
    "KID": 10,
    "NS": -1,
    "PMS": -1,
    "PMT": 0
  }
}

  raw:
%xt%gaa%1%0%{"KID":10,"uap":{"KID":10,"NS":-1,"PMS":-1,"PMT":0},"OI":[],"AI":[[31,1079,57],[31,1079,59],[31,1080,53],[31,1080,61],[31,1081,55],[31,1081,63],[31,1082,58],[31,1083,55],[31,1083,63],[31,1084,53],[31,1084,57],[31,1084,61],[31,1085,59],[31,1086,52],[31,1087,54],[31,1087,57],[31,1087,61],[31,1087,63],[31,1089,57],[31,1089,63],[31,1090,53],[31,1090,55],[31,1090,59],[31,1090,61]]}%
---
[08:18:02.450] SERVER -> CLIENT
XT PACKET
  fields:
    type: xt
    command: gaa
    request_id: 1
    status: 0
    payload: {"KID":10,"uap":{"KID":10,"NS":-1,"PMS":-1,"PMT":0},"OI":[],"AI":[[31,1092,52],[31,1092,55],[31,1093,57],[31,1093,63],[31,1094,59],[31,1094,61],[31,1095,52],[31,1095,55],[31,1095,57],[31,1096,61],[31,1097,59],[31,1097,63],[31,1098,61],[31,1099,52],[31,1099,55],[31,1099,59],[31,1100,57],[31,1100,63],[31,1102,52],[31,1102,55],[31,1102,63],[31,1103,57],[31,1103,59],[31,1103,61]]}

  json_payload:
{
  "AI": [
    [
      31,
      1092,
      52
    ],
    [
      31,
      1092,
      55
    ],
    [
      31,
      1093,
      57
    ],
    [
      31,
      1093,
      63
    ],
    [
      31,
      1094,
      59
    ],
    [
      31,
      1094,
      61
    ],
    [
      31,
      1095,
      52
    ],
    [
      31,
      1095,
      55
    ],
    [
      31,
      1095,
      57
    ],
    [
      31,
      1096,
      61
    ],
    [
      31,
      1097,
      59
    ],
    [
      31,
      1097,
      63
    ],
    [
      31,
      1098,
      61
    ],
    [
      31,
      1099,
      52
    ],
    [
      31,
      1099,
      55
    ],
    [
      31,
      1099,
      59
    ],
    [
      31,
      1100,
      57
    ],
    [
      31,
      1100,
      63
    ],
    [
      31,
      1102,
      52
    ],
    [
      31,
      1102,
      55
    ],
    [
      31,
      1102,
      63
    ],
    [
      31,
      1103,
      57
    ],
    [
      31,
      1103,
      59
    ],
    [
      31,
      1103,
      61
    ]
  ],
  "KID": 10,
  "OI": [],
  "uap": {
    "KID": 10,
    "NS": -1,
    "PMS": -1,
    "PMT": 0
  }
}

  raw:
%xt%gaa%1%0%{"KID":10,"uap":{"KID":10,"NS":-1,"PMS":-1,"PMT":0},"OI":[],"AI":[[31,1092,52],[31,1092,55],[31,1093,57],[31,1093,63],[31,1094,59],[31,1094,61],[31,1095,52],[31,1095,55],[31,1095,57],[31,1096,61],[31,1097,59],[31,1097,63],[31,1098,61],[31,1099,52],[31,1099,55],[31,1099,59],[31,1100,57],[31,1100,63],[31,1102,52],[31,1102,55],[31,1102,63],[31,1103,57],[31,1103,59],[31,1103,61]]}%
---
[08:18:02.452] SERVER -> CLIENT
XT PACKET
  fields:
    type: xt
    command: gaa
    request_id: 1
    status: 0
    payload: {"KID":10,"uap":{"KID":10,"NS":-1,"PMS":-1,"PMT":0},"OI":[],"AI":[[31,1105,53],[31,1105,57],[31,1105,59],[31,1105,62],[31,1106,55],[31,1107,61],[31,1108,53],[31,1108,55],[31,1108,57],[31,1109,61],[31,1110,58],[31,1110,63],[31,1111,61],[31,1112,55],[31,1112,57],[31,1112,63],[31,1113,53],[31,1113,59],[31,1114,55],[31,1114,61],[31,1115,57],[31,1115,63],[31,1116,53],[31,1116,59]]}

  json_payload:
{
  "AI": [
    [
      31,
      1105,
      53
    ],
    [
      31,
      1105,
      57
    ],
    [
      31,
      1105,
      59
    ],
    [
      31,
      1105,
      62
    ],
    [
      31,
      1106,
      55
    ],
    [
      31,
      1107,
      61
    ],
    [
      31,
      1108,
      53
    ],
    [
      31,
      1108,
      55
    ],
    [
      31,
      1108,
      57
    ],
    [
      31,
      1109,
      61
    ],
    [
      31,
      1110,
      58
    ],
    [
      31,
      1110,
      63
    ],
    [
      31,
      1111,
      61
    ],
    [
      31,
      1112,
      55
    ],
    [
      31,
      1112,
      57
    ],
    [
      31,
      1112,
      63
    ],
    [
      31,
      1113,
      53
    ],
    [
      31,
      1113,
      59
    ],
    [
      31,
      1114,
      55
    ],
    [
      31,
      1114,
      61
    ],
    [
      31,
      1115,
      57
    ],
    [
      31,
      1115,
      63
    ],
    [
      31,
      1116,
      53
    ],
    [
      31,
      1116,
      59
    ]
  ],
  "KID": 10,
  "OI": [],
  "uap": {
    "KID": 10,
    "NS": -1,
    "PMS": -1,
    "PMT": 0
  }
}

  raw:
%xt%gaa%1%0%{"KID":10,"uap":{"KID":10,"NS":-1,"PMS":-1,"PMT":0},"OI":[],"AI":[[31,1105,53],[31,1105,57],[31,1105,59],[31,1105,62],[31,1106,55],[31,1107,61],[31,1108,53],[31,1108,55],[31,1108,57],[31,1109,61],[31,1110,58],[31,1110,63],[31,1111,61],[31,1112,55],[31,1112,57],[31,1112,63],[31,1113,53],[31,1113,59],[31,1114,55],[31,1114,61],[31,1115,57],[31,1115,63],[31,1116,53],[31,1116,59]]}%
---
[08:18:02.453] SERVER -> CLIENT
XT PACKET
  fields:
    type: xt
    command: gaa
    request_id: 1
    status: 0
    payload: {"KID":10,"uap":{"KID":10,"NS":-1,"PMS":-1,"PMT":0},"OI":[],"AI":[[31,1079,68],[31,1079,70],[31,1079,72],[31,1079,74],[31,1080,76],[31,1081,65],[31,1082,74],[31,1083,65],[31,1083,72],[31,1083,76],[31,1084,68],[31,1084,70],[31,1085,76],[31,1086,67],[31,1086,74],[31,1087,65],[31,1087,69],[31,1087,72],[31,1089,65],[31,1089,68],[31,1089,70],[31,1089,72],[31,1089,74],[31,1090,76]]}

  json_payload:
{
  "AI": [
    [
      31,
      1079,
      68
    ],
    [
      31,
      1079,
      70
    ],
    [
      31,
      1079,
      72
    ],
    [
      31,
      1079,
      74
    ],
    [
      31,
      1080,
      76
    ],
    [
      31,
      1081,
      65
    ],
    [
      31,
      1082,
      74
    ],
    [
      31,
      1083,
      65
    ],
    [
      31,
      1083,
      72
    ],
    [
      31,
      1083,
      76
    ],
    [
      31,
      1084,
      68
    ],
    [
      31,
      1084,
      70
    ],
    [
      31,
      1085,
      76
    ],
    [
      31,
      1086,
      67
    ],
    [
      31,
      1086,
      74
    ],
    [
      31,
      1087,
      65
    ],
    [
      31,
      1087,
      69
    ],
    [
      31,
      1087,
      72
    ],
    [
      31,
      1089,
      65
    ],
    [
      31,
      1089,
      68
    ],
    [
      31,
      1089,
      70
    ],
    [
      31,
      1089,
      72
    ],
    [
      31,
      1089,
      74
    ],
    [
      31,
      1090,
      76
    ]
  ],
  "KID": 10,
  "OI": [],
  "uap": {
    "KID": 10,
    "NS": -1,
    "PMS": -1,
    "PMT": 0
  }
}

  raw:
%xt%gaa%1%0%{"KID":10,"uap":{"KID":10,"NS":-1,"PMS":-1,"PMT":0},"OI":[],"AI":[[31,1079,68],[31,1079,70],[31,1079,72],[31,1079,74],[31,1080,76],[31,1081,65],[31,1082,74],[31,1083,65],[31,1083,72],[31,1083,76],[31,1084,68],[31,1084,70],[31,1085,76],[31,1086,67],[31,1086,74],[31,1087,65],[31,1087,69],[31,1087,72],[31,1089,65],[31,1089,68],[31,1089,70],[31,1089,72],[31,1089,74],[31,1090,76]]}%
---
[08:18:02.454] SERVER -> CLIENT
XT PACKET
  fields:
    type: xt
    command: gaa
    request_id: 1
    status: 0
    payload: {"KID":10,"uap":{"KID":10,"NS":-1,"PMS":-1,"PMT":0},"OI":[],"AI":[[16,1092,70,-411,[[1097,68]],-1,30,0,1],[31,1092,72],[31,1093,65],[16,1093,68,-411,[[1097,68]],-1,30,0,1],[31,1093,74],[31,1093,76],[31,1095,72],[31,1095,75],[31,1096,70],[31,1097,65],[17,1097,68,-411,0,[],-1,60,41049,32],[31,1097,74],[31,1099,66],[31,1099,74],[16,1100,69,-411,[[1097,68]],-1,30,0,1],[31,1100,72],[31,1100,76],[31,1101,74],[31,1102,68],[31,1102,70],[31,1102,72],[31,1102,76],[31,1103,65]]}

  json_payload:
{
  "AI": [
    [
      16,
      1092,
      70,
      -411,
      [
        [
          1097,
          68
        ]
      ],
      -1,
      30,
      0,
      1
    ],
    [
      31,
      1092,
      72
    ],
    [
      31,
      1093,
      65
    ],
    [
      16,
      1093,
      68,
      -411,
      [
        [
          1097,
          68
        ]
      ],
      -1,
      30,
      0,
      1
    ],
    [
      31,
      1093,
      74
    ],
    [
      31,
      1093,
      76
    ],
    [
      31,
      1095,
      72
    ],
    [
      31,
      1095,
      75
    ],
    [
      31,
      1096,
      70
    ],
    [
      31,
      1097,
      65
    ],
    [
      17,
      1097,
      68,
      -411,
      0,
      [],
      -1,
      60,
      41049,
      32
    ],
    [
      31,
      1097,
      74
    ],
    [
      31,
      1099,
      66
    ],
    [
      31,
      1099,
      74
    ],
    [
      16,
      1100,
      69,
      -411,
      [
        [
          1097,
          68
        ]
      ],
      -1,
      30,
      0,
      1
    ],
    [
      31,
      1100,
      72
    ],
    [
      31,
      1100,
      76
    ],
    [
      31,
      1101,
      74
    ],
    [
      31,
      1102,
      68
    ],
    [
      31,
      1102,
      70
    ],
    [
      31,
      1102,
      72
    ],
    [
      31,
      1102,
      76
    ],
    [
      31,
      1103,
      65
    ]
  ],
  "KID": 10,
  "OI": [],
  "uap": {
    "KID": 10,
    "NS": -1,
    "PMS": -1,
    "PMT": 0
  }
}

  raw:
%xt%gaa%1%0%{"KID":10,"uap":{"KID":10,"NS":-1,"PMS":-1,"PMT":0},"OI":[],"AI":[[16,1092,70,-411,[[1097,68]],-1,30,0,1],[31,1092,72],[31,1093,65],[16,1093,68,-411,[[1097,68]],-1,30,0,1],[31,1093,74],[31,1093,76],[31,1095,72],[31,1095,75],[31,1096,70],[31,1097,65],[17,1097,68,-411,0,[],-1,60,41049,32],[31,1097,74],[31,1099,66],[31,1099,74],[16,1100,69,-411,[[1097,68]],-1,30,0,1],[31,1100,72],[31,1100,76],[31,1101,74],[31,1102,68],[31,1102,70],[31,1102,72],[31,1102,76],[31,1103,65]]}%
---
[08:18:02.455] SERVER -> CLIENT
XT PACKET
  fields:
    type: xt
    command: gaa
    request_id: 1
    status: 0
    payload: {"KID":10,"uap":{"KID":10,"NS":-1,"PMS":-1,"PMT":0},"OI":[],"AI":[[31,1105,67],[31,1105,73],[31,1107,66],[16,1107,70,-411,[],-1,30,0,1],[31,1107,72],[31,1107,76],[31,1108,74],[31,1109,65],[31,1109,68],[17,1109,71,-411,1,[],-1,60,1,31],[31,1110,75],[16,1111,71,-411,[],-1,30,0,1],[31,1112,66],[16,1112,69,-411,[],-1,30,0,1],[31,1113,74],[31,1113,76],[31,1115,66],[31,1115,68],[31,1115,70],[31,1115,72],[31,1116,74],[31,1116,76]]}

  json_payload:
{
  "AI": [
    [
      31,
      1105,
      67
    ],
    [
      31,
      1105,
      73
    ],
    [
      31,
      1107,
      66
    ],
    [
      16,
      1107,
      70,
      -411,
      [],
      -1,
      30,
      0,
      1
    ],
    [
      31,
      1107,
      72
    ],
    [
      31,
      1107,
      76
    ],
    [
      31,
      1108,
      74
    ],
    [
      31,
      1109,
      65
    ],
    [
      31,
      1109,
      68
    ],
    [
      17,
      1109,
      71,
      -411,
      1,
      [],
      -1,
      60,
      1,
      31
    ],
    [
      31,
      1110,
      75
    ],
    [
      16,
      1111,
      71,
      -411,
      [],
      -1,
      30,
      0,
      1
    ],
    [
      31,
      1112,
      66
    ],
    [
      16,
      1112,
      69,
      -411,
      [],
      -1,
      30,
      0,
      1
    ],
    [
      31,
      1113,
      74
    ],
    [
      31,
      1113,
      76
    ],
    [
      31,
      1115,
      66
    ],
    [
      31,
      1115,
      68
    ],
    [
      31,
      1115,
      70
    ],
    [
      31,
      1115,
      72
    ],
    [
      31,
      1116,
      74
    ],
    [
      31,
      1116,
      76
    ]
  ],
  "KID": 10,
  "OI": [],
  "uap": {
    "KID": 10,
    "NS": -1,
    "PMS": -1,
    "PMT": 0
  }
}

  raw:
%xt%gaa%1%0%{"KID":10,"uap":{"KID":10,"NS":-1,"PMS":-1,"PMT":0},"OI":[],"AI":[[31,1105,67],[31,1105,73],[31,1107,66],[16,1107,70,-411,[],-1,30,0,1],[31,1107,72],[31,1107,76],[31,1108,74],[31,1109,65],[31,1109,68],[17,1109,71,-411,1,[],-1,60,1,31],[31,1110,75],[16,1111,71,-411,[],-1,30,0,1],[31,1112,66],[16,1112,69,-411,[],-1,30,0,1],[31,1113,74],[31,1113,76],[31,1115,66],[31,1115,68],[31,1115,70],[31,1115,72],[31,1116,74],[31,1116,76]]}%
---
[08:18:02.502] SERVER -> CLIENT
XT PACKET
  fields:
    type: xt
    command: ahh
    request_id: 1
    status: 0
    payload: {"LID":144672,"P":3,"PID":2739214,"PN":"Whale Shark","TID":6,"AC":0,"RT":16296,"OP":{"AID":3175712,"SID":0,"RLID":0},"TSL":-1}

  json_payload:
{
  "AC": 0,
  "LID": 144672,
  "OP": {
    "AID": 3175712,
    "RLID": 0,
    "SID": 0
  },
  "P": 3,
  "PID": 2739214,
  "PN": "Whale Shark",
  "RT": 16296,
  "TID": 6,
  "TSL": -1
}

  raw:
%xt%ahh%1%0%{"LID":144672,"P":3,"PID":2739214,"PN":"Whale Shark","TID":6,"AC":0,"RT":16296,"OP":{"AID":3175712,"SID":0,"RLID":0},"TSL":-1}%
---
[08:18:02.506] SERVER -> CLIENT
XT PACKET
  fields:
    type: xt
    command: ahd
    request_id: 1
    status: 0
    payload: {"LID":144672}

  json_payload:
{
  "LID": 144672
}

  raw:
%xt%ahd%1%0%{"LID":144672}%
---
[08:18:02.513] SERVER -> CLIENT
XT PACKET
  fields:
    type: xt
    command: ahh
    request_id: 1
    status: 0
    payload: {"LID":144673,"P":2,"PID":2739214,"PN":"Whale Shark","TID":6,"AC":0,"RT":68363,"OP":{"AID":10507367,"SID":0,"RLID":0},"TSL":-1}

  json_payload:
{
  "AC": 0,
  "LID": 144673,
  "OP": {
    "AID": 10507367,
    "RLID": 0,
    "SID": 0
  },
  "P": 2,
  "PID": 2739214,
  "PN": "Whale Shark",
  "RT": 68363,
  "TID": 6,
  "TSL": -1
}

  raw:
%xt%ahh%1%0%{"LID":144673,"P":2,"PID":2739214,"PN":"Whale Shark","TID":6,"AC":0,"RT":68363,"OP":{"AID":10507367,"SID":0,"RLID":0},"TSL":-1}%
---
[08:18:02.567] SERVER -> CLIENT
XT PACKET
  fields:
    type: xt
    command: ahh
    request_id: 1
    status: 0
    payload: {"LID":144674,"P":1,"PID":2739214,"PN":"Whale Shark","TID":6,"AC":0,"RT":67644,"OP":{"AID":14880981,"SID":0,"RLID":0},"TSL":-1}

  json_payload:
{
  "AC": 0,
  "LID": 144674,
  "OP": {
    "AID": 14880981,
    "RLID": 0,
    "SID": 0
  },
  "P": 1,
  "PID": 2739214,
  "PN": "Whale Shark",
  "RT": 67644,
  "TID": 6,
  "TSL": -1
}

  raw:
%xt%ahh%1%0%{"LID":144674,"P":1,"PID":2739214,"PN":"Whale Shark","TID":6,"AC":0,"RT":67644,"OP":{"AID":14880981,"SID":0,"RLID":0},"TSL":-1}%
---
[08:18:02.711] SERVER -> CLIENT
XT PACKET
  fields:
    type: xt
    command: ahh
    request_id: 1
    status: 0
    payload: {"LID":144673,"P":3,"PID":2739214,"PN":"Whale Shark","TID":6,"AC":0,"RT":68363,"OP":{"AID":10507367,"SID":0,"RLID":0},"TSL":-1}

  json_payload:
{
  "AC": 0,
  "LID": 144673,
  "OP": {
    "AID": 10507367,
    "RLID": 0,
    "SID": 0
  },
  "P": 3,
  "PID": 2739214,
  "PN": "Whale Shark",
  "RT": 68363,
  "TID": 6,
  "TSL": -1
}

  raw:
%xt%ahh%1%0%{"LID":144673,"P":3,"PID":2739214,"PN":"Whale Shark","TID":6,"AC":0,"RT":68363,"OP":{"AID":10507367,"SID":0,"RLID":0},"TSL":-1}%
---
[08:18:02.713] SERVER -> CLIENT
XT PACKET
  fields:
    type: xt
    command: ahd
    request_id: 1
    status: 0
    payload: {"LID":144673}

  json_payload:
{
  "LID": 144673
}

  raw:
%xt%ahd%1%0%{"LID":144673}%
---
[08:18:02.716] SERVER -> CLIENT
XT PACKET
  fields:
    type: xt
    command: ahh
    request_id: 1
    status: 0
    payload: {"LID":144674,"P":2,"PID":2739214,"PN":"Whale Shark","TID":6,"AC":0,"RT":67644,"OP":{"AID":14880981,"SID":0,"RLID":0},"TSL":-1}

  json_payload:
{
  "AC": 0,
  "LID": 144674,
  "OP": {
    "AID": 14880981,
    "RLID": 0,
    "SID": 0
  },
  "P": 2,
  "PID": 2739214,
  "PN": "Whale Shark",
  "RT": 67644,
  "TID": 6,
  "TSL": -1
}

  raw:
%xt%ahh%1%0%{"LID":144674,"P":2,"PID":2739214,"PN":"Whale Shark","TID":6,"AC":0,"RT":67644,"OP":{"AID":14880981,"SID":0,"RLID":0},"TSL":-1}%
---
[08:18:02.762] SERVER -> CLIENT
XT PACKET
  fields:
    type: xt
    command: ahh
    request_id: 1
    status: 0
    payload: {"LID":144675,"P":0,"PID":2739214,"PN":"Whale Shark","TID":6,"AC":0,"RT":34282,"OP":{"AID":3951040,"SID":2,"RLID":0},"TSL":-1}

  json_payload:
{
  "AC": 0,
  "LID": 144675,
  "OP": {
    "AID": 3951040,
    "RLID": 0,
    "SID": 2
  },
  "P": 0,
  "PID": 2739214,
  "PN": "Whale Shark",
  "RT": 34282,
  "TID": 6,
  "TSL": -1
}

  raw:
%xt%ahh%1%0%{"LID":144675,"P":0,"PID":2739214,"PN":"Whale Shark","TID":6,"AC":0,"RT":34282,"OP":{"AID":3951040,"SID":2,"RLID":0},"TSL":-1}%
---
[08:18:03.445] CLIENT -> SERVER
XT PACKET
  fields:
    type: xt
    server_header: EmpireEx_21
    command: ssi
    request_id: 1
    payload: {"TX":1097,"TY":68,"KID":10}

  json_payload:
{
  "KID": 10,
  "TX": 1097,
  "TY": 68
}

  raw:
%xt%EmpireEx_21%ssi%1%{"TX":1097,"TY":68,"KID":10}%
---
[08:18:03.455] SERVER -> CLIENT
XT PACKET
  fields:
    type: xt
    command: ahh
    request_id: 1
    status: 0
    payload: {"LID":144674,"P":3,"PID":2739214,"PN":"Whale Shark","TID":6,"AC":0,"RT":67643,"OP":{"AID":14880981,"SID":0,"RLID":0},"TSL":-1}

  json_payload:
{
  "AC": 0,
  "LID": 144674,
  "OP": {
    "AID": 14880981,
    "RLID": 0,
    "SID": 0
  },
  "P": 3,
  "PID": 2739214,
  "PN": "Whale Shark",
  "RT": 67643,
  "TID": 6,
  "TSL": -1
}

  raw:
%xt%ahh%1%0%{"LID":144674,"P":3,"PID":2739214,"PN":"Whale Shark","TID":6,"AC":0,"RT":67643,"OP":{"AID":14880981,"SID":0,"RLID":0},"TSL":-1}%
---
[08:18:03.456] SERVER -> CLIENT
XT PACKET
  fields:
    type: xt
    command: ahd
    request_id: 1
    status: 0
    payload: {"LID":144674}

  json_payload:
{
  "LID": 144674
}

  raw:
%xt%ahd%1%0%{"LID":144674}%
---
[08:18:03.457] SERVER -> CLIENT
XT PACKET
  fields:
    type: xt
    command: ahh
    request_id: 1
    status: 0
    payload: {"LID":144675,"P":1,"PID":2739214,"PN":"Whale Shark","TID":6,"AC":0,"RT":34281,"OP":{"AID":3951040,"SID":2,"RLID":0},"TSL":-1}

  json_payload:
{
  "AC": 0,
  "LID": 144675,
  "OP": {
    "AID": 3951040,
    "RLID": 0,
    "SID": 2
  },
  "P": 1,
  "PID": 2739214,
  "PN": "Whale Shark",
  "RT": 34281,
  "TID": 6,
  "TSL": -1
}

  raw:
%xt%ahh%1%0%{"LID":144675,"P":1,"PID":2739214,"PN":"Whale Shark","TID":6,"AC":0,"RT":34281,"OP":{"AID":3951040,"SID":2,"RLID":0},"TSL":-1}%
---
[08:18:03.515] SERVER -> CLIENT
XT PACKET
  fields:
    type: xt
    command: ahh
    request_id: 1
    status: 0
    payload: {"LID":144675,"P":2,"PID":2739214,"PN":"Whale Shark","TID":6,"AC":0,"RT":34281,"OP":{"AID":3951040,"SID":2,"RLID":0},"TSL":-1}

  json_payload:
{
  "AC": 0,
  "LID": 144675,
  "OP": {
    "AID": 3951040,
    "RLID": 0,
    "SID": 2
  },
  "P": 2,
  "PID": 2739214,
  "PN": "Whale Shark",
  "RT": 34281,
  "TID": 6,
  "TSL": -1
}

  raw:
%xt%ahh%1%0%{"LID":144675,"P":2,"PID":2739214,"PN":"Whale Shark","TID":6,"AC":0,"RT":34281,"OP":{"AID":3951040,"SID":2,"RLID":0},"TSL":-1}%
---
[08:18:03.570] SERVER -> CLIENT
XT PACKET
  fields:
    type: xt
    command: ssi
    request_id: 1
    status: 0
    payload: {"TX":1097.0,"TY":68.0,"gaa":{"KID":10,"uap":{"KID":10,"NS":-1,"PMS":-1,"PMT":0},"OI":[],"AI":[[17,1097,68,-411,0,[],-1,60,41045,32]]},"AS":25,"APM":0,"TPM":0,"GC":50}

  json_payload:
{
  "APM": 0,
  "AS": 25,
  "GC": 50,
  "TPM": 0,
  "TX": 1097.0,
  "TY": 68.0,
  "gaa": {
    "AI": [
      [
        17,
        1097,
        68,
        -411,
        0,
        [],
        -1,
        60,
        41045,
        32
      ]
    ],
    "KID": 10,
    "OI": [],
    "uap": {
      "KID": 10,
      "NS": -1,
      "PMS": -1,
      "PMT": 0
    }
  }
}

  raw:
%xt%ssi%1%0%{"TX":1097.0,"TY":68.0,"gaa":{"KID":10,"uap":{"KID":10,"NS":-1,"PMS":-1,"PMT":0},"OI":[],"AI":[[17,1097,68,-411,0,[],-1,60,41045,32]]},"AS":25,"APM":0,"TPM":0,"GC":50}%
---
[08:18:03.665] SERVER -> CLIENT
XT PACKET
  fields:
    type: xt
    command: ahh
    request_id: 1
    status: 0
    payload: {"LID":144675,"P":3,"PID":2739214,"PN":"Whale Shark","TID":6,"AC":0,"RT":34281,"OP":{"AID":3951040,"SID":2,"RLID":0},"TSL":-1}

  json_payload:
{
  "AC": 0,
  "LID": 144675,
  "OP": {
    "AID": 3951040,
    "RLID": 0,
    "SID": 2
  },
  "P": 3,
  "PID": 2739214,
  "PN": "Whale Shark",
  "RT": 34281,
  "TID": 6,
  "TSL": -1
}

  raw:
%xt%ahh%1%0%{"LID":144675,"P":3,"PID":2739214,"PN":"Whale Shark","TID":6,"AC":0,"RT":34281,"OP":{"AID":3951040,"SID":2,"RLID":0},"TSL":-1}%
---
[08:18:03.670] SERVER -> CLIENT
XT PACKET
  fields:
    type: xt
    command: ahd
    request_id: 1
    status: 0
    payload: {"LID":144675}

  json_payload:
{
  "LID": 144675
}

  raw:
%xt%ahd%1%0%{"LID":144675}%
---
[08:18:04.975] CLIENT -> SERVER
XT PACKET
  fields:
    type: xt
    server_header: EmpireEx_21
    command: csm
    request_id: 1
    payload: {"SID":293,"TX":1097,"TY":68,"SC":25,"ST":0,"SE":100,"HBW":-1,"KID":10,"PTT":1,"SD":0}

  json_payload:
{
  "HBW": -1,
  "KID": 10,
  "PTT": 1,
  "SC": 25,
  "SD": 0,
  "SE": 100,
  "SID": 293,
  "ST": 0,
  "TX": 1097,
  "TY": 68
}

  raw:
%xt%EmpireEx_21%csm%1%{"SID":293,"TX":1097,"TY":68,"SC":25,"ST":0,"SE":100,"HBW":-1,"KID":10,"PTT":1,"SD":0}%
---
[08:18:05.087] SERVER -> CLIENT
XT PACKET
  fields:
    type: xt
    command: gcu
    request_id: 1
    status: 0
    payload: {"C1":2147483011,"C2":83067}

  json_payload:
{
  "C1": 2147483011,
  "C2": 83067
}

  raw:
%xt%gcu%1%0%{"C1":2147483011,"C2":83067}%
---
[08:18:05.089] SERVER -> CLIENT
XT PACKET
  fields:
    type: xt
    command: sce
    request_id: 1
    status: 0
    payload: [["PTT",11079]]

  json_payload:
[
  [
    "PTT",
    11079
  ]
]

  raw:
%xt%sce%1%0%[["PTT",11079]]%
---
[08:18:05.091] SERVER -> CLIENT
XT PACKET
  fields:
    type: xt
    command: csm
    request_id: 1
    status: 0
    payload: {"A":{"M":{"MID":71198217,"PT":0,"TT":1,"D":0,"TID":-411,"T":3,"HBW":1023,"KID":10,"TA":[17,1097,68,-411,0,[],-1,60,41043,32],"SID":16862926,"OID":16862926,"SA":[15,1310,111,293,16862926,0,2,2,2,0,"Camp Ventrilo",0,-1,-1,-1,-1,10,0,0]},"S":{"SC":25,"ST":0,"SA":100,"SR":6}},"O":[{"OID":16862926,"DUM":false,"N":"Ventrilo","E":{"BGT":0,"BGC1":1644825,"BGC2":1644825,"SPT":1,"S1":42,"SC1":1644825,"S2":42,"SC2":1644825,"IS":1},"L":70,"LL":950,"H":839,"AVP":61745,"CF":26494216,"HF":147045694,"PRE":13,"SUF":28,"TOPX":-1,"MP":27828847,"R":0,"AID":189639,"AR":7,"AN":"Sons of Guelon","aee":{"ACCA":{"ACLI":11,"ACCS":[4,3,12]},"ACFB":{"ACLI":3,"ACCS":[4,3]}},"RPT":4193476,"AP":[[0,16011862,509,405,1],[0,16632819,505,407,4],[0,16673031,509,407,4],[1,16366514,593,613,12],[2,16366513,654,696,12],[3,16681051,688,582,12],[[10,293,1310,111]]],"VP":[[1,610985,612,588,10],[1,713871,585,658,10],[1,725272,624,582,10],[1,2548320,501,589,10],[1,2548324,494,596,10],[1,2840852,486,575,10]],"SA":0,"VF":0,"PF":0,"RRD":0,"TI":-1,"RNP":-1,"FN":{"MC":293,"FID":0,"TID":111,"NS":-1,"PMS":-1,"PMT":0,"SPC":0}}]}

  json_payload:
{
  "A": {
    "M": {
      "D": 0,
      "HBW": 1023,
      "KID": 10,
      "MID": 71198217,
      "OID": 16862926,
      "PT": 0,
      "SA": [
        15,
        1310,
        111,
        293,
        16862926,
        0,
        2,
        2,
        2,
        0,
        "Camp Ventrilo",
        0,
        -1,
        -1,
        -1,
        -1,
        10,
        0,
        0
      ],
      "SID": 16862926,
      "T": 3,
      "TA": [
        17,
        1097,
        68,
        -411,
        0,
        [],
        -1,
        60,
        41043,
        32
      ],
      "TID": -411,
      "TT": 1
    },
    "S": {
      "SA": 100,
      "SC": 25,
      "SR": 6,
      "ST": 0
    }
  },
  "O": [
    {
      "AID": 189639,
      "AN": "Sons of Guelon",
      "AP": [
        [
          0,
          16011862,
          509,
          405,
          1
        ],
        [
          0,
          16632819,
          505,
          407,
          4
        ],
        [
          0,
          16673031,
          509,
          407,
          4
        ],
        [
          1,
          16366514,
          593,
          613,
          12
        ],
        [
          2,
          16366513,
          654,
          696,
          12
        ],
        [
          3,
          16681051,
          688,
          582,
          12
        ],
        [
          [
            10,
            293,
            1310,
            111
          ]
        ]
      ],
      "AR": 7,
      "AVP": 61745,
      "CF": 26494216,
      "DUM": false,
      "E": {
        "BGC1": 1644825,
        "BGC2": 1644825,
        "BGT": 0,
        "IS": 1,
        "S1": 42,
        "S2": 42,
        "SC1": 1644825,
        "SC2": 1644825,
        "SPT": 1
      },
      "FN": {
        "FID": 0,
        "MC": 293,
        "NS": -1,
        "PMS": -1,
        "PMT": 0,
        "SPC": 0,
        "TID": 111
      },
      "H": 839,
      "HF": 147045694,
      "L": 70,
      "LL": 950,
      "MP": 27828847,
      "N": "Ventrilo",
      "OID": 16862926,
      "PF": 0,
      "PRE": 13,
      "R": 0,
      "RNP": -1,
      "RPT": 4193476,
      "RRD": 0,
      "SA": 0,
      "SUF": 28,
      "TI": -1,
      "TOPX": -1,
      "VF": 0,
      "VP": [
        [
          1,
          610985,
          612,
          588,
          10
        ],
        [
          1,
          713871,
          585,
          658,
          10
        ],
        [
          1,
          725272,
          624,
          582,
          10
        ],
        [
          1,
          2548320,
          501,
          589,
          10
        ],
        [
          1,
          2548324,
          494,
          596,
          10
        ],
        [
          1,
          2840852,
          486,
          575,
          10
        ]
      ],
      "aee": {
        "ACCA": {
          "ACCS": [
            4,
            3,
            12
          ],
          "ACLI": 11
        },
        "ACFB": {
          "ACCS": [
            4,
            3
          ],
          "ACLI": 3
        }
      }
    }
  ]
}

  raw:
%xt%csm%1%0%{"A":{"M":{"MID":71198217,"PT":0,"TT":1,"D":0,"TID":-411,"T":3,"HBW":1023,"KID":10,"TA":[17,1097,68,-411,0,[],-1,60,41043,32],"SID":16862926,"OID":16862926,"SA":[15,1310,111,293,16862926,0,2,2,2,0,"Camp Ventrilo",0,-1,-1,-1,-1,10,0,0]},"S":{"SC":25,"ST":0,"SA":100,"SR":6}},"O":[{"OID":16862926,"DUM":false,"N":"Ventrilo","E":{"BGT":0,"BGC1":1644825,"BGC2":1644825,"SPT":1,"S1":42,"SC1":1644825,"S2":42,"SC2":1644825,"IS":1},"L":70,"LL":950,"H":839,"AVP":61745,"CF":26494216,"HF":147045694,"PRE":13,"SUF":28,"TOPX":-1,"MP":27828847,"R":0,"AID":189639,"AR":7,"AN":"Sons of Guelon","aee":{"ACCA":{"ACLI":11,"ACCS":[4,3,12]},"ACFB":{"ACLI":3,"ACCS":[4,3]}},"RPT":4193476,"AP":[[0,16011862,509,405,1],[0,16632819,505,407,4],[0,16673031,509,407,4],[1,16366514,593,613,12],[2,16366513,654,696,12],[3,16681051,688,582,12],[[10,293,1310,111]]],"VP":[[1,610985,612,588,10],[1,713871,585,658,10],[1,725272,624,582,10],[1,2548320,501,589,10],[1,2548324,494,596,10],[1,2840852,486,575,10]],"SA":0,"VF":0,"PF":0,"RRD":0,"TI":-1,"RNP":-1,"FN":{"MC":293,"FID":0,"TID":111,"NS":-1,"PMS":-1,"PMT":0,"SPC":0}}]}%
---
[08:18:06.752] SERVER -> CLIENT
XT PACKET
  fields:
    type: xt
    command: gaa
    request_id: 1
    status: 0
    payload: {"KID":10,"uap":{"KID":10,"NS":-1,"PMS":-1,"PMT":0},"OI":[],"AI":[[17,1097,68,-411,0,[],0,60,41037,32]]}

  json_payload:
{
  "AI": [
    [
      17,
      1097,
      68,
      -411,
      0,
      [],
      0,
      60,
      41037,
      32
    ]
  ],
  "KID": 10,
  "OI": [],
  "uap": {
    "KID": 10,
    "NS": -1,
    "PMS": -1,
    "PMT": 0
  }
}

  raw:
%xt%gaa%1%0%{"KID":10,"uap":{"KID":10,"NS":-1,"PMS":-1,"PMT":0},"OI":[],"AI":[[17,1097,68,-411,0,[],0,60,41037,32]]}%
---
[08:18:06.766] SERVER -> CLIENT
XT PACKET
  fields:
    type: xt
    command: sne
    request_id: 1
    status: 0
    payload: {"MSG":[[2214966913,4,"1+0+17#10+-411+","",-1,0,0,0,0]]}

  json_payload:
{
  "MSG": [
    [
      2214966913,
      4,
      "1+0+17#10+-411+",
      "",
      -1,
      0,
      0,
      0,
      0
    ]
  ]
}

  raw:
%xt%sne%1%0%{"MSG":[[2214966913,4,"1+0+17#10+-411+","",-1,0,0,0,0]]}%
---
[08:18:06.768] SERVER -> CLIENT
XT PACKET
  fields:
    type: xt
    command: dms
    request_id: 1
    status: 0
    payload: {"MID":[2214958113]}

  json_payload:
{
  "MID": [
    2214958113
  ]
}

  raw:
%xt%dms%1%0%{"MID":[2214958113]}%
---
[08:18:06.769] SERVER -> CLIENT
XT PACKET
  fields:
    type: xt
    command: dql
    request_id: 1
    status: 0
    payload: {"PQL":70,"RDQ":[{"QID":12,"P":[0]},{"QID":5,"P":[2]},{"QID":10,"P":[0]},{"QID":23,"P":[0]},{"QID":6,"P":[0]},{"QID":2,"P":[0]},{"QID":4,"P":[0]},{"QID":7,"P":[0]},{"QID":22,"P":[0]}],"FDQ":[9,1,16],"RS":[[["U",[611,5]],["U",[626,1]],["MS3",2],["MS2",2]],[["U",[620,10]],["U",[629,2]],["MS2",10]],[["F",10000],["U",[312,5]],["U",[309,5]]],[["C2",100]]]}

  json_payload:
{
  "FDQ": [
    9,
    1,
    16
  ],
  "PQL": 70,
  "RDQ": [
    {
      "P": [
        0
      ],
      "QID": 12
    },
    {
      "P": [
        2
      ],
      "QID": 5
    },
    {
      "P": [
        0
      ],
      "QID": 10
    },
    {
      "P": [
        0
      ],
      "QID": 23
    },
    {
      "P": [
        0
      ],
      "QID": 6
    },
    {
      "P": [
        0
      ],
      "QID": 2
    },
    {
      "P": [
        0
      ],
      "QID": 4
    },
    {
      "P": [
        0
      ],
      "QID": 7
    },
    {
      "P": [
        0
      ],
      "QID": 22
    }
  ],
  "RS": [
    [
      [
        "U",
        [
          611,
          5
        ]
      ],
      [
        "U",
        [
          626,
          1
        ]
      ],
      [
        "MS3",
        2
      ],
      [
        "MS2",
        2
      ]
    ],
    [
      [
        "U",
        [
          620,
          10
        ]
      ],
      [
        "U",
        [
          629,
          2
        ]
      ],
      [
        "MS2",
        10
      ]
    ],
    [
      [
        "F",
        10000
      ],
      [
        "U",
        [
          312,
          5
        ]
      ],
      [
        "U",
        [
          309,
          5
        ]
      ]
    ],
    [
      [
        "C2",
        100
      ]
    ]
  ]
}

  raw:
%xt%dql%1%0%{"PQL":70,"RDQ":[{"QID":12,"P":[0]},{"QID":5,"P":[2]},{"QID":10,"P":[0]},{"QID":23,"P":[0]},{"QID":6,"P":[0]},{"QID":2,"P":[0]},{"QID":4,"P":[0]},{"QID":7,"P":[0]},{"QID":22,"P":[0]}],"FDQ":[9,1,16],"RS":[[["U",[611,5]],["U",[626,1]],["MS3",2],["MS2",2]],[["U",[620,10]],["U",[629,2]],["MS2",10]],[["F",10000],["U",[312,5]],["U",[309,5]]],[["C2",100]]]}%
---
[08:18:06.770] SERVER -> CLIENT
XT PACKET
  fields:
    type: xt
    command: csm
    request_id: 1
    status: 0
    payload: {"A":{"M":{"MID":71198217,"PT":0,"TT":1,"D":1,"TID":16862926,"T":3,"HBW":1023,"KID":10,"TA":[15,1310,111,293,16862926,0,2,2,2,0,"Camp Ventrilo",0,-1,-1,-1,-1,10,0,0],"SID":-411,"OID":16862926,"SA":[17,1097,68,-411,0,[],0,60,41037,32]},"S":{"SC":25,"ST":0,"SA":100,"SR":6}},"O":[{"OID":16862926,"DUM":false,"N":"Ventrilo","E":{"BGT":0,"BGC1":1644825,"BGC2":1644825,"SPT":1,"S1":42,"SC1":1644825,"S2":42,"SC2":1644825,"IS":1},"L":70,"LL":950,"H":839,"AVP":61745,"CF":26494216,"HF":147045694,"PRE":13,"SUF":28,"TOPX":-1,"MP":27828847,"R":0,"AID":189639,"AR":7,"AN":"Sons of Guelon","aee":{"ACCA":{"ACLI":11,"ACCS":[4,3,12]},"ACFB":{"ACLI":3,"ACCS":[4,3]}},"RPT":4193475,"AP":[[0,16011862,509,405,1],[0,16632819,505,407,4],[0,16673031,509,407,4],[1,16366514,593,613,12],[2,16366513,654,696,12],[3,16681051,688,582,12],[[10,293,1310,111]]],"VP":[[1,610985,612,588,10],[1,713871,585,658,10],[1,725272,624,582,10],[1,2548320,501,589,10],[1,2548324,494,596,10],[1,2840852,486,575,10]],"SA":0,"VF":0,"PF":0,"RRD":0,"TI":-1,"RNP":-1,"FN":{"MC":293,"FID":0,"TID":111,"NS":-1,"PMS":-1,"PMT":0,"SPC":0}},{"OID":16862926,"DUM":false,"N":"Ventrilo","E":{"BGT":0,"BGC1":1644825,"BGC2":1644825,"SPT":1,"S1":42,"SC1":1644825,"S2":42,"SC2":1644825,"IS":1},"L":70,"LL":950,"H":839,"AVP":61745,"CF":26494216,"HF":147045694,"PRE":13,"SUF":28,"TOPX":-1,"MP":27828847,"R":0,"AID":189639,"AR":7,"AN":"Sons of Guelon","aee":{"ACCA":{"ACLI":11,"ACCS":[4,3,12]},"ACFB":{"ACLI":3,"ACCS":[4,3]}},"RPT":4193475,"AP":[[0,16011862,509,405,1],[0,16632819,505,407,4],[0,16673031,509,407,4],[1,16366514,593,613,12],[2,16366513,654,696,12],[3,16681051,688,582,12],[[10,293,1310,111]]],"VP":[[1,610985,612,588,10],[1,713871,585,658,10],[1,725272,624,582,10],[1,2548320,501,589,10],[1,2548324,494,596,10],[1,2840852,486,575,10]],"SA":0,"VF":0,"PF":0,"RRD":0,"TI":-1,"RNP":-1,"FN":{"MC":293,"FID":0,"TID":111,"NS":-1,"PMS":-1,"PMT":0,"SPC":0}}]}

  json_payload:
{
  "A": {
    "M": {
      "D": 1,
      "HBW": 1023,
      "KID": 10,
      "MID": 71198217,
      "OID": 16862926,
      "PT": 0,
      "SA": [
        17,
        1097,
        68,
        -411,
        0,
        [],
        0,
        60,
        41037,
        32
      ],
      "SID": -411,
      "T": 3,
      "TA": [
        15,
        1310,
        111,
        293,
        16862926,
        0,
        2,
        2,
        2,
        0,
        "Camp Ventrilo",
        0,
        -1,
        -1,
        -1,
        -1,
        10,
        0,
        0
      ],
      "TID": 16862926,
      "TT": 1
    },
    "S": {
      "SA": 100,
      "SC": 25,
      "SR": 6,
      "ST": 0
    }
  },
  "O": [
    {
      "AID": 189639,
      "AN": "Sons of Guelon",
      "AP": [
        [
          0,
          16011862,
          509,
          405,
          1
        ],
        [
          0,
          16632819,
          505,
          407,
          4
        ],
        [
          0,
          16673031,
          509,
          407,
          4
        ],
        [
          1,
          16366514,
          593,
          613,
          12
        ],
        [
          2,
          16366513,
          654,
          696,
          12
        ],
        [
          3,
          16681051,
          688,
          582,
          12
        ],
        [
          [
            10,
            293,
            1310,
            111
          ]
        ]
      ],
      "AR": 7,
      "AVP": 61745,
      "CF": 26494216,
      "DUM": false,
      "E": {
        "BGC1": 1644825,
        "BGC2": 1644825,
        "BGT": 0,
        "IS": 1,
        "S1": 42,
        "S2": 42,
        "SC1": 1644825,
        "SC2": 1644825,
        "SPT": 1
      },
      "FN": {
        "FID": 0,
        "MC": 293,
        "NS": -1,
        "PMS": -1,
        "PMT": 0,
        "SPC": 0,
        "TID": 111
      },
      "H": 839,
      "HF": 147045694,
      "L": 70,
      "LL": 950,
      "MP": 27828847,
      "N": "Ventrilo",
      "OID": 16862926,
      "PF": 0,
      "PRE": 13,
      "R": 0,
      "RNP": -1,
      "RPT": 4193475,
      "RRD": 0,
      "SA": 0,
      "SUF": 28,
      "TI": -1,
      "TOPX": -1,
      "VF": 0,
      "VP": [
        [
          1,
          610985,
          612,
          588,
          10
        ],
        [
          1,
          713871,
          585,
          658,
          10
        ],
        [
          1,
          725272,
          624,
          582,
          10
        ],
        [
          1,
          2548320,
          501,
          589,
          10
        ],
        [
          1,
          2548324,
          494,
          596,
          10
        ],
        [
          1,
          2840852,
          486,
          575,
          10
        ]
      ],
      "aee": {
        "ACCA": {
          "ACCS": [
            4,
            3,
            12
          ],
          "ACLI": 11
        },
        "ACFB": {
          "ACCS": [
            4,
            3
          ],
          "ACLI": 3
        }
      }
    },
    {
      "AID": 189639,
      "AN": "Sons of Guelon",
      "AP": [
        [
          0,
          16011862,
          509,
          405,
          1
        ],
        [
          0,
          16632819,
          505,
          407,
          4
        ],
        [
          0,
          16673031,
          509,
          407,
          4
        ],
        [
          1,
          16366514,
          593,
          613,
          12
        ],
        [
          2,
          16366513,
          654,
          696,
          12
        ],
        [
          3,
          16681051,
          688,
          582,
          12
        ],
        [
          [
            10,
            293,
            1310,
            111
          ]
        ]
      ],
      "AR": 7,
      "AVP": 61745,
      "CF": 26494216,
      "DUM": false,
      "E": {
        "BGC1": 1644825,
        "BGC2": 1644825,
        "BGT": 0,
        "IS": 1,
        "S1": 42,
        "S2": 42,
        "SC1": 1644825,
        "SC2": 1644825,
        "SPT": 1
      },
      "FN": {
        "FID": 0,
        "MC": 293,
        "NS": -1,
        "PMS": -1,
        "PMT": 0,
        "SPC": 0,
        "TID": 111
      },
      "H": 839,
      "HF": 147045694,
      "L": 70,
      "LL": 950,
      "MP": 27828847,
      "N": "Ventrilo",
      "OID": 16862926,
      "PF": 0,
      "PRE": 13,
      "R": 0,
      "RNP": -1,
      "RPT": 4193475,
      "RRD": 0,
      "SA": 0,
      "SUF": 28,
      "TI": -1,
      "TOPX": -1,
      "VF": 0,
      "VP": [
        [
          1,
          610985,
          612,
          588,
          10
        ],
        [
          1,
          713871,
          585,
          658,
          10
        ],
        [
          1,
          725272,
          624,
          582,
          10
        ],
        [
          1,
          2548320,
          501,
          589,
          10
        ],
        [
          1,
          2548324,
          494,
          596,
          10
        ],
        [
          1,
          2840852,
          486,
          575,
          10
        ]
      ],
      "aee": {
        "ACCA": {
          "ACCS": [
            4,
            3,
            12
          ],
          "ACLI": 11
        },
        "ACFB": {
          "ACCS": [
            4,
            3
          ],
          "ACLI": 3
        }
      }
    }
  ]
}

  raw:
%xt%csm%1%0%{"A":{"M":{"MID":71198217,"PT":0,"TT":1,"D":1,"TID":16862926,"T":3,"HBW":1023,"KID":10,"TA":[15,1310,111,293,16862926,0,2,2,2,0,"Camp Ventrilo",0,-1,-1,-1,-1,10,0,0],"SID":-411,"OID":16862926,"SA":[17,1097,68,-411,0,[],0,60,41037,32]},"S":{"SC":25,"ST":0,"SA":100,"SR":6}},"O":[{"OID":16862926,"DUM":false,"N":"Ventrilo","E":{"BGT":0,"BGC1":1644825,"BGC2":1644825,"SPT":1,"S1":42,"SC1":1644825,"S2":42,"SC2":1644825,"IS":1},"L":70,"LL":950,"H":839,"AVP":61745,"CF":26494216,"HF":147045694,"PRE":13,"SUF":28,"TOPX":-1,"MP":27828847,"R":0,"AID":189639,"AR":7,"AN":"Sons of Guelon","aee":{"ACCA":{"ACLI":11,"ACCS":[4,3,12]},"ACFB":{"ACLI":3,"ACCS":[4,3]}},"RPT":4193475,"AP":[[0,16011862,509,405,1],[0,16632819,505,407,4],[0,16673031,509,407,4],[1,16366514,593,613,12],[2,16366513,654,696,12],[3,16681051,688,582,12],[[10,293,1310,111]]],"VP":[[1,610985,612,588,10],[1,713871,585,658,10],[1,725272,624,582,10],[1,2548320,501,589,10],[1,2548324,494,596,10],[1,2840852,486,575,10]],"SA":0,"VF":0,"PF":0,"RRD":0,"TI":-1,"RNP":-1,"FN":{"MC":293,"FID":0,"TID":111,"NS":-1,"PMS":-1,"PMT":0,"SPC":0}},{"OID":16862926,"DUM":false,"N":"Ventrilo","E":{"BGT":0,"BGC1":1644825,"BGC2":1644825,"SPT":1,"S1":42,"SC1":1644825,"S2":42,"SC2":1644825,"IS":1},"L":70,"LL":950,"H":839,"AVP":61745,"CF":26494216,"HF":147045694,"PRE":13,"SUF":28,"TOPX":-1,"MP":27828847,"R":0,"AID":189639,"AR":7,"AN":"Sons of Guelon","aee":{"ACCA":{"ACLI":11,"ACCS":[4,3,12]},"ACFB":{"ACLI":3,"ACCS":[4,3]}},"RPT":4193475,"AP":[[0,16011862,509,405,1],[0,16632819,505,407,4],[0,16673031,509,407,4],[1,16366514,593,613,12],[2,16366513,654,696,12],[3,16681051,688,582,12],[[10,293,1310,111]]],"VP":[[1,610985,612,588,10],[1,713871,585,658,10],[1,725272,624,582,10],[1,2548320,501,589,10],[1,2548324,494,596,10],[1,2840852,486,575,10]],"SA":0,"VF":0,"PF":0,"RRD":0,"TI":-1,"RNP":-1,"FN":{"MC":293,"FID":0,"TID":111,"NS":-1,"PMS":-1,"PMT":0,"SPC":0}}]}%
---
[08:18:07.908] CLIENT -> SERVER
XT PACKET
  fields:
    type: xt
    server_header: EmpireEx_21
    command: aci
    request_id: 1
    payload: {"TX":1097,"TY":68,"SX":1310,"SY":111,"KID":10}

  json_payload:
{
  "KID": 10,
  "SX": 1310,
  "SY": 111,
  "TX": 1097,
  "TY": 68
}

  raw:
%xt%EmpireEx_21%aci%1%{"TX":1097,"TY":68,"SX":1310,"SY":111,"KID":10}%
---
[08:18:08.037] SERVER -> CLIENT
XT PACKET
  fields:
    type: xt
    command: aci
    request_id: 1
    status: 0
    payload: {"KID":10,"HAWL":4,"TX":1097,"TY":68,"SCID":293,"gaa":{"KID":10,"uap":{"KID":10,"NS":-1,"PMS":-1,"PMT":0},"AI":[17,1097,68,-411,0,[],2,60,41032,32]},"B":{"DLID":-105,"GID":113,"GEM":[],"E":[[7,[41.0],"EQ"],[8,[25.0],"EQ"],[10,[32.0],"EQ"],[11,[24.0],"EQ"]],"AE":[],"GASAIDS":[],"SIDS":[]},"S":[[[713,50],[712,63],[637,1],[647,1]],[[713,55],[712,49],[637,1],[647,1],[645,1],[626,1]],[[713,54],[712,49],[647,1],[637,1],[637,1]],[[713,316],[712,334]],[],[],[]],"AS":2,"gui":{"I":[[14,155],[10,284],[620,694774],[778,11919],[242,77329],[241,59683],[651,13962]],"SHI":[],"HI":[],"TU":[]},"gli":{"B":[{"ID":1,"WID":1,"VIS":0,"LICID":16011862,"N":"","GID":104,"L":30,"ST":3,"W":164,"D":285,"SPR":75,"EQ":[[6549385993,1,1,5,-1,[[10003,76,[115.8]],[10004,82,[76.1]],[10114,92,[88.6]],[10111,80,[40.0]]],-1,-1,0,-1,-1,3,[101,7,4300,[4637990,131,2,2240,[[10208,26,[3.1]],[10202,41,[27.3]],[10201,57,[9.5]]],0]]],[6541383707,2,1,5,-1,[[10005,78,[85.9]],[10006,76,[85.8]],[10112,78,[39.2]],[10111,95,[46.0]]],-1,-1,0,-1,-1,3,[102,7,4270,[4633963,131,6,3290,[[10209,46,[12.6]],[10210,64,[16.7]],[10214,69,[19.1]],[10219,50,[13,3.0]]],0]]],[6541409166,3,1,5,-1,[[10002,88,[116.4]],[10110,72,[29.6]],[10113,72,[33.8]],[10112,77,[38.8]]],-1,-1,0,-1,-1,3,[103,7,4090,[4614338,131,6,2920,[[10206,57,[9.5]],[10203,68,[5.3]],[10201,67,[10.5]]],0]]],[6547061083,4,1,5,-1,[[10001,72,[15.6]],[10112,85,[42.0]],[10113,96,[43.4]],[10118,100,[227,1000.0]]],-1,-1,0,-1,-1,3,[104,7,4530,[4637991,131,4,2360,[[10206,64,[10.2]],[10203,41,[3.9]],[10207,31,[3.4]]],0]]],[6540815412,5,1,0,0,[[201,[25.0]],[335,[10.0]],[13,[5.0]]],1487,-1,0,-1,-1,1],[6540287196,6,1,15,-1,[[10509,70,[85.5]],[10518,76,[19.5]],[10507,75,[16.3]],[10515,69,[25.7]],[30013,69,[921]],[30017,69,[18.8]]],-1,-1,0,-1,-1,3,[162,7,3900,[]]]]},{"ID":19,"WID":1,"VIS":3,"LICID":16681051,"N":"","GID":-1,"W":1,"D":4,"SPR":0,"EQ":[[6540814855,1,1,0,0,[[268,[140.0]],[277,[140.0]],[282,[90.0]]],1529,1100,0,-1,514,1],[6550510231,2,1,0,0,[[269,[10.0]],[278,[10.0]],[283,[65.0]]],1530,1100,0,-1,-1,1],[6541704034,3,1,0,0,[[268,[140.0]],[277,[140.0]],[282,[90.0]]],1528,1100,0,-1,515,1],[6545631903,4,1,0,0,[[269,[10.0]],[278,[10.0]],[283,[65.0]]],1531,1100,0,-1,516,1],[6550634189,5,1,0,0,[],1590,-1,0,-1,-1,1],[6542027289,6,1,10,0,[[270,[160.0]],[279,[50.0]],[284,[10000]]],1532,1100,0,-1,-1,1]]},{"ID":4,"WID":1,"VIS":6,"LICID":16673031,"N":"","GID":-1,"W":2,"D":5,"SPR":0,"EQ":[[6551081022,5,1,0,0,[],1590,-1,0,-1,-1,1]]},{"ID":5,"WID":1,"VIS":7,"LICID":16632819,"N":"","GID":-1,"W":1,"D":5,"SPR":0,"EQ":[[6540814859,6,1,10,0,[[270,[160.0]],[279,[50.0]],[284,[10000]]],1532,1100,0,-1,-1,1]]},{"ID":43,"WID":1,"VIS":8,"LICID":-1,"N":"","GID":-1,"W":0,"D":0,"SPR":0,"EQ":[[6550633583,5,1,0,0,[],1195,-1,0,-1,-1,1]]},{"ID":12,"WID":1,"VIS":1,"LICID":16366513,"N":"","GID":-1,"W":3,"D":3,"SPR":0,"EQ":[[6550633751,5,1,0,0,[],1195,-1,0,-1,-1,1],[6540667826,6,1,15,-1,[[10506,49,[11.1]],[10505,50,[11.3]],[10502,44,[10.4]],[30002,67,[90]],[30004,44,[696]]],-1,-1,0,-1,-1,3,[162,3,2430,[]]]]},{"ID":13,"WID":1,"VIS":2,"LICID":16366514,"N":"","GID":-1,"W":5,"D":9,"SPR":0,"EQ":[[6541064957,1,1,0,0,[[268,[175.0]],[277,[175.0]],[282,[112.0]]],1534,1101,0,-1,-1,1],[6550510380,2,1,0,0,[[269,[12.0]],[278,[12.0]],[283,[76.0]]],1535,1101,0,-1,-1,1],[6545631973,3,1,0,0,[[268,[175.0]],[277,[175.0]],[282,[112.0]]],1533,1101,0,-1,-1,1],[6545631929,4,1,0,0,[[269,[10.0]],[278,[10.0]],[283,[65.0]]],1531,1100,0,-1,-1,1],[6550444311,5,1,0,0,[],695,-1,0,-1,-1,1],[6550510302,6,1,10,0,[[270,[160.0]],[279,[50.0]],[284,[10000]]],1532,1100,0,-1,-1,1]]},{"ID":14,"WID":1,"VIS":5,"LICID":293,"N":"","GID":-1,"W":0,"D":0,"SPR":0,"EQ":[[6540430885,5,1,0,0,[],696,-1,0,-1,-1,1],[6541476091,6,1,15,-1,[[10508,80,[17.0]],[10514,92,[42.0]],[10509,82,[87.3]],[10507,92,[18.8]],[30018,86,[22.2]],[30011,83,[67.3]]],-1,-1,0,-1,-1,3,[162,7,4460,[]]]]},{"ID":15,"WID":1,"VIS":13,"LICID":-1,"N":"","GID":-1,"W":0,"D":0,"SPR":0,"EQ":[[6541064948,5,1,0,0,[],1544,-1,0,-1,-1,1],[6547137549,6,1,15,-1,[[10510,68,[18.6]],[10511,64,[39.2]],[10513,72,[34.6]],[10507,82,[17.3]],[30011,68,[60.6]],[30017,85,[22.0]]],-1,-1,0,-1,-1,3,[162,7,3860,[]]]]}],"C":[{"ID":0,"WID":2,"VIS":0,"N":"","GID":105,"L":30,"ST":2,"W":8719,"D":43,"SPR":2905,"EQ":[[6540437167,1,2,5,-1,[[4,100,[117.0]],[5,100,[77.0]],[109,100,[48.0]],[115,100,[45.0]]],-1,-1,0,-1,-1,3,[1,7,5000,[4619725,31,2,2240,[[207,50,[4.4]],[206,45,[8.2]],[208,29,[9.8]]],0]]],[6541852847,2,2,5,-1,[[1,100,[87.0]],[2,100,[87.0]],[115,100,[45.0]],[108,100,[48.0]]],-1,-1,0,-1,-1,3,[2,7,5000,[4625321,31,4,2590,[[204,39,[3.8]],[208,61,[14.9]],[206,59,[9.7]]],0]]],[6540429546,3,2,5,-1,[[3,68,[115.4]],[6,76,[75.8]],[115,80,[37.0]],[116,77,[76.6]]],-1,-1,0,-1,-1,3,[3,7,4010,[4615428,31,5,2640,[[201,51,[8.9]],[206,53,[9.1]],[208,60,[14.7]]],0]]],[6541854106,4,2,5,-1,[[7,100,[17.0]],[114,100,[28.0]],[121,100,[215,1000.0]],[110,100,[38.0]]],-1,-1,0,-1,-1,3,[4,7,5000,[4637976,31,4,2350,[[205,28,[6.4]],[207,45,[4.1]],[206,62,[10.0]]],0]]],[6553056944,5,2,0,0,[[21,[6.0]]],1071,-1,0,600104,-1,2],[6541854072,6,2,15,-1,[[512,75,[44.0]],[510,39,[22.4]],[514,37,[12.4]],[513,61,[23.3]],[20015,40,[22,36.0,23,36.0]],[20017,73,[195,16.0,196,16.0,197,16.0,198,16.0,199,16.0,200,16.0,201,16.0,202,16.0,203,16.0,204,16.0,205,16.0,206,16.0,207,16.0,208,16.0,209,16.0,210,16.0,211,16.0,212,16.0,213,16.0,214,16.0,215,16.0,216,16.0,217,16.0,218,16.0,219,16.0,220,16.0,221,16.0,222,16.0,223,16.0,224,16.0,225,16.0,226,16.0,227,16.0,228,16.0,229,16.0,230,16.0,231,16.0,232,16.0,233,16.0,234,16.0,235,16.0,236,16.0,237,16.0,238,16.0]]],-1,-1,0,-1,-1,3,[62,6,3120,[]]]]},{"ID":2,"WID":2,"VIS":1,"N":"","GID":-1,"W":8053,"D":70,"SPR":2612,"EQ":[[6540429286,1,2,5,-1,[[4,48,[114.4]],[5,44,[74.2]],[109,48,[27.2]],[117,70,[33.0]]],-1,-1,0,-1,-1,3,[1,5,3100,[4616465,32,4,2740,[[319,44,[5.0]],[314,33,[12.3]],[318,66,[13.9]],[320,31,[7.6]]],0]]],[6540429364,2,2,5,-1,[[1,54,[84.7]],[2,48,[84.4]],[114,84,[24.3]],[109,44,[25.6]]],-1,-1,0,-1,-1,3,[2,5,3300,[4616815,32,7,4170,[[314,79,[21.0]],[315,60,[9.8]],[317,88,[8.9]],[312,90,[18.4]]],0]]],[6541850043,3,2,5,-1,[[3,56,[114.8]],[6,46,[74.3]],[116,65,[67.0]],[112,52,[23.6]]],-1,-1,0,-1,-1,3,[3,5,3190,[]]],[6540429353,4,2,5,-1,[[7,38,[13.9]],[108,53,[29.2]],[111,60,[26.0]],[121,80,[215,802.0]]],-1,-1,0,-1,-1,3,[4,6,3310,[4616491,32,2,2260,[[308,33,[3.5]],[305,40,[7.7]],[302,53,[31.7]]],0]]],[6553052207,5,2,0,0,[[21,[3.0]]],1068,-1,0,253349,-1,2],[6541853860,6,2,15,-1,[[515,67,[10.7]],[508,73,[43.1]],[512,33,[25.5]],[513,49,[19.7]],[20019,50,[10.0]],[20018,100,[1.0]]],-1,-1,0,-1,-1,3,[62,6,3220,[]]]]},{"ID":3,"WID":2,"VIS":2,"N":"","GID":-1,"W":7606,"D":41,"SPR":2549,"EQ":[[6540231997,1,2,5,-1,[[4,74,[115.7]],[5,82,[76.1]],[120,71,[10.9]],[116,38,[45.4]]],-1,-1,0,-1,-1,3,[1,7,3650,[4613326,31,1,1780,[[207,30,[3.3]],[206,15,[5.1]],[205,33,[7.0]]],0]]],[6545157862,2,2,5,-1,[[1,96,[86.8]],[2,62,[85.1]],[116,62,[64.6]],[117,75,[35.0]]],-1,-1,0,-1,-1,3,[2,7,3950,[]]],[6541854999,3,2,5,-1,[[3,76,[115.8]],[6,32,[73.6]],[109,40,[24.0]],[108,47,[26.8]]],-1,-1,0,-1,-1,3,[3,5,2950,[]]],[6541451656,4,2,5,-1,[[7,68,[15.4]],[121,78,[215,782.0]],[112,68,[28.4]],[111,71,[29.3]]],-1,-1,0,-1,-1,3,[4,7,3850,[]]],[6541855976,6,2,15,-1,[[511,80,[29.0]],[514,53,[15.6]],[513,60,[23.0]],[512,62,[38.3]],[20018,100,[1.0]],[20014,45,[18,38.0,19,38.0,20,38.0,21,38.0]]],-1,-1,0,-1,-1,3,[62,7,3550,[]]]]},{"ID":6,"WID":2,"VIS":3,"N":"","GID":-1,"W":6346,"D":40,"SPR":1073,"EQ":[[6541853165,1,2,5,-1,[[4,58,[114.9]],[5,68,[75.4]],[116,44,[50.2]],[115,59,[28.6]]],-1,-1,0,-1,-1,3,[1,5,3290,[]]],[6540429375,2,2,5,-1,[[1,62,[85.1]],[2,36,[83.8]],[118,76,[11.6]],[116,30,[39.0]]],-1,-1,0,-1,-1,3,[2,6,3040,[4622007,32,7,3860,[[312,64,[14.2]],[313,81,[12.5]],[319,64,[6.8]],[317,77,[7.9]]],0]]],[6540429618,3,2,5,-1,[[3,74,[115.7]],[6,56,[74.8]],[115,75,[35.0]],[109,36,[22.4]]],-1,-1,0,-1,-1,3,[3,6,3410,[4616814,32,7,4140,[[315,75,[11.8]],[320,84,[17.1]],[316,93,[37.5]],[313,62,[10.1]]],0]]],[6543665993,4,2,5,-1,[[7,62,[15.1]],[112,76,[30.8]],[116,67,[68.6]],[121,67,[215,673.0]]],-1,-1,0,-1,-1,3,[4,7,3720,[]]],[6541854789,6,2,15,-1,[[512,35,[26.4]],[515,42,[7.5]],[508,76,[44.4]],[509,60,[30.2]],[20020,53,[18.0]],[20017,53,[195,13.0,196,13.0,197,13.0,198,13.0,199,13.0,200,13.0,201,13.0,202,13.0,203,13.0,204,13.0,205,13.0,206,13.0,207,13.0,208,13.0,209,13.0,210,13.0,211,13.0,212,13.0,213,13.0,214,13.0,215,13.0,216,13.0,217,13.0,218,13.0,219,13.0,220,13.0,221,13.0,222,13.0,223,13.0,224,13.0,225,13.0,226,13.0,227,13.0,228,13.0,229,13.0,230,13.0,231,13.0,232,13.0,233,13.0,234,13.0,235,13.0,236,13.0,237,13.0,238,13.0]]],-1,-1,0,-1,-1,3,[62,6,3130,[]]]]},{"ID":7,"WID":2,"VIS":4,"N":"","GID":-1,"W":5679,"D":21,"SPR":2352,"EQ":[[6540287192,1,2,5,-1,[[4,74,[115.7]],[5,66,[75.3]],[116,62,[64.6]],[114,85,[24.5]]],-1,-1,0,-1,-1,3,[1,7,3870,[]]],[6540944402,2,2,5,-1,[[1,62,[85.1]],[2,82,[86.1]],[108,71,[36.4]],[109,84,[41.6]]],-1,-1,0,-1,-1,3,[2,7,3990,[]]],[6541854664,3,2,5,-1,[[3,34,[113.7]],[6,62,[75.1]],[116,60,[63.0]],[111,49,[22.7]]],-1,-1,0,-1,-1,3,[3,6,3050,[]]],[6541852530,4,2,5,-1,[[7,80,[16.0]],[121,79,[215,792.0]],[117,34,[18.6]],[110,72,[29.6]]],-1,-1,0,-1,-1,3,[4,7,3650,[]]],[6541849807,6,2,15,-1,[[510,66,[32.4]],[508,72,[42.7]],[512,50,[33.0]],[513,37,[16.1]],[20015,48,[22,39.0,23,39.0]],[20018,100,[1.0]]],-1,-1,0,-1,-1,3,[62,6,3250,[]]]]},{"ID":8,"WID":2,"VIS":5,"N":"","GID":-1,"W":5442,"D":13,"SPR":2379,"EQ":[[6541855982,1,2,5,-1,[[4,32,[113.6]],[5,44,[74.2]],[112,80,[32.0]],[109,67,[34.8]]],-1,-1,0,-1,-1,3,[1,6,3230,[]]],[6540429277,2,2,5,-1,[[1,46,[84.3]],[2,54,[84.7]],[117,52,[25.8]],[118,65,[10.1]]],-1,-1,0,-1,-1,3,[2,5,3170,[]]],[6545157863,3,2,5,-1,[[3,86,[116.3]],[6,78,[75.9]],[116,70,[71.0]],[117,81,[37.4]]],-1,-1,0,-1,-1,3,[3,7,4150,[]]],[6545157864,4,2,5,-1,[[7,78,[15.9]],[115,74,[34.6]],[110,78,[31.4]],[121,76,[215,762.0]]],-1,-1,0,-1,-1,3,[4,7,4060,[]]],[6541852973,6,2,15,-1,[[515,56,[9.3]],[514,56,[16.2]],[509,61,[30.6]],[508,34,[26.0]],[20015,55,[22,42.0,23,42.0]],[20012,38,[672,35.0,664,35.0,75,35.0,76,35.0,686,35.0,687,35.0]]],-1,-1,0,-1,-1,3,[62,5,3070,[]]]]},{"ID":9,"WID":2,"VIS":6,"N":"","GID":-1,"W":5263,"D":8,"SPR":3317,"EQ":[[6544414774,1,2,5,-1,[[4,66,[115.3]],[5,64,[75.2]],[116,92,[88.6]],[113,77,[14.6]]],-1,-1,0,-1,-1,3,[1,7,3990,[]]],[6541855345,2,2,5,-1,[[1,66,[85.3]],[2,38,[83.9]],[109,52,[28.8]],[115,63,[30.2]]],-1,-1,0,-1,-1,3,[2,6,3190,[]]],[6541856051,3,2,5,-1,[[3,76,[115.8]],[6,30,[73.5]],[110,41,[20.3]],[109,37,[22.8]]],-1,-1,0,-1,-1,3,[3,4,2840,[]]],[6540429646,4,2,5,-1,[[7,88,[16.4]],[114,76,[22.5]],[110,84,[33.2]],[121,80,[215,802.0]]],-1,-1,0,-1,-1,3,[4,7,4280,[4616464,32,7,4270,[[312,82,[17.1]],[310,82,[20.9]],[311,73,[15.7]],[314,90,[23.1]]],0]]],[6541861837,6,2,15,-1,[[510,79,[37.2]],[511,53,[20.9]],[509,34,[20.6]],[513,77,[28.1]],[20016,40,[2060,22.0,2061,22.0,2062,22.0,2063,22.0,2064,22.0,2065,22.0,2066,22.0,2067,22.0,2068,22.0,148,22.0,2069,22.0,149,22.0,2070,22.0,150,22.0,151,22.0,2071,22.0,2072,22.0,2073,22.0,2074,22.0,2075,22.0,2076,22.0,2077,22.0,2078,22.0,2079,22.0,2020,22.0,2021,22.0,2022,22.0,2023,22.0,2024,22.0,2025,22.0,2026,22.0,2027,22.0,2028,22.0,2029,22.0,2030,22.0,2031,22.0,2032,22.0,2033,22.0,2034,22.0,2035,22.0,2036,22.0,2037,22.0,2038,22.0,2039,22.0]],[20018,100,[1.0]]],-1,-1,0,-1,-1,3,[62,6,3430,[]]]]},{"ID":10,"WID":2,"VIS":7,"N":"","GID":122,"L":10,"ST":0,"W":4555,"D":24,"SPR":1892,"EQ":[[6540429397,1,2,5,-1,[[4,52,[114.6]],[5,56,[74.8]],[115,66,[31.4]],[116,82,[80.6]]],-1,-1,0,-1,-1,3,[1,6,3560,[]]],[6540429463,2,2,5,-1,[[1,70,[85.5]],[2,78,[85.9]],[111,79,[31.7]],[118,75,[11.5]]],-1,-1,0,-1,-1,3,[2,7,4020,[]]],[6543665992,3,2,5,-1,[[3,98,[116.9]],[6,70,[75.5]],[109,73,[37.2]],[111,85,[33.5]]],-1,-1,0,-1,-1,3,[3,7,4260,[]]],[6541856164,4,2,5,-1,[[7,100,[17.0]],[108,100,[48.0]],[111,100,[38.0]],[121,100,[215,1000.0]]],-1,-1,0,-1,-1,3,[4,7,5000,[]]],[6541850270,6,2,15,-1,[[509,47,[25.4]],[510,70,[33.9]],[507,40,[28.6]],[511,66,[24.8]],[20013,57,[9,27.0,58,27.0,714,27.0,10,27.0,59,27.0,715,27.0]],[20018,100,[1.0]]],-1,-1,0,-1,-1,3,[62,6,3230,[]]]]},{"ID":11,"WID":2,"VIS":8,"N":"","GID":-1,"W":4233,"D":30,"SPR":1714,"EQ":[[6541852306,1,2,5,-1,[[4,38,[113.9]],[5,54,[74.7]],[113,39,[8.9]],[116,71,[71.8]]],-1,-1,0,-1,-1,3,[1,4,3020,[]]],[6543665991,2,2,5,-1,[[1,90,[86.5]],[2,82,[86.1]],[112,66,[27.8]],[108,89,[43.6]]],-1,-1,0,-1,-1,3,[2,7,4270,[]]],[6541850372,3,2,5,-1,[[3,72,[115.6]],[6,60,[75.0]],[112,45,[21.5]],[116,33,[41.4]]],-1,-1,0,-1,-1,3,[3,6,3100,[]]],[6547137547,4,2,5,-1,[[7,66,[15.3]],[112,84,[33.2]],[108,78,[39.2]],[121,71,[215,713.0]]],-1,-1,0,-1,-1,3,[4,7,3990,[]]],[6541065560,6,2,15,-1,[[506,15,[15.2]],[504,12,[10.2]],[503,56,[20.1]],[20008,52,[9,23.0,58,23.0,714,23.0,10,23.0,59,23.0,715,23.0]],[20003,50,[18,8.0,19,8.0,20,8.0,21,8.0]]],-1,-1,0,-1,-1,3,[62,2,1830,[]]]]},{"ID":16,"WID":2,"VIS":9,"N":"","GID":-1,"W":2977,"D":7,"SPR":911,"EQ":[[6541854838,1,2,5,-1,[[4,100,[117.0]],[5,100,[77.0]],[115,100,[45.0]],[116,100,[95.0]]],-1,-1,0,-1,-1,3,[1,7,5000,[]]],[6540317160,2,2,5,-1,[[1,36,[83.8]],[2,64,[85.2]],[101,34,[15.1]]],-1,-1,0,-1,-1,3,[2,4,2340,[]]],[6541798822,3,2,5,-1,[[3,68,[115.4]],[6,58,[74.9]],[101,59,[20.8]]],-1,-1,0,-1,-1,3,[3,5,2850,[]]],[6547264030,4,2,5,-1,[[7,68,[15.4]],[117,69,[32.6]],[121,82,[215,822.0]],[108,83,[41.2]]],-1,-1,0,-1,-1,3,[4,7,4020,[]]],[6541853923,6,2,15,-1,[[811,57,[22.1]],[806,49,[82.3]],[809,41,[29.0]],[812,67,[25.1]],[20017,80,[195,17.0,196,17.0,197,17.0,198,17.0,199,17.0,200,17.0,201,17.0,202,17.0,203,17.0,204,17.0,205,17.0,206,17.0,207,17.0,208,17.0,209,17.0,210,17.0,211,17.0,212,17.0,213,17.0,214,17.0,215,17.0,216,17.0,217,17.0,218,17.0,219,17.0,220,17.0,221,17.0,222,17.0,223,17.0,224,17.0,225,17.0,226,17.0,227,17.0,228,17.0,229,17.0,230,17.0,231,17.0,232,17.0,233,17.0,234,17.0,235,17.0,236,17.0,237,17.0,238,17.0]],[20015,68,[22,47.0,23,47.0]]],-1,-1,0,-1,-1,3,[65,5,3140,[]]]]},{"ID":17,"WID":2,"VIS":10,"N":"","GID":-1,"W":2621,"D":3,"SPR":1056,"EQ":[[6540429730,1,2,5,-1,[[4,64,[115.2]],[5,34,[73.7]],[108,40,[24.0]],[113,68,[13.2]]],-1,-1,0,-1,-1,3,[1,6,3060,[]]],[6547137542,2,2,5,-1,[[1,68,[85.4]],[2,68,[85.4]],[110,87,[34.1]],[109,83,[41.2]]],-1,-1,0,-1,-1,3,[2,7,4060,[]]],[6547266537,3,2,5,-1,[[3,80,[116.0]],[6,92,[76.6]],[108,82,[40.8]],[116,82,[80.6]]],-1,-1,0,-1,-1,3,[3,7,4360,[]]],[6547266633,4,2,5,-1,[[7,86,[16.3]],[121,85,[215,852.0]],[117,88,[40.2]],[110,96,[36.8]]],-1,-1,0,-1,-1,3,[4,7,4550,[]]],[6540429474,6,2,15,-1,[[811,35,[15.5]],[815,36,[18.8]],[806,57,[83.6]],[813,73,[35.0]],[20014,33,[18,33.0,19,33.0,20,33.0,21,33.0]],[20017,80,[195,17.0,196,17.0,197,17.0,198,17.0,199,17.0,200,17.0,201,17.0,202,17.0,203,17.0,204,17.0,205,17.0,206,17.0,207,17.0,208,17.0,209,17.0,210,17.0,211,17.0,212,17.0,213,17.0,214,17.0,215,17.0,216,17.0,217,17.0,218,17.0,219,17.0,220,17.0,221,17.0,222,17.0,223,17.0,224,17.0,225,17.0,226,17.0,227,17.0,228,17.0,229,17.0,230,17.0,231,17.0,232,17.0,233,17.0,234,17.0,235,17.0,236,17.0,237,17.0,238,17.0]]],-1,-1,0,-1,-1,3,[65,4,3010,[]]]]},{"ID":18,"WID":2,"VIS":11,"N":"","GID":-1,"W":2409,"D":4,"SPR":340,"EQ":[[6544805516,1,2,5,-1,[[4,66,[115.3]],[5,76,[75.8]],[110,75,[30.5]],[116,80,[79.0]]],-1,-1,0,-1,-1,3,[1,7,3970,[]]],[6552046027,2,2,5,-1,[[1,66,[85.3]],[2,72,[85.6]],[116,72,[72.6]],[114,60,[18.8]]],-1,-1,0,-1,-1,3,[2,7,3700,[]]],[6549477899,3,2,5,-1,[[3,64,[115.2]],[6,96,[76.8]],[117,73,[34.2]],[108,66,[34.4]]],-1,-1,0,-1,-1,3,[3,7,3990,[]]],[6552046029,4,2,5,-1,[[7,64,[15.2]],[117,80,[37.0]],[121,82,[215,822.0]],[114,65,[20.0]]],-1,-1,0,-1,-1,3,[4,7,3910,[]]],[6540429944,6,2,15,-1,[[515,51,[8.6]],[513,37,[16.1]],[508,54,[34.8]],[511,38,[16.4]],[20013,80,[9,34.0,58,34.0,714,34.0,10,34.0,59,34.0,715,34.0]],[20020,44,[16.6]]],-1,-1,0,-1,-1,3,[62,2,2800,[]]]]},{"ID":20,"WID":2,"VIS":12,"N":"","GID":-1,"W":2308,"D":5,"SPR":341,"EQ":[[6552046026,1,2,5,-1,[[4,76,[115.8]],[5,62,[75.1]],[114,88,[25.2]],[116,92,[88.6]]],-1,-1,0,-1,-1,3,[1,7,4180,[]]],[6546154240,2,2,5,-1,[[1,86,[86.3]],[2,88,[86.4]],[109,68,[35.2]],[115,60,[29.0]]],-1,-1,0,-1,-1,3,[2,7,4020,[]]],[6541860541,3,2,5,-1,[[3,56,[114.8]],[6,46,[74.3]],[115,74,[34.6]],[108,58,[31.2]]],-1,-1,0,-1,-1,3,[3,5,3340,[]]],[6549477900,4,2,5,-1,[[7,86,[16.3]],[121,77,[215,772.0]],[117,65,[31.0]],[113,90,[16.5]]],-1,-1,0,-1,-1,3,[4,7,4180,[]]],[6540429256,6,2,15,-1,[[509,57,[29.1]],[510,69,[33.5]],[514,61,[17.2]],[513,46,[18.8]],[20013,37,[9,21.0,58,21.0,714,21.0,10,21.0,59,21.0,715,21.0]],[20015,43,[22,37.0,23,37.0]]],-1,-1,0,-1,-1,3,[62,6,3330,[]]]]},{"ID":21,"WID":2,"VIS":13,"N":"","GID":-1,"W":2192,"D":4,"SPR":253,"EQ":[[6547137540,1,2,5,-1,[[4,86,[116.3]],[5,78,[75.9]],[116,78,[77.4]],[110,89,[34.7]]],-1,-1,0,-1,-1,3,[1,7,4310,[]]],[6551326724,2,2,5,-1,[[1,86,[86.3]],[2,72,[85.6]],[111,73,[29.9]],[108,60,[32.0]]],-1,-1,0,-1,-1,3,[2,7,3910,[]]],[6546798437,3,2,5,-1,[[3,62,[115.1]],[6,66,[75.3]],[112,68,[28.4]],[116,64,[66.2]]],-1,-1,0,-1,-1,3,[3,7,3600,[]]],[6540429766,4,2,5,-1,[[7,44,[14.2]],[121,50,[215,505.0]],[110,44,[21.2]],[111,62,[26.6]]],-1,-1,0,-1,-1,3,[4,5,3000,[4619098,32,1,1940,[[302,24,[21.1]],[304,39,[3.8]],[306,31,[6.8]]],0]]],[6541853188,6,2,15,-1,[[510,38,[22.1]],[508,56,[35.6]],[509,36,[21.3]],[515,62,[10.1]],[20016,70,[2060,31.0,2061,31.0,2062,31.0,2063,31.0,2064,31.0,2065,31.0,2066,31.0,2067,31.0,2068,31.0,148,31.0,2069,31.0,149,31.0,2070,31.0,150,31.0,151,31.0,2071,31.0,2072,31.0,2073,31.0,2074,31.0,2075,31.0,2076,31.0,2077,31.0,2078,31.0,2079,31.0,2020,31.0,2021,31.0,2022,31.0,2023,31.0,2024,31.0,2025,31.0,2026,31.0,2027,31.0,2028,31.0,2029,31.0,2030,31.0,2031,31.0,2032,31.0,2033,31.0,2034,31.0,2035,31.0,2036,31.0,2037,31.0,2038,31.0,2039,31.0]],[20013,77,[9,33.0,58,33.0,714,33.0,10,33.0,59,33.0,715,33.0]]],-1,-1,0,-1,-1,3,[62,4,2920,[]]]]},{"ID":22,"WID":2,"VIS":14,"N":"","GID":-1,"W":2017,"D":3,"SPR":256,"EQ":[[6540430034,1,2,5,-1,[[4,38,[113.9]],[5,46,[74.3]],[115,41,[21.4]],[112,44,[21.2]]],-1,-1,0,-1,-1,3,[1,3,2690,[]]],[6540171841,2,2,5,-1,[[1,68,[85.4]],[2,42,[84.1]],[103,21,[7.3]]],-1,-1,0,-1,-1,3,[2,4,2310,[]]],[6540667835,3,2,5,-1,[[3,12,[112.6]],[6,26,[73.3]],[101,41,[16.7]]],-1,-1,0,-1,-1,3,[3,2,1790,[]]],[6541852670,4,2,5,-1,[[7,46,[14.3]],[114,51,[16.7]],[110,49,[22.7]],[121,49,[215,495.0]]],-1,-1,0,-1,-1,3,[4,3,2950,[]]],[6541852040,6,2,15,-1,[[512,38,[27.7]],[510,46,[25.0]],[507,35,[26.4]],[511,51,[20.3]],[20020,43,[16.5]],[20019,42,[9.2]]],-1,-1,0,-1,-1,3,[62,2,2700,[]]]]},{"ID":23,"WID":2,"VIS":15,"N":"","GID":-1,"W":1963,"D":1,"SPR":803,"EQ":[[6540429987,1,2,5,-1,[[4,80,[116.0]],[5,54,[74.7]],[111,55,[24.5]],[110,32,[17.6]]],-1,-1,0,-1,-1,3,[1,5,3210,[]]],[6540436616,2,2,5,-1,[[1,44,[84.2]],[2,56,[84.8]],[106,62,[4.3]]],-1,-1,0,-1,-1,3,[2,5,2620,[]]],[6540732877,3,2,5,-1,[[3,48,[114.4]],[6,22,[73.1]],[101,38,[16.0]]],-1,-1,0,-1,-1,3,[3,2,2080,[]]],[6540429502,4,2,5,-1,[[7,68,[15.4]],[117,46,[23.4]],[110,63,[26.9]],[113,36,[8.4]]],-1,-1,0,-1,-1,3,[4,6,3130,[]]],[6541850253,6,2,15,-1,[[511,37,[16.1]],[513,43,[17.9]],[514,41,[13.2]],[512,75,[44.0]],[20014,40,[18,36.0,19,36.0,20,36.0,21,36.0]],[20017,67,[195,15.0,196,15.0,197,15.0,198,15.0,199,15.0,200,15.0,201,15.0,202,15.0,203,15.0,204,15.0,205,15.0,206,15.0,207,15.0,208,15.0,209,15.0,210,15.0,211,15.0,212,15.0,213,15.0,214,15.0,215,15.0,216,15.0,217,15.0,218,15.0,219,15.0,220,15.0,221,15.0,222,15.0,223,15.0,224,15.0,225,15.0,226,15.0,227,15.0,228,15.0,229,15.0,230,15.0,231,15.0,232,15.0,233,15.0,234,15.0,235,15.0,236,15.0,237,15.0,238,15.0]]],-1,-1,0,-1,-1,3,[62,5,2960,[]]]]},{"ID":24,"WID":2,"VIS":16,"N":"","GID":-1,"W":1883,"D":1,"SPR":765,"EQ":[[6540429538,1,2,5,-1,[[4,66,[115.3]],[5,64,[75.2]],[108,62,[32.8]],[111,60,[26.0]]],-1,-1,0,-1,-1,3,[1,7,3520,[]]],[6540514444,2,2,5,-1,[[1,56,[84.8]],[2,40,[84.0]],[105,44,[10.4]]],-1,-1,0,-1,-1,3,[2,3,2400,[]]],[6540757649,3,2,5,-1,[[3,66,[115.3]],[6,12,[72.6]],[107,54,[11.8]]],-1,-1,0,-1,-1,3,[3,4,2320,[]]],[6540427110,4,2,5,-1,[[7,46,[14.3]],[107,48,[11.0]],[101,21,[12.2]]],-1,-1,0,-1,-1,3,[4,2,2150,[]]],[6540317183,6,2,15,-1,[[502,60,[29.4]],[503,6,[8.9]],[506,61,[29.7]],[20001,13,[672,5.0,664,5.0,75,5.0,76,5.0,686,5.0,687,5.0]],[20003,25,[18,6.0,19,6.0,20,6.0,21,6.0]]],-1,-1,0,-1,-1,3,[62,6,2270,[]]]]},{"ID":25,"WID":2,"VIS":17,"N":"","GID":-1,"W":1834,"D":2,"SPR":755,"EQ":[[6540667839,1,2,5,-1,[[4,56,[114.8]],[5,48,[74.4]],[102,63,[21.7]]],-1,-1,0,-1,-1,3,[1,5,2670,[]]],[6540831882,2,2,5,-1,[[1,18,[82.9]],[2,38,[83.9]],[103,60,[12.6]]],-1,-1,0,-1,-1,3,[2,4,2160,[]]],[6540832449,3,2,5,-1,[[3,58,[114.9]],[6,34,[73.7]],[102,23,[12.7]]],-1,-1,0,-1,-1,3,[3,2,2150,[]]],[6540430478,4,2,5,-1,[[7,52,[14.6]],[108,56,[30.4]],[117,65,[31.0]],[112,30,[17.0]]],-1,-1,0,-1,-1,3,[4,5,3030,[]]],[6542033622,6,2,15,-1,[[501,63,[30.3]],[502,59,[29.1]],[503,42,[17.0]],[20007,33,[672,18.0,664,18.0,75,18.0,76,18.0,686,18.0,687,18.0]],[20002,25,[9,6.0,58,6.0,714,6.0,10,6.0,59,6.0,715,6.0]]],-1,-1,0,-1,-1,3,[62,5,2640,[]]]]},{"ID":26,"WID":2,"VIS":18,"N":"","GID":-1,"W":1828,"D":1,"SPR":776,"EQ":[[6540429701,1,2,5,-1,[[4,58,[114.9]],[5,72,[75.6]],[112,32,[17.6]],[113,53,[10.9]]],-1,-1,0,-1,-1,3,[1,5,3150,[]]],[6540287193,2,2,5,-1,[[1,86,[86.3]],[2,76,[85.8]],[117,92,[41.8]],[112,83,[32.9]]],-1,-1,0,-1,-1,3,[2,7,4370,[4615014,32,7,3910,[[311,82,[17.1]],[318,69,[14.4]],[315,61,[9.9]],[310,79,[20.2]]],0]]],[6540908054,3,2,5,-1,[[3,28,[113.4]],[6,66,[75.3]],[101,56,[20.1]]],-1,-1,0,-1,-1,3,[3,4,2500,[]]],[6540259108,4,2,5,-1,[[7,56,[14.8]],[103,33,[9.0]],[104,24,[7.7]]],-1,-1,0,-1,-1,3,[4,2,2130,[]]],[6540430642,6,2,15,-1,[[509,49,[26.1]],[507,40,[28.6]],[508,76,[44.4]],[510,31,[19.5]],[20017,60,[195,14.0,196,14.0,197,14.0,198,14.0,199,14.0,200,14.0,201,14.0,202,14.0,203,14.0,204,14.0,205,14.0,206,14.0,207,14.0,208,14.0,209,14.0,210,14.0,211,14.0,212,14.0,213,14.0,214,14.0,215,14.0,216,14.0,217,14.0,218,14.0,219,14.0,220,14.0,221,14.0,222,14.0,223,14.0,224,14.0,225,14.0,226,14.0,227,14.0,228,14.0,229,14.0,230,14.0,231,14.0,232,14.0,233,14.0,234,14.0,235,14.0,236,14.0,237,14.0,238,14.0]],[20013,53,[9,26.0,58,26.0,714,26.0,10,26.0,59,26.0,715,26.0]]],-1,-1,0,-1,-1,3,[62,5,2960,[]]]]},{"ID":27,"WID":2,"VIS":19,"N":"","GID":-1,"W":1762,"D":1,"SPR":736,"EQ":[[6540429266,1,2,5,-1,[[4,66,[115.3]],[5,52,[74.6]],[112,56,[24.8]],[114,34,[12.8]]],-1,-1,0,-1,-1,3,[1,5,3080,[]]],[6541113413,2,2,5,-1,[[1,40,[84.0]],[2,66,[85.3]],[104,63,[13.0]]],-1,-1,0,-1,-1,3,[2,6,2690,[]]],[6540944403,3,2,5,-1,[[3,66,[115.3]],[6,80,[76.0]],[116,63,[65.4]],[115,78,[36.2]]],-1,-1,0,-1,-1,3,[3,7,3870,[]]],[6540944404,4,2,5,-1,[[7,82,[16.1]],[108,63,[33.2]],[117,66,[31.4]],[109,76,[38.4]]],-1,-1,0,-1,-1,3,[4,7,3870,[]]],[6540379898,6,2,15,-1,[[505,20,[7.2]],[504,45,[17.6]],[506,28,[19.3]],[20008,63,[9,26.0,58,26.0,714,26.0,10,26.0,59,26.0,715,26.0]],[20006,41,[620,67.0]]],-1,-1,0,-1,-1,3,[62,2,1930,[]]]]},{"ID":28,"WID":2,"VIS":20,"N":"","GID":-1,"W":1707,"D":1,"SPR":729,"EQ":[[6540429223,1,2,5,-1,[[4,58,[114.9]],[5,46,[74.3]],[117,40,[21.0]],[110,75,[30.5]]],-1,-1,0,-1,-1,3,[1,5,3190,[]]],[6540732874,2,2,5,-1,[[1,26,[83.3]],[2,18,[82.9]],[101,44,[17.4]]],-1,-1,0,-1,-1,3,[2,2,1880,[]]],[6540816235,3,2,5,-1,[[3,44,[114.2]],[6,64,[75.2]],[102,17,[11.3]]],-1,-1,0,-1,-1,3,[3,4,2250,[]]],[6540231928,4,2,5,-1,[[7,54,[14.7]],[117,54,[26.6]],[114,55,[17.6]],[110,20,[14.0]]],-1,-1,0,-1,-1,3,[4,3,2830,[]]],[6541855260,6,2,15,-1,[[507,46,[31.2]],[514,32,[11.4]],[510,45,[24.6]],[511,44,[18.2]],[20014,43,[18,37.0,19,37.0,20,37.0,21,37.0]],[20015,33,[22,33.0,23,33.0]]],-1,-1,0,-1,-1,3,[62,3,2670,[]]]]},{"ID":29,"WID":2,"VIS":21,"N":"","GID":-1,"W":1701,"D":1,"SPR":726,"EQ":[[6540667822,1,2,5,-1,[[4,68,[115.4]],[5,32,[73.6]],[103,58,[12.3]]],-1,-1,0,-1,-1,3,[1,4,2580,[]]],[6540715481,2,2,5,-1,[[1,42,[84.1]],[2,42,[84.1]],[101,33,[14.9]]],-1,-1,0,-1,-1,3,[2,2,2170,[]]],[6540785901,3,2,5,-1,[[3,68,[115.4]],[6,22,[73.1]],[106,53,[3.9]]],-1,-1,0,-1,-1,3,[3,4,2430,[]]],[6540667865,4,2,5,-1,[[7,68,[15.4]],[104,53,[11.7]],[105,79,[15.2]]],-1,-1,0,-1,-1,3,[4,6,3000,[]]],[6540667828,6,2,15,-1,[[503,61,[21.2]],[505,38,[9.6]],[506,6,[12.4]],[20011,48,[2060,22.0,2061,22.0,2062,22.0,2063,22.0,2064,22.0,2065,22.0,2066,22.0,2067,22.0,2068,22.0,148,22.0,2069,22.0,149,22.0,2070,22.0,150,22.0,151,22.0,2071,22.0,2072,22.0,2073,22.0,2074,22.0,2075,22.0,2076,22.0,2077,22.0,2078,22.0,2079,22.0,2020,22.0,2021,22.0,2022,22.0,2023,22.0,2024,22.0,2025,22.0,2026,22.0,2027,22.0,2028,22.0,2029,22.0,2030,22.0,2031,22.0,2032,22.0,2033,22.0,2034,22.0,2035,22.0,2036,22.0,2037,22.0,2038,22.0,2039,22.0]],[20007,59,[672,25.0,664,25.0,75,25.0,76,25.0,686,25.0,687,25.0]]],-1,-1,0,-1,-1,3,[62,4,2050,[]]]]},{"ID":30,"WID":2,"VIS":22,"N":"","GID":-1,"W":1669,"D":1,"SPR":723,"EQ":[[6540742130,1,2,5,-1,[[4,18,[112.9]],[5,30,[73.5]],[101,31,[14.5]]],-1,-1,0,-1,-1,3,[1,1,1790,[]]],[6540758051,2,2,5,-1,[[1,82,[86.1]],[2,80,[86.0]],[103,76,[14.8]]],-1,-1,0,-1,-1,3,[2,7,3380,[]]],[6540758058,3,2,5,-1,[[3,74,[115.7]],[6,70,[75.5]],[101,73,[23.9]]],-1,-1,0,-1,-1,3,[3,7,3170,[]]],[6540757659,4,2,5,-1,[[7,32,[13.6]],[103,61,[12.7]],[102,54,[19.6]]],-1,-1,0,-1,-1,3,[4,4,2470,[]]],[6540757656,6,2,15,-1,[[607,67,[13.5]],[602,62,[30.0]],[604,24,[7.7]],[20001,50,[672,8.0,664,8.0,75,8.0,76,8.0,686,8.0,687,8.0]],[20005,50,[2060,8.0,2061,8.0,2062,8.0,2063,8.0,2064,8.0,2065,8.0,2066,8.0,2067,8.0,2068,8.0,148,8.0,2069,8.0,149,8.0,2070,8.0,150,8.0,151,8.0,2071,8.0,2072,8.0,2073,8.0,2074,8.0,2075,8.0,2076,8.0,2077,8.0,2078,8.0,2079,8.0,2020,8.0,2021,8.0,2022,8.0,2023,8.0,2024,8.0,2025,8.0,2026,8.0,2027,8.0,2028,8.0,2029,8.0,2030,8.0,2031,8.0,2032,8.0,2033,8.0,2034,8.0,2035,8.0,2036,8.0,2037,8.0,2038,8.0,2039,8.0]]],-1,-1,0,-1,-1,3,[63,6,2530,[]]]]},{"ID":31,"WID":2,"VIS":23,"N":"","GID":-1,"W":1587,"D":1,"SPR":714,"EQ":[[6549477897,1,2,5,-1,[[4,62,[115.1]],[5,78,[75.9]],[116,81,[79.8]],[108,87,[42.8]]],-1,-1,0,-1,-1,3,[1,7,4080,[]]],[6549477898,2,2,5,-1,[[1,72,[85.6]],[2,66,[85.3]],[114,60,[18.8]],[116,76,[75.8]]],-1,-1,0,-1,-1,3,[2,7,3740,[]]],[6541160909,3,2,5,-1,[[3,56,[114.8]],[6,30,[73.5]],[103,66,[13.4]]],-1,-1,0,-1,-1,3,[3,4,2520,[]]],[6540757521,4,2,5,-1,[[7,38,[13.9]],[101,67,[22.6]],[102,38,[16.0]]],-1,-1,0,-1,-1,3,[4,4,2430,[]]],[6540379911,6,2,15,-1,[[501,40,[23.1]],[503,51,[19.0]],[502,19,[16.5]],[20005,50,[2060,8.0,2061,8.0,2062,8.0,2063,8.0,2064,8.0,2065,8.0,2066,8.0,2067,8.0,2068,8.0,148,8.0,2069,8.0,149,8.0,2070,8.0,150,8.0,151,8.0,2071,8.0,2072,8.0,2073,8.0,2074,8.0,2075,8.0,2076,8.0,2077,8.0,2078,8.0,2079,8.0,2020,8.0,2021,8.0,2022,8.0,2023,8.0,2024,8.0,2025,8.0,2026,8.0,2027,8.0,2028,8.0,2029,8.0,2030,8.0,2031,8.0,2032,8.0,2033,8.0,2034,8.0,2035,8.0,2036,8.0,2037,8.0,2038,8.0,2039,8.0]],[20001,63,[672,9.0,664,9.0,75,9.0,76,9.0,686,9.0,687,9.0]]],-1,-1,0,-1,-1,3,[62,2,2100,[]]]]},{"ID":32,"WID":2,"VIS":24,"N":"","GID":-1,"W":1494,"D":1,"SPR":759,"EQ":[[6541381840,1,2,5,-1,[[4,24,[113.2]],[5,60,[75.0]],[103,41,[10.0]]],-1,-1,0,-1,-1,3,[1,4,2250,[]]],[6541853006,2,2,5,-1,[[1,60,[85.0]],[2,72,[85.6]],[117,60,[29.0]],[111,38,[19.4]]],-1,-1,0,-1,-1,3,[2,7,3300,[]]],[6541854134,3,2,5,-1,[[3,100,[117.0]],[6,100,[77.0]],[114,100,[28.0]],[111,100,[38.0]]],-1,-1,0,-1,-1,3,[3,7,5000,[]]],[6541856084,4,2,5,-1,[[7,100,[17.0]],[117,100,[45.0]],[113,100,[18.0]],[111,100,[38.0]]],-1,-1,0,-1,-1,3,[4,7,5000,[]]],[6541856145,6,2,15,-1,[[811,50,[20.0]],[810,33,[25.5]],[809,64,[39.2]],[812,30,[14.0]],[20012,60,[672,44.0,664,44.0,75,44.0,76,44.0,686,44.0,687,44.0]],[20016,67,[2060,30.0,2061,30.0,2062,30.0,2063,30.0,2064,30.0,2065,30.0,2066,30.0,2067,30.0,2068,30.0,148,30.0,2069,30.0,149,30.0,2070,30.0,150,30.0,151,30.0,2071,30.0,2072,30.0,2073,30.0,2074,30.0,2075,30.0,2076,30.0,2077,30.0,2078,30.0,2079,30.0,2020,30.0,2021,30.0,2022,30.0,2023,30.0,2024,30.0,2025,30.0,2026,30.0,2027,30.0,2028,30.0,2029,30.0,2030,30.0,2031,30.0,2032,30.0,2033,30.0,2034,30.0,2035,30.0,2036,30.0,2037,30.0,2038,30.0,2039,30.0]]],-1,-1,0,-1,-1,3,[65,4,2770,[]]]]},{"ID":33,"WID":2,"VIS":25,"N":"","GID":-1,"W":1377,"D":0,"SPR":1377,"EQ":[[6547263832,1,2,5,-1,[[4,60,[115.0]],[5,56,[74.8]],[116,88,[85.4]],[109,87,[42.8]]],-1,-1,0,-1,-1,3,[1,7,3910,[]]],[6550277038,2,2,5,-1,[[1,72,[85.6]],[2,64,[85.2]],[109,60,[32.0]],[118,65,[10.1]]],-1,-1,0,-1,-1,3,[2,7,3610,[]]],[6541451655,3,2,5,-1,[[3,78,[115.9]],[6,68,[75.4]],[114,81,[23.6]],[119,75,[11.5]]],-1,-1,0,-1,-1,3,[3,7,4020,[]]],[6550277040,4,2,5,-1,[[7,68,[15.4]],[116,87,[84.6]],[113,64,[12.6]],[111,60,[26.0]]],-1,-1,0,-1,-1,3,[4,7,3790,[]]],[6541051709,6,2,15,-1,[[602,47,[25.3]],[606,69,[23.0]],[601,23,[48.2]],[20007,7,[672,11.0,664,11.0,75,11.0,76,11.0,686,11.0,687,11.0]],[20005,63,[2060,9.0,2061,9.0,2062,9.0,2063,9.0,2064,9.0,2065,9.0,2066,9.0,2067,9.0,2068,9.0,148,9.0,2069,9.0,149,9.0,2070,9.0,150,9.0,151,9.0,2071,9.0,2072,9.0,2073,9.0,2074,9.0,2075,9.0,2076,9.0,2077,9.0,2078,9.0,2079,9.0,2020,9.0,2021,9.0,2022,9.0,2023,9.0,2024,9.0,2025,9.0,2026,9.0,2027,9.0,2028,9.0,2029,9.0,2030,9.0,2031,9.0,2032,9.0,2033,9.0,2034,9.0,2035,9.0,2036,9.0,2037,9.0,2038,9.0,2039,9.0]]],-1,-1,0,-1,-1,3,[63,4,2390,[]]]]},{"ID":34,"WID":2,"VIS":26,"N":"","GID":-1,"W":1336,"D":1,"SPR":850,"EQ":[[6540944401,1,2,5,-1,[[4,82,[116.1]],[5,62,[75.1]],[117,81,[37.4]],[114,87,[25.0]]],-1,-1,0,-1,-1,3,[1,7,4120,[]]],[6541809059,2,2,5,-1,[[1,66,[85.3]],[2,66,[85.3]],[110,73,[29.9]],[117,60,[29.0]]],-1,-1,0,-1,-1,3,[2,7,3650,[]]],[6544805518,3,2,5,-1,[[3,66,[115.3]],[6,68,[75.4]],[119,69,[10.7]],[111,71,[29.3]]],-1,-1,0,-1,-1,3,[3,7,3740,[]]],[6547263482,4,2,5,-1,[[7,72,[15.6]],[116,47,[52.6]],[110,66,[27.8]],[108,62,[32.8]]],-1,-1,0,-1,-1,3,[4,7,3470,[]]],[6541855971,6,2,15,-1,[[806,64,[84.6]],[809,60,[37.4]],[816,58,[15.3]],[812,64,[24.2]],[20020,50,[17.5]],[20013,67,[9,30.0,58,30.0,714,30.0,10,30.0,59,30.0,715,30.0]]],-1,-1,0,-1,-1,3,[65,7,3460,[]]]]},{"ID":35,"WID":2,"VIS":27,"N":"","GID":127,"L":10,"ST":0,"W":1330,"D":1,"SPR":383,"EQ":[[6545157861,1,2,5,-1,[[4,70,[115.5]],[5,94,[76.7]],[117,87,[39.8]],[114,93,[26.4]]],-1,-1,0,-1,-1,3,[1,7,4440,[]]],[6541451654,2,2,5,-1,[[1,72,[85.6]],[2,74,[85.7]],[117,65,[31.0]],[108,67,[34.8]]],-1,-1,0,-1,-1,3,[2,7,3780,[]]],[6550277039,3,2,5,-1,[[3,64,[115.2]],[6,76,[75.8]],[117,69,[32.6]],[115,68,[32.2]]],-1,-1,0,-1,-1,3,[3,7,3770,[]]],[6540429950,4,2,5,-1,[[7,66,[15.3]],[116,77,[76.6]],[112,47,[22.1]],[111,75,[30.5]]],-1,-1,0,-1,-1,3,[4,7,3650,[]]],[6541853219,6,2,15,-1,[[813,63,[31.3]],[812,30,[14.0]],[807,74,[19.8]],[809,39,[28.2]],[20012,50,[672,40.0,664,40.0,75,40.0,76,40.0,686,40.0,687,40.0]],[20017,53,[195,13.0,196,13.0,197,13.0,198,13.0,199,13.0,200,13.0,201,13.0,202,13.0,203,13.0,204,13.0,205,13.0,206,13.0,207,13.0,208,13.0,209,13.0,210,13.0,211,13.0,212,13.0,213,13.0,214,13.0,215,13.0,216,13.0,217,13.0,218,13.0,219,13.0,220,13.0,221,13.0,222,13.0,223,13.0,224,13.0,225,13.0,226,13.0,227,13.0,228,13.0,229,13.0,230,13.0,231,13.0,232,13.0,233,13.0,234,13.0,235,13.0,236,13.0,237,13.0,238,13.0]]],-1,-1,0,-1,-1,3,[65,6,3060,[]]]]},{"ID":36,"WID":2,"VIS":28,"N":"","GID":102,"L":40,"ST":3,"W":936,"D":3,"SPR":276,"EQ":[[6541855886,1,2,5,-1,[[4,100,[117.0]],[5,100,[77.0]],[120,100,[15.0]],[110,100,[38.0]]],-1,-1,0,-1,-1,3,[1,7,5000,[]]],[6544805517,2,2,5,-1,[[1,68,[85.4]],[2,70,[85.5]],[115,75,[35.0]],[108,77,[38.8]]],-1,-1,0,-1,-1,3,[2,7,3900,[]]],[6541809060,3,2,5,-1,[[3,60,[115.0]],[6,66,[75.3]],[112,80,[32.0]],[111,67,[28.1]]],-1,-1,0,-1,-1,3,[3,7,3730,[]]],[6546798438,4,2,5,-1,[[7,90,[16.5]],[115,74,[34.6]],[114,81,[23.6]],[110,62,[26.6]]],-1,-1,0,-1,-1,3,[4,7,4070,[]]],[6541854288,6,2,15,-1,[[813,53,[27.6]],[810,67,[40.5]],[808,71,[42.2]],[809,30,[24.2]],[20013,40,[9,22.0,58,22.0,714,22.0,10,22.0,59,22.0,715,22.0]],[20019,45,[9.5]]],-1,-1,0,-1,-1,3,[65,6,3210,[]]]]},{"ID":37,"WID":2,"VIS":29,"N":"","GID":-1,"W":980,"D":9,"SPR":285,"EQ":[[6540460262,1,2,5,-1,[[4,72,[115.6]],[5,70,[75.5]],[108,60,[32.0]],[111,83,[32.9]]],-1,-1,0,-1,-1,3,[1,7,3850,[4616468,32,7,5000,[[311,100,[20.0]],[320,100,[20.0]],[317,100,[10.0]],[309,100,[25.0]]],0]]],[6544414775,2,2,5,-1,[[1,78,[85.9]],[2,78,[85.9]],[115,81,[37.4]],[117,70,[33.0]]],-1,-1,0,-1,-1,3,[2,7,4070,[]]],[6541852381,3,2,5,-1,[[3,84,[116.2]],[6,80,[76.0]],[114,87,[25.0]],[117,83,[38.2]]],-1,-1,0,-1,-1,3,[3,7,4340,[]]],[6541850138,4,2,5,-1,[[7,78,[15.9]],[110,78,[31.4]],[109,76,[38.4]],[113,60,[12.0]]],-1,-1,0,-1,-1,3,[4,7,3920,[]]],[6550043234,5,2,0,0,[[21,[6.0]]],1583,-1,0,1471749,-1,2],[6540430038,6,2,15,-1,[[814,54,[28.0]],[812,74,[27.2]],[810,55,[35.2]],[815,73,[33.9]],[20015,35,[22,34.0,23,34.0]],[20018,100,[1.0]]],-1,-1,0,-1,-1,3,[65,6,3560,[]]]]},{"ID":38,"WID":2,"VIS":30,"N":"pvp","GID":-1,"W":761,"D":0,"SPR":761,"EQ":[[6541849855,1,2,5,-1,[[4,52,[114.6]],[5,80,[76.0]],[116,70,[71.0]],[114,82,[23.9]]],-1,-1,0,-1,-1,3,[1,7,3840,[4642480,32,4,2320,[[301,40,[7.7]],[302,30,[23.3]],[307,62,[5.0]]],0]]],[6541861783,2,2,5,-1,[[1,100,[87.0]],[2,100,[87.0]],[115,100,[45.0]],[110,100,[38.0]]],-1,-1,0,-1,-1,3,[2,7,5000,[4634587,32,7,3900,[[312,68,[14.9]],[317,72,[7.5]],[314,77,[20.6]],[318,73,[15.1]]],0]]],[6541853086,3,2,5,-1,[[3,46,[114.3]],[6,72,[75.6]],[111,40,[20.0]],[109,34,[21.6]]],-1,-1,0,-1,-1,3,[3,5,2920,[4641693,32,4,2290,[[305,60,[9.8]],[306,49,[8.6]],[304,20,[2.8]]],0]]],[6541850299,4,2,5,-1,[[7,86,[16.3]],[117,62,[29.8]],[108,69,[35.6]],[109,51,[28.4]]],-1,-1,0,-1,-1,3,[4,7,3680,[4640826,32,7,3840,[[313,63,[10.2]],[315,90,[13.7]],[312,67,[14.7]],[316,64,[27.4]]],0]]],[6540437233,6,2,15,-1,[[815,100,[45.0]],[812,100,[35.0]],[806,100,[90.0]],[814,100,[45.0]],[20015,100,[22,60.0,23,60.0]],[20017,100,[195,20.0,196,20.0,197,20.0,198,20.0,199,20.0,200,20.0,201,20.0,202,20.0,203,20.0,204,20.0,205,20.0,206,20.0,207,20.0,208,20.0,209,20.0,210,20.0,211,20.0,212,20.0,213,20.0,214,20.0,215,20.0,216,20.0,217,20.0,218,20.0,219,20.0,220,20.0,221,20.0,222,20.0,223,20.0,224,20.0,225,20.0,226,20.0,227,20.0,228,20.0,229,20.0,230,20.0,231,20.0,232,20.0,233,20.0,234,20.0,235,20.0,236,20.0,237,20.0,238,20.0]]],-1,-1,0,-1,-1,3,[65,7,5000,[]]]]},{"ID":39,"WID":2,"VIS":31,"N":"pvp","GID":103,"L":20,"ST":1,"W":775,"D":0,"SPR":775,"EQ":[[6541856156,1,2,5,-1,[[4,100,[117.0]],[5,100,[77.0]],[109,100,[48.0]],[115,100,[45.0]]],-1,-1,0,-1,-1,3,[1,7,5000,[4632112,32,7,4030,[[315,61,[9.9]],[316,81,[33.3]],[318,87,[17.7]],[312,74,[15.8]]],0]]],[6541849759,2,2,5,-1,[[1,46,[84.3]],[2,34,[83.7]],[117,62,[29.8]],[116,59,[62.2]]],-1,-1,0,-1,-1,3,[2,5,3010,[4632915,32,2,2690,[[312,49,[11.8]],[310,34,[9.8]],[317,51,[5.6]],[316,35,[17.3]]],0]]],[6541850452,3,2,5,-1,[[3,70,[115.5]],[6,62,[75.1]],[112,77,[31.1]],[113,61,[12.1]]],-1,-1,0,-1,-1,3,[3,7,3700,[4632109,32,7,4240,[[313,78,[12.1]],[311,86,[17.8]],[317,68,[7.1]],[310,92,[23.2]]],0]]],[6540437074,4,2,5,-1,[[7,100,[17.0]],[108,100,[48.0]],[112,100,[38.0]],[116,100,[95.0]]],-1,-1,0,-1,-1,3,[4,7,5000,[4632893,32,6,3580,[[312,59,[13.4]],[311,68,[14.9]],[315,79,[12.3]],[313,52,[8.8]]],0]]],[6540429190,6,2,15,-1,[[808,62,[38.3]],[811,42,[17.6]],[810,80,[46.2]],[809,78,[45.3]],[20020,80,[22.0]],[20013,40,[9,22.0,58,22.0,714,22.0,10,22.0,59,22.0,715,22.0]]],-1,-1,0,-1,-1,3,[65,7,3620,[]]]]},{"ID":40,"WID":2,"VIS":32,"N":"pvp","GID":-1,"W":749,"D":1,"SPR":481,"EQ":[[6541854097,1,2,5,-1,[[4,100,[117.0]],[5,100,[77.0]],[108,100,[48.0]],[120,100,[15.0]]],-1,-1,0,-1,-1,3,[1,7,5000,[4640825,32,7,3940,[[312,68,[14.9]],[316,76,[31.6]],[314,72,[19.7]],[317,78,[8.0]]],0]]],[6540460263,2,2,5,-1,[[1,62,[85.1]],[2,68,[85.4]],[109,77,[38.8]],[116,75,[75.0]]],-1,-1,0,-1,-1,3,[2,7,3820,[4634586,32,7,3570,[[315,62,[10.1]],[309,69,[17.9]],[314,63,[18.0]],[313,63,[10.2]]],0]]],[6540460264,3,2,5,-1,[[3,72,[115.6]],[6,82,[76.1]],[113,78,[14.7]],[108,70,[36.0]]],-1,-1,0,-1,-1,3,[3,7,4020,[4616474,32,7,5000,[[312,100,[20.0]],[320,100,[20.0]],[315,100,[15.0]],[313,100,[15.0]]],0]]],[6541853852,4,2,5,-1,[[7,100,[17.0]],[117,100,[45.0]],[115,100,[45.0]],[113,100,[18.0]]],-1,-1,0,-1,-1,3,[4,7,5000,[4632892,32,5,3250,[[319,52,[5.7]],[312,69,[15.0]],[318,45,[10.1]],[313,59,[9.7]]],0]]],[6541860401,6,2,15,-1,[[810,70,[41.8]],[811,57,[22.1]],[808,41,[29.0]],[813,52,[27.2]],[20016,57,[2060,27.0,2061,27.0,2062,27.0,2063,27.0,2064,27.0,2065,27.0,2066,27.0,2067,27.0,2068,27.0,148,27.0,2069,27.0,149,27.0,2070,27.0,150,27.0,151,27.0,2071,27.0,2072,27.0,2073,27.0,2074,27.0,2075,27.0,2076,27.0,2077,27.0,2078,27.0,2079,27.0,2020,27.0,2021,27.0,2022,27.0,2023,27.0,2024,27.0,2025,27.0,2026,27.0,2027,27.0,2028,27.0,2029,27.0,2030,27.0,2031,27.0,2032,27.0,2033,27.0,2034,27.0,2035,27.0,2036,27.0,2037,27.0,2038,27.0,2039,27.0]],[20012,55,[672,42.0,664,42.0,75,42.0,76,42.0,686,42.0,687,42.0]]],-1,-1,0,-1,-1,3,[65,5,3200,[]]]]},{"ID":41,"WID":2,"VIS":33,"N":"pvp","GID":125,"L":10,"ST":0,"W":785,"D":0,"SPR":785,"EQ":[[6541849865,1,2,5,-1,[[4,36,[113.8]],[5,74,[75.7]],[114,66,[20.2]],[115,64,[30.6]]],-1,-1,0,-1,-1,3,[1,7,3400,[4632903,32,7,4340,[[319,96,[9.6]],[312,84,[17.4]],[309,84,[21.3]],[320,70,[14.6]]],0]]],[6541852054,2,2,5,-1,[[1,74,[85.7]],[2,86,[86.3]],[116,74,[74.2]],[108,82,[40.8]]],-1,-1,0,-1,-1,3,[2,7,4160,[4623236,32,4,2290,[[308,30,[3.3]],[307,37,[3.7]],[306,62,[10.0]]],0]]],[6541860417,3,2,5,-1,[[3,100,[117.0]],[6,100,[77.0]],[117,100,[45.0]],[113,100,[18.0]]],-1,-1,0,-1,-1,3,[3,7,5000,[4632907,32,7,3400,[[313,65,[10.4]],[311,69,[15.0]],[312,62,[13.9]],[317,44,[5.0]]],0]]],[6540430377,4,2,5,-1,[[7,100,[17.0]],[109,100,[48.0]],[111,100,[38.0]],[116,100,[95.0]]],-1,-1,0,-1,-1,3,[4,7,5000,[4622008,32,7,3790,[[314,67,[18.7]],[313,66,[10.6]],[318,63,[13.3]],[309,83,[21.1]]],0]]],[6541852157,6,2,15,-1,[[808,43,[29.9]],[815,67,[31.5]],[810,61,[37.8]],[814,67,[32.8]],[20018,100,[1.0]],[20020,33,[14.9]]],-1,-1,0,-1,-1,3,[65,7,3380,[]]]]},{"ID":42,"WID":2,"VIS":34,"N":"","GID":101,"L":20,"ST":1,"W":681,"D":2,"SPR":373,"EQ":[[6541852868,1,2,5,-1,[[4,100,[117.0]],[5,100,[77.0]],[113,100,[18.0]],[111,100,[38.0]]],-1,-1,0,-1,-1,3,[1,7,5000,[4632916,32,6,3290,[[312,39,[10.2]],[318,39,[9.0]],[313,73,[11.5]],[314,78,[20.8]]],0]]],[6541852722,2,2,5,-1,[[1,84,[86.2]],[2,86,[86.3]],[109,92,[44.8]],[114,83,[24.1]]],-1,-1,0,-1,-1,3,[2,7,4450,[4630210,32,2,2500,[[302,57,[33.2]],[306,57,[9.5]],[305,36,[7.3]]],0]]],[6541856547,3,2,5,-1,[[3,100,[117.0]],[6,100,[77.0]],[108,100,[48.0]],[110,100,[38.0]]],-1,-1,0,-1,-1,3,[3,7,5000,[4632902,32,5,3230,[[318,37,[8.7]],[311,57,[13.1]],[315,55,[9.1]],[314,74,[20.1]]],0]]],[6541860688,4,2,5,-1,[[7,100,[17.0]],[116,100,[95.0]],[115,100,[45.0]],[112,100,[38.0]]],-1,-1,0,-1,-1,3,[4,7,5000,[4632894,32,2,2660,[[317,40,[4.6]],[313,37,[6.8]],[314,31,[11.9]],[312,58,[13.3]]],0]]],[6541856336,6,2,15,-1,[[810,62,[38.3]],[814,79,[37.2]],[809,80,[46.2]],[807,33,[11.6]],[20015,73,[22,49.0,23,49.0]],[20019,59,[10.9]]],-1,-1,0,-1,-1,3,[65,7,3540,[]]]]}]},"MB":1.687011,"AE":[[111,[40.0],"AB"],[66,[2.0],"CI"],[45,[100.0],"TL"],[43,[5.0],"TL"],[43,[5.0],"TL"],[43,[5.0],"TL"],[53,[20.0],"TL"],[76,[10.0],"TL"],[73,[15.0],"TL"],[82,[10.0],"RH"],[54,[80.0],"RH"],[368,[30.0],"AC"]]}

  json_payload:
{
  "AE": [
    [
      111,
      [
        40.0
      ],
      "AB"
    ],
    [
      66,
      [
        2.0
      ],
      "CI"
    ],
    [
      45,
      [
        100.0
      ],
      "TL"
    ],
    [
      43,
      [
        5.0
      ],
      "TL"
    ],
    [
      43,
      [
        5.0
      ],
      "TL"
    ],
    [
      43,
      [
        5.0
      ],
      "TL"
    ],
    [
      53,
      [
        20.0
      ],
      "TL"
    ],
    [
      76,
      [
        10.0
      ],
      "TL"
    ],
    [
      73,
      [
        15.0
      ],
      "TL"
    ],
    [
      82,
      [
        10.0
      ],
      "RH"
    ],
    [
      54,
      [
        80.0
      ],
      "RH"
    ],
    [
      368,
      [
        30.0
      ],
      "AC"
    ]
  ],
  "AS": 2,
  "B": {
    "AE": [],
    "DLID": -105,
    "E": [
      [
        7,
        [
          41.0
        ],
        "EQ"
      ],
      [
        8,
        [
          25.0
        ],
        "EQ"
      ],
      [
        10,
        [
          32.0
        ],
        "EQ"
      ],
      [
        11,
        [
          24.0
        ],
        "EQ"
      ]
    ],
    "GASAIDS": [],
    "GEM": [],
    "GID": 113,
    "SIDS": []
  },
  "HAWL": 4,
  "KID": 10,
  "MB": 1.687011,
  "S": [
    [
      [
        713,
        50
      ],
      [
        712,
        63
      ],
      [
        637,
        1
      ],
      [
        647,
        1
      ]
    ],
    [
      [
        713,
        55
      ],
      [
        712,
        49
      ],
      [
        637,
        1
      ],
      [
        647,
        1
      ],
      [
        645,
        1
      ],
      [
        626,
        1
      ]
    ],
    [
      [
        713,
        54
      ],
      [
        712,
        49
      ],
      [
        647,
        1
      ],
      [
        637,
        1
      ],
      [
        637,
        1
      ]
    ],
    [
      [
        713,
        316
      ],
      [
        712,
        334
      ]
    ],
    [],
    [],
    []
  ],
  "SCID": 293,
  "TX": 1097,
  "TY": 68,
  "gaa": {
    "AI": [
      17,
      1097,
      68,
      -411,
      0,
      [],
      2,
      60,
      41032,
      32
    ],
    "KID": 10,
    "uap": {
      "KID": 10,
      "NS": -1,
      "PMS": -1,
      "PMT": 0
    }
  },
  "gli": {
    "B": [
      {
        "D": 285,
        "EQ": [
          [
            6549385993,
            1,
            1,
            5,
            -1,
            [
              [
                10003,
                76,
                [
                  115.8
                ]
              ],
              [
                10004,
                82,
                [
                  76.1
                ]
              ],
              [
                10114,
                92,
                [
                  88.6
                ]
              ],
              [
                10111,
                80,
                [
                  40.0
                ]
              ]
            ],
            -1,
            -1,
            0,
            -1,
            -1,
            3,
            [
              101,
              7,
              4300,
              [
                4637990,
                131,
                2,
                2240,
                [
                  [
                    10208,
                    26,
                    [
                      3.1
                    ]
                  ],
                  [
                    10202,
                    41,
                    [
                      27.3
                    ]
                  ],
                  [
                    10201,
                    57,
                    [
                      9.5
                    ]
                  ]
                ],
                0
              ]
            ]
          ],
          [
            6541383707,
            2,
            1,
            5,
            -1,
            [
              [
                10005,
                78,
                [
                  85.9
                ]
              ],
              [
                10006,
                76,
                [
                  85.8
                ]
              ],
              [
                10112,
                78,
                [
                  39.2
                ]
              ],
              [
                10111,
                95,
                [
                  46.0
                ]
              ]
            ],
            -1,
            -1,
            0,
            -1,
            -1,
            3,
            [
              102,
              7,
              4270,
              [
                4633963,
                131,
                6,
                3290,
                [
                  [
                    10209,
                    46,
                    [
                      12.6
                    ]
                  ],
                  [
                    10210,
                    64,
                    [
                      16.7
                    ]
                  ],
                  [
                    10214,
                    69,
                    [
                      19.1
                    ]
                  ],
                  [
                    10219,
                    50,
                    [
                      13,
                      3.0
                    ]
                  ]
                ],
                0
              ]
            ]
          ],
          [
            6541409166,
            3,
            1,
            5,
            -1,
            [
              [
                10002,
                88,
                [
                  116.4
                ]
              ],
              [
                10110,
                72,
                [
                  29.6
                ]
              ],
              [
                10113,
                72,
                [
                  33.8
                ]
              ],
              [
                10112,
                77,
                [
                  38.8
                ]
              ]
            ],
            -1,
            -1,
            0,
            -1,
            -1,
            3,
            [
              103,
              7,
              4090,
              [
                4614338,
                131,
                6,
                2920,
                [
                  [
                    10206,
                    57,
                    [
                      9.5
                    ]
                  ],
                  [
                    10203,
                    68,
                    [
                      5.3
                    ]
                  ],
                  [
                    10201,
                    67,
                    [
                      10.5
                    ]
                  ]
                ],
                0
              ]
            ]
          ],
          [
            6547061083,
            4,
            1,
            5,
            -1,
            [
              [
                10001,
                72,
                [
                  15.6
                ]
              ],
              [
                10112,
                85,
                [
                  42.0
                ]
              ],
              [
                10113,
                96,
                [
                  43.4
                ]
              ],
              [
                10118,
                100,
                [
                  227,
                  1000.0
                ]
              ]
            ],
            -1,
            -1,
            0,
            -1,
            -1,
            3,
            [
              104,
              7,
              4530,
              [
                4637991,
                131,
                4,
                2360,
                [
                  [
                    10206,
                    64,
                    [
                      10.2
                    ]
                  ],
                  [
                    10203,
                    41,
                    [
                      3.9
                    ]
                  ],
                  [
                    10207,
                    31,
                    [
                      3.4
                    ]
                  ]
                ],
                0
              ]
            ]
          ],
          [
            6540815412,
            5,
            1,
            0,
            0,
            [
              [
                201,
                [
                  25.0
                ]
              ],
              [
                335,
                [
                  10.0
                ]
              ],
              [
                13,
                [
                  5.0
                ]
              ]
            ],
            1487,
            -1,
            0,
            -1,
            -1,
            1
          ],
          [
            6540287196,
            6,
            1,
            15,
            -1,
            [
              [
                10509,
                70,
                [
                  85.5
                ]
              ],
              [
                10518,
                76,
                [
                  19.5
                ]
              ],
              [
                10507,
                75,
                [
                  16.3
                ]
              ],
              [
                10515,
                69,
                [
                  25.7
                ]
              ],
              [
                30013,
                69,
                [
                  921
                ]
              ],
              [
                30017,
                69,
                [
                  18.8
                ]
              ]
            ],
            -1,
            -1,
            0,
            -1,
            -1,
            3,
            [
              162,
              7,
              3900,
              []
            ]
          ]
        ],
        "GID": 104,
        "ID": 1,
        "L": 30,
        "LICID": 16011862,
        "N": "",
        "SPR": 75,
        "ST": 3,
        "VIS": 0,
        "W": 164,
        "WID": 1
      },
      {
        "D": 4,
        "EQ": [
          [
            6540814855,
            1,
            1,
            0,
            0,
            [
              [
                268,
                [
                  140.0
                ]
              ],
              [
                277,
                [
                  140.0
                ]
              ],
              [
                282,
                [
                  90.0
                ]
              ]
            ],
            1529,
            1100,
            0,
            -1,
            514,
            1
          ],
          [
            6550510231,
            2,
            1,
            0,
            0,
            [
              [
                269,
                [
                  10.0
                ]
              ],
              [
                278,
                [
                  10.0
                ]
              ],
              [
                283,
                [
                  65.0
                ]
              ]
            ],
            1530,
            1100,
            0,
            -1,
            -1,
            1
          ],
          [
            6541704034,
            3,
            1,
            0,
            0,
            [
              [
                268,
                [
                  140.0
                ]
              ],
              [
                277,
                [
                  140.0
                ]
              ],
              [
                282,
                [
                  90.0
                ]
              ]
            ],
            1528,
            1100,
            0,
            -1,
            515,
            1
          ],
          [
            6545631903,
            4,
            1,
            0,
            0,
            [
              [
                269,
                [
                  10.0
                ]
              ],
              [
                278,
                [
                  10.0
                ]
              ],
              [
                283,
                [
                  65.0
                ]
              ]
            ],
            1531,
            1100,
            0,
            -1,
            516,
            1
          ],
          [
            6550634189,
            5,
            1,
            0,
            0,
            [],
            1590,
            -1,
            0,
            -1,
            -1,
            1
          ],
          [
            6542027289,
            6,
            1,
            10,
            0,
            [
              [
                270,
                [
                  160.0
                ]
              ],
              [
                279,
                [
                  50.0
                ]
              ],
              [
                284,
                [
                  10000
                ]
              ]
            ],
            1532,
            1100,
            0,
            -1,
            -1,
            1
          ]
        ],
        "GID": -1,
        "ID": 19,
        "LICID": 16681051,
        "N": "",
        "SPR": 0,
        "VIS": 3,
        "W": 1,
        "WID": 1
      },
      {
        "D": 5,
        "EQ": [
          [
            6551081022,
            5,
            1,
            0,
            0,
            [],
            1590,
            -1,
            0,
            -1,
            -1,
            1
          ]
        ],
        "GID": -1,
        "ID": 4,
        "LICID": 16673031,
        "N": "",
        "SPR": 0,
        "VIS": 6,
        "W": 2,
        "WID": 1
      },
      {
        "D": 5,
        "EQ": [
          [
            6540814859,
            6,
            1,
            10,
            0,
            [
              [
                270,
                [
                  160.0
                ]
              ],
              [
                279,
                [
                  50.0
                ]
              ],
              [
                284,
                [
                  10000
                ]
              ]
            ],
            1532,
            1100,
            0,
            -1,
            -1,
            1
          ]
        ],
        "GID": -1,
        "ID": 5,
        "LICID": 16632819,
        "N": "",
        "SPR": 0,
        "VIS": 7,
        "W": 1,
        "WID": 1
      },
      {
        "D": 0,
        "EQ": [
          [
            6550633583,
            5,
            1,
            0,
            0,
            [],
            1195,
            -1,
            0,
            -1,
            -1,
            1
          ]
        ],
        "GID": -1,
        "ID": 43,
        "LICID": -1,
        "N": "",
        "SPR": 0,
        "VIS": 8,
        "W": 0,
        "WID": 1
      },
      {
        "D": 3,
        "EQ": [
          [
            6550633751,
            5,
            1,
            0,
            0,
            [],
            1195,
            -1,
            0,
            -1,
            -1,
            1
          ],
          [
            6540667826,
            6,
            1,
            15,
            -1,
            [
              [
                10506,
                49,
                [
                  11.1
                ]
              ],
              [
                10505,
                50,
                [
                  11.3
                ]
              ],
              [
                10502,
                44,
                [
                  10.4
                ]
              ],
              [
                30002,
                67,
                [
                  90
                ]
              ],
              [
                30004,
                44,
                [
                  696
                ]
              ]
            ],
            -1,
            -1,
            0,
            -1,
            -1,
            3,
            [
              162,
              3,
              2430,
              []
            ]
          ]
        ],
        "GID": -1,
        "ID": 12,
        "LICID": 16366513,
        "N": "",
        "SPR": 0,
        "VIS": 1,
        "W": 3,
        "WID": 1
      },
      {
        "D": 9,
        "EQ": [
          [
            6541064957,
            1,
            1,
            0,
            0,
            [
              [
                268,
                [
                  175.0
                ]
              ],
              [
                277,
                [
                  175.0
                ]
              ],
              [
                282,
                [
                  112.0
                ]
              ]
            ],
            1534,
            1101,
            0,
            -1,
            -1,
            1
          ],
          [
            6550510380,
            2,
            1,
            0,
            0,
            [
              [
                269,
                [
                  12.0
                ]
              ],
              [
                278,
                [
                  12.0
                ]
              ],
              [
                283,
                [
                  76.0
                ]
              ]
            ],
            1535,
            1101,
            0,
            -1,
            -1,
            1
          ],
          [
            6545631973,
            3,
            1,
            0,
            0,
            [
              [
                268,
                [
                  175.0
                ]
              ],
              [
                277,
                [
                  175.0
                ]
              ],
              [
                282,
                [
                  112.0
                ]
              ]
            ],
            1533,
            1101,
            0,
            -1,
            -1,
            1
          ],
          [
            6545631929,
            4,
            1,
            0,
            0,
            [
              [
                269,
                [
                  10.0
                ]
              ],
              [
                278,
                [
                  10.0
                ]
              ],
              [
                283,
                [
                  65.0
                ]
              ]
            ],
            1531,
            1100,
            0,
            -1,
            -1,
            1
          ],
          [
            6550444311,
            5,
            1,
            0,
            0,
            [],
            695,
            -1,
            0,
            -1,
            -1,
            1
          ],
          [
            6550510302,
            6,
            1,
            10,
            0,
            [
              [
                270,
                [
                  160.0
                ]
              ],
              [
                279,
                [
                  50.0
                ]
              ],
              [
                284,
                [
                  10000
                ]
              ]
            ],
            1532,
            1100,
            0,
            -1,
            -1,
            1
          ]
        ],
        "GID": -1,
        "ID": 13,
        "LICID": 16366514,
        "N": "",
        "SPR": 0,
        "VIS": 2,
        "W": 5,
        "WID": 1
      },
      {
        "D": 0,
        "EQ": [
          [
            6540430885,
            5,
            1,
            0,
            0,
            [],
            696,
            -1,
            0,
            -1,
            -1,
            1
          ],
          [
            6541476091,
            6,
            1,
            15,
            -1,
            [
              [
                10508,
                80,
                [
                  17.0
                ]
              ],
              [
                10514,
                92,
                [
                  42.0
                ]
              ],
              [
                10509,
                82,
                [
                  87.3
                ]
              ],
              [
                10507,
                92,
                [
                  18.8
                ]
              ],
              [
                30018,
                86,
                [
                  22.2
                ]
              ],
              [
                30011,
                83,
                [
                  67.3
                ]
              ]
            ],
            -1,
            -1,
            0,
            -1,
            -1,
            3,
            [
              162,
              7,
              4460,
              []
            ]
          ]
        ],
        "GID": -1,
        "ID": 14,
        "LICID": 293,
        "N": "",
        "SPR": 0,
        "VIS": 5,
        "W": 0,
        "WID": 1
      },
      {
        "D": 0,
        "EQ": [
          [
            6541064948,
            5,
            1,
            0,
            0,
            [],
            1544,
            -1,
            0,
            -1,
            -1,
            1
          ],
          [
            6547137549,
            6,
            1,
            15,
            -1,
            [
              [
                10510,
                68,
                [
                  18.6
                ]
              ],
              [
                10511,
                64,
                [
                  39.2
                ]
              ],
              [
                10513,
                72,
                [
                  34.6
                ]
              ],
              [
                10507,
                82,
                [
                  17.3
                ]
              ],
              [
                30011,
                68,
                [
                  60.6
                ]
              ],
              [
                30017,
                85,
                [
                  22.0
                ]
              ]
            ],
            -1,
            -1,
            0,
            -1,
            -1,
            3,
            [
              162,
              7,
              3860,
              []
            ]
          ]
        ],
        "GID": -1,
        "ID": 15,
        "LICID": -1,
        "N": "",
        "SPR": 0,
        "VIS": 13,
        "W": 0,
        "WID": 1
      }
    ],
    "C": [
      {
        "D": 43,
        "EQ": [
          [
            6540437167,
            1,
            2,
            5,
            -1,
            [
              [
                4,
                100,
                [
                  117.0
                ]
              ],
              [
                5,
                100,
                [
                  77.0
                ]
              ],
              [
                109,
                100,
                [
                  48.0
                ]
              ],
              [
                115,
                100,
                [
                  45.0
                ]
              ]
            ],
            -1,
            -1,
            0,
            -1,
            -1,
            3,
            [
              1,
              7,
              5000,
              [
                4619725,
                31,
                2,
                2240,
                [
                  [
                    207,
                    50,
                    [
                      4.4
                    ]
                  ],
                  [
                    206,
                    45,
                    [
                      8.2
                    ]
                  ],
                  [
                    208,
                    29,
                    [
                      9.8
                    ]
                  ]
                ],
                0
              ]
            ]
          ],
          [
            6541852847,
            2,
            2,
            5,
            -1,
            [
              [
                1,
                100,
                [
                  87.0
                ]
              ],
              [
                2,
                100,
                [
                  87.0
                ]
              ],
              [
                115,
                100,
                [
                  45.0
                ]
              ],
              [
                108,
                100,
                [
                  48.0
                ]
              ]
            ],
            -1,
            -1,
            0,
            -1,
            -1,
            3,
            [
              2,
              7,
              5000,
              [
                4625321,
                31,
                4,
                2590,
                [
                  [
                    204,
                    39,
                    [
                      3.8
                    ]
                  ],
                  [
                    208,
                    61,
                    [
                      14.9
                    ]
                  ],
                  [
                    206,
                    59,
                    [
                      9.7
                    ]
                  ]
                ],
                0
              ]
            ]
          ],
          [
            6540429546,
            3,
            2,
            5,
            -1,
            [
              [
                3,
                68,
                [
                  115.4
                ]
              ],
              [
                6,
                76,
                [
                  75.8
                ]
              ],
              [
                115,
                80,
                [
                  37.0
                ]
              ],
              [
                116,
                77,
                [
                  76.6
                ]
              ]
            ],
            -1,
            -1,
            0,
            -1,
            -1,
            3,
            [
              3,
              7,
              4010,
              [
                4615428,
                31,
                5,
                2640,
                [
                  [
                    201,
                    51,
                    [
                      8.9
                    ]
                  ],
                  [
                    206,
                    53,
                    [
                      9.1
                    ]
                  ],
                  [
                    208,
                    60,
                    [
                      14.7
                    ]
                  ]
                ],
                0
              ]
            ]
          ],
          [
            6541854106,
            4,
            2,
            5,
            -1,
            [
              [
                7,
                100,
                [
                  17.0
                ]
              ],
              [
                114,
                100,
                [
                  28.0
                ]
              ],
              [
                121,
                100,
                [
                  215,
                  1000.0
                ]
              ],
              [
                110,
                100,
                [
                  38.0
                ]
              ]
            ],
            -1,
            -1,
            0,
            -1,
            -1,
            3,
            [
              4,
              7,
              5000,
              [
                4637976,
                31,
                4,
                2350,
                [
                  [
                    205,
                    28,
                    [
                      6.4
                    ]
                  ],
                  [
                    207,
                    45,
                    [
                      4.1
                    ]
                  ],
                  [
                    206,
                    62,
                    [
                      10.0
                    ]
                  ]
                ],
                0
              ]
            ]
          ],
          [
            6553056944,
            5,
            2,
            0,
            0,
            [
              [
                21,
                [
                  6.0
                ]
              ]
            ],
            1071,
            -1,
            0,
            600104,
            -1,
            2
          ],
          [
            6541854072,
            6,
            2,
            15,
            -1,
            [
              [
                512,
                75,
                [
                  44.0
                ]
              ],
              [
                510,
                39,
                [
                  22.4
                ]
              ],
              [
                514,
                37,
                [
                  12.4
                ]
              ],
              [
                513,
                61,
                [
                  23.3
                ]
              ],
              [
                20015,
                40,
                [
                  22,
                  36.0,
                  23,
                  36.0
                ]
              ],
              [
                20017,
                73,
                [
                  195,
                  16.0,
                  196,
                  16.0,
                  197,
                  16.0,
                  198,
                  16.0,
                  199,
                  16.0,
                  200,
                  16.0,
                  201,
                  16.0,
                  202,
                  16.0,
                  203,
                  16.0,
                  204,
                  16.0,
                  205,
                  16.0,
                  206,
                  16.0,
                  207,
                  16.0,
                  208,
                  16.0,
                  209,
                  16.0,
                  210,
                  16.0,
                  211,
                  16.0,
                  212,
                  16.0,
                  213,
                  16.0,
                  214,
                  16.0,
                  215,
                  16.0,
                  216,
                  16.0,
                  217,
                  16.0,
                  218,
                  16.0,
                  219,
                  16.0,
                  220,
                  16.0,
                  221,
                  16.0,
                  222,
                  16.0,
                  223,
                  16.0,
                  224,
                  16.0,
                  225,
                  16.0,
                  226,
                  16.0,
                  227,
                  16.0,
                  228,
                  16.0,
                  229,
                  16.0,
                  230,
                  16.0,
                  231,
                  16.0,
                  232,
                  16.0,
                  233,
                  16.0,
                  234,
                  16.0,
                  235,
                  16.0,
                  236,
                  16.0,
                  237,
                  16.0,
                  238,
                  16.0
                ]
              ]
            ],
            -1,
            -1,
            0,
            -1,
            -1,
            3,
            [
              62,
              6,
              3120,
              []
            ]
          ]
        ],
        "GID": 105,
        "ID": 0,
        "L": 30,
        "N": "",
        "SPR": 2905,
        "ST": 2,
        "VIS": 0,
        "W": 8719,
        "WID": 2
      },
      {
        "D": 70,
        "EQ": [
          [
            6540429286,
            1,
            2,
            5,
            -1,
            [
              [
                4,
                48,
                [
                  114.4
                ]
              ],
              [
                5,
                44,
                [
                  74.2
                ]
              ],
              [
                109,
                48,
                [
                  27.2
                ]
              ],
              [
                117,
                70,
                [
                  33.0
                ]
              ]
            ],
            -1,
            -1,
            0,
            -1,
            -1,
            3,
            [
              1,
              5,
              3100,
              [
                4616465,
                32,
                4,
                2740,
                [
                  [
                    319,
                    44,
                    [
                      5.0
                    ]
                  ],
                  [
                    314,
                    33,
                    [
                      12.3
                    ]
                  ],
                  [
                    318,
                    66,
                    [
                      13.9
                    ]
                  ],
                  [
                    320,
                    31,
                    [
                      7.6
                    ]
                  ]
                ],
                0
              ]
            ]
          ],
          [
            6540429364,
            2,
            2,
            5,
            -1,
            [
              [
                1,
                54,
                [
                  84.7
                ]
              ],
              [
                2,
                48,
                [
                  84.4
                ]
              ],
              [
                114,
                84,
                [
                  24.3
                ]
              ],
              [
                109,
                44,
                [
                  25.6
                ]
              ]
            ],
            -1,
            -1,
            0,
            -1,
            -1,
            3,
            [
              2,
              5,
              3300,
              [
                4616815,
                32,
                7,
                4170,
                [
                  [
                    314,
                    79,
                    [
                      21.0
                    ]
                  ],
                  [
                    315,
                    60,
                    [
                      9.8
                    ]
                  ],
                  [
                    317,
                    88,
                    [
                      8.9
                    ]
                  ],
                  [
                    312,
                    90,
                    [
                      18.4
                    ]
                  ]
                ],
                0
              ]
            ]
          ],
          [
            6541850043,
            3,
            2,
            5,
            -1,
            [
              [
                3,
                56,
                [
                  114.8
                ]
              ],
              [
                6,
                46,
                [
                  74.3
                ]
              ],
              [
                116,
                65,
                [
                  67.0
                ]
              ],
              [
                112,
                52,
                [
                  23.6
                ]
              ]
            ],
            -1,
            -1,
            0,
            -1,
            -1,
            3,
            [
              3,
              5,
              3190,
              []
            ]
          ],
          [
            6540429353,
            4,
            2,
            5,
            -1,
            [
              [
                7,
                38,
                [
                  13.9
                ]
              ],
              [
                108,
                53,
                [
                  29.2
                ]
              ],
              [
                111,
                60,
                [
                  26.0
                ]
              ],
              [
                121,
                80,
                [
                  215,
                  802.0
                ]
              ]
            ],
            -1,
            -1,
            0,
            -1,
            -1,
            3,
            [
              4,
              6,
              3310,
              [
                4616491,
                32,
                2,
                2260,
                [
                  [
                    308,
                    33,
                    [
                      3.5
                    ]
                  ],
                  [
                    305,
                    40,
                    [
                      7.7
                    ]
                  ],
                  [
                    302,
                    53,
                    [
                      31.7
                    ]
                  ]
                ],
                0
              ]
            ]
          ],
          [
            6553052207,
            5,
            2,
            0,
            0,
            [
              [
                21,
                [
                  3.0
                ]
              ]
            ],
            1068,
            -1,
            0,
            253349,
            -1,
            2
          ],
          [
            6541853860,
            6,
            2,
            15,
            -1,
            [
              [
                515,
                67,
                [
                  10.7
                ]
              ],
              [
                508,
                73,
                [
                  43.1
                ]
              ],
              [
                512,
                33,
                [
                  25.5
                ]
              ],
              [
                513,
                49,
                [
                  19.7
                ]
              ],
              [
                20019,
                50,
                [
                  10.0
                ]
              ],
              [
                20018,
                100,
                [
                  1.0
                ]
              ]
            ],
            -1,
            -1,
            0,
            -1,
            -1,
            3,
            [
              62,
              6,
              3220,
              []
            ]
          ]
        ],
        "GID": -1,
        "ID": 2,
        "N": "",
        "SPR": 2612,
        "VIS": 1,
        "W": 8053,
        "WID": 2
      },
      {
        "D": 41,
        "EQ": [
          [
            6540231997,
            1,
            2,
            5,
            -1,
            [
              [
                4,
                74,
                [
                  115.7
                ]
              ],
              [
                5,
                82,
                [
                  76.1
                ]
              ],
              [
                120,
                71,
                [
                  10.9
                ]
              ],
              [
                116,
                38,
                [
                  45.4
                ]
              ]
            ],
            -1,
            -1,
            0,
            -1,
            -1,
            3,
            [
              1,
              7,
              3650,
              [
                4613326,
                31,
                1,
                1780,
                [
                  [
                    207,
                    30,
                    [
                      3.3
                    ]
                  ],
                  [
                    206,
                    15,
                    [
                      5.1
                    ]
                  ],
                  [
                    205,
                    33,
                    [
                      7.0
                    ]
                  ]
                ],
                0
              ]
            ]
          ],
          [
            6545157862,
            2,
            2,
            5,
            -1,
            [
              [
                1,
                96,
                [
                  86.8
                ]
              ],
              [
                2,
                62,
                [
                  85.1
                ]
              ],
              [
                116,
                62,
                [
                  64.6
                ]
              ],
              [
                117,
                75,
                [
                  35.0
                ]
              ]
            ],
            -1,
            -1,
            0,
            -1,
            -1,
            3,
            [
              2,
              7,
              3950,
              []
            ]
          ],
          [
            6541854999,
            3,
            2,
            5,
            -1,
            [
              [
                3,
                76,
                [
                  115.8
                ]
              ],
              [
                6,
                32,
                [
                  73.6
                ]
              ],
              [
                109,
                40,
                [
                  24.0
                ]
              ],
              [
                108,
                47,
                [
                  26.8
                ]
              ]
            ],
            -1,
            -1,
            0,
            -1,
            -1,
            3,
            [
              3,
              5,
              2950,
              []
            ]
          ],
          [
            6541451656,
            4,
            2,
            5,
            -1,
            [
              [
                7,
                68,
                [
                  15.4
                ]
              ],
              [
                121,
                78,
                [
                  215,
                  782.0
                ]
              ],
              [
                112,
                68,
                [
                  28.4
                ]
              ],
              [
                111,
                71,
                [
                  29.3
                ]
              ]
            ],
            -1,
            -1,
            0,
            -1,
            -1,
            3,
            [
              4,
              7,
              3850,
              []
            ]
          ],
          [
            6541855976,
            6,
            2,
            15,
            -1,
            [
              [
                511,
                80,
                [
                  29.0
                ]
              ],
              [
                514,
                53,
                [
                  15.6
                ]
              ],
              [
                513,
                60,
                [
                  23.0
                ]
              ],
              [
                512,
                62,
                [
                  38.3
                ]
              ],
              [
                20018,
                100,
                [
                  1.0
                ]
              ],
              [
                20014,
                45,
                [
                  18,
                  38.0,
                  19,
                  38.0,
                  20,
                  38.0,
                  21,
                  38.0
                ]
              ]
            ],
            -1,
            -1,
            0,
            -1,
            -1,
            3,
            [
              62,
              7,
              3550,
              []
            ]
          ]
        ],
        "GID": -1,
        "ID": 3,
        "N": "",
        "SPR": 2549,
        "VIS": 2,
        "W": 7606,
        "WID": 2
      },
      {
        "D": 40,
        "EQ": [
          [
            6541853165,
            1,
            2,
            5,
            -1,
            [
              [
                4,
                58,
                [
                  114.9
                ]
              ],
              [
                5,
                68,
                [
                  75.4
                ]
              ],
              [
                116,
                44,
                [
                  50.2
                ]
              ],
              [
                115,
                59,
                [
                  28.6
                ]
              ]
            ],
            -1,
            -1,
            0,
            -1,
            -1,
            3,
            [
              1,
              5,
              3290,
              []
            ]
          ],
          [
            6540429375,
            2,
            2,
            5,
            -1,
            [
              [
                1,
                62,
                [
                  85.1
                ]
              ],
              [
                2,
                36,
                [
                  83.8
                ]
              ],
              [
                118,
                76,
                [
                  11.6
                ]
              ],
              [
                116,
                30,
                [
                  39.0
                ]
              ]
            ],
            -1,
            -1,
            0,
            -1,
            -1,
            3,
            [
              2,
              6,
              3040,
              [
                4622007,
                32,
                7,
                3860,
                [
                  [
                    312,
                    64,
                    [
                      14.2
                    ]
                  ],
                  [
                    313,
                    81,
                    [
                      12.5
                    ]
                  ],
                  [
                    319,
                    64,
                    [
                      6.8
                    ]
                  ],
                  [
                    317,
                    77,
                    [
                      7.9
                    ]
                  ]
                ],
                0
              ]
            ]
          ],
          [
            6540429618,
            3,
            2,
            5,
            -1,
            [
              [
                3,
                74,
                [
                  115.7
                ]
              ],
              [
                6,
                56,
                [
                  74.8
                ]
              ],
              [
                115,
                75,
                [
                  35.0
                ]
              ],
              [
                109,
                36,
                [
                  22.4
                ]
              ]
            ],
            -1,
            -1,
            0,
            -1,
            -1,
            3,
            [
              3,
              6,
              3410,
              [
                4616814,
                32,
                7,
                4140,
                [
                  [
                    315,
                    75,
                    [
                      11.8
                    ]
                  ],
                  [
                    320,
                    84,
                    [
                      17.1
                    ]
                  ],
                  [
                    316,
                    93,
                    [
                      37.5
                    ]
                  ],
                  [
                    313,
                    62,
                    [
                      10.1
                    ]
                  ]
                ],
                0
              ]
            ]
          ],
          [
            6543665993,
            4,
            2,
            5,
            -1,
            [
              [
                7,
                62,
                [
                  15.1
                ]
              ],
              [
                112,
                76,
                [
                  30.8
                ]
              ],
              [
                116,
                67,
                [
                  68.6
                ]
              ],
              [
                121,
                67,
                [
                  215,
                  673.0
                ]
              ]
            ],
            -1,
            -1,
            0,
            -1,
            -1,
            3,
            [
              4,
              7,
              3720,
              []
            ]
          ],
          [
            6541854789,
            6,
            2,
            15,
            -1,
            [
              [
                512,
                35,
                [
                  26.4
                ]
              ],
              [
                515,
                42,
                [
                  7.5
                ]
              ],
              [
                508,
                76,
                [
                  44.4
                ]
              ],
              [
                509,
                60,
                [
                  30.2
                ]
              ],
              [
                20020,
                53,
                [
                  18.0
                ]
              ],
              [
                20017,
                53,
                [
                  195,
                  13.0,
                  196,
                  13.0,
                  197,
                  13.0,
                  198,
                  13.0,
                  199,
                  13.0,
                  200,
                  13.0,
                  201,
                  13.0,
                  202,
                  13.0,
                  203,
                  13.0,
                  204,
                  13.0,
                  205,
                  13.0,
                  206,
                  13.0,
                  207,
                  13.0,
                  208,
                  13.0,
                  209,
                  13.0,
                  210,
                  13.0,
                  211,
                  13.0,
                  212,
                  13.0,
                  213,
                  13.0,
                  214,
                  13.0,
                  215,
                  13.0,
                  216,
                  13.0,
                  217,
                  13.0,
                  218,
                  13.0,
                  219,
                  13.0,
                  220,
                  13.0,
                  221,
                  13.0,
                  222,
                  13.0,
                  223,
                  13.0,
                  224,
                  13.0,
                  225,
                  13.0,
                  226,
                  13.0,
                  227,
                  13.0,
                  228,
                  13.0,
                  229,
                  13.0,
                  230,
                  13.0,
                  231,
                  13.0,
                  232,
                  13.0,
                  233,
                  13.0,
                  234,
                  13.0,
                  235,
                  13.0,
                  236,
                  13.0,
                  237,
                  13.0,
                  238,
                  13.0
                ]
              ]
            ],
            -1,
            -1,
            0,
            -1,
            -1,
            3,
            [
              62,
              6,
              3130,
              []
            ]
          ]
        ],
        "GID": -1,
        "ID": 6,
        "N": "",
        "SPR": 1073,
        "VIS": 3,
        "W": 6346,
        "WID": 2
      },
      {
        "D": 21,
        "EQ": [
          [
            6540287192,
            1,
            2,
            5,
            -1,
            [
              [
                4,
                74,
                [
                  115.7
                ]
              ],
              [
                5,
                66,
                [
                  75.3
                ]
              ],
              [
                116,
                62,
                [
                  64.6
                ]
              ],
              [
                114,
                85,
                [
                  24.5
                ]
              ]
            ],
            -1,
            -1,
            0,
            -1,
            -1,
            3,
            [
              1,
              7,
              3870,
              []
            ]
          ],
          [
            6540944402,
            2,
            2,
            5,
            -1,
            [
              [
                1,
                62,
                [
                  85.1
                ]
              ],
              [
                2,
                82,
                [
                  86.1
                ]
              ],
              [
                108,
                71,
                [
                  36.4
                ]
              ],
              [
                109,
                84,
                [
                  41.6
                ]
              ]
            ],
            -1,
            -1,
            0,
            -1,
            -1,
            3,
            [
              2,
              7,
              3990,
              []
            ]
          ],
          [
            6541854664,
            3,
            2,
            5,
            -1,
            [
              [
                3,
                34,
                [
                  113.7
                ]
              ],
              [
                6,
                62,
                [
                  75.1
                ]
              ],
              [
                116,
                60,
                [
                  63.0
                ]
              ],
              [
                111,
                49,
                [
                  22.7
                ]
              ]
            ],
            -1,
            -1,
            0,
            -1,
            -1,
            3,
            [
              3,
              6,
              3050,
              []
            ]
          ],
          [
            6541852530,
            4,
            2,
            5,
            -1,
            [
              [
                7,
                80,
                [
                  16.0
                ]
              ],
              [
                121,
                79,
                [
                  215,
                  792.0
                ]
              ],
              [
                117,
                34,
                [
                  18.6
                ]
              ],
              [
                110,
                72,
                [
                  29.6
                ]
              ]
            ],
            -1,
            -1,
            0,
            -1,
            -1,
            3,
            [
              4,
              7,
              3650,
              []
            ]
          ],
          [
            6541849807,
            6,
            2,
            15,
            -1,
            [
              [
                510,
                66,
                [
                  32.4
                ]
              ],
              [
                508,
                72,
                [
                  42.7
                ]
              ],
              [
                512,
                50,
                [
                  33.0
                ]
              ],
              [
                513,
                37,
                [
                  16.1
                ]
              ],
              [
                20015,
                48,
                [
                  22,
                  39.0,
                  23,
                  39.0
                ]
              ],
              [
                20018,
                100,
                [
                  1.0
                ]
              ]
            ],
            -1,
            -1,
            0,
            -1,
            -1,
            3,
            [
              62,
              6,
              3250,
              []
            ]
          ]
        ],
        "GID": -1,
        "ID": 7,
        "N": "",
        "SPR": 2352,
        "VIS": 4,
        "W": 5679,
        "WID": 2
      },
      {
        "D": 13,
        "EQ": [
          [
            6541855982,
            1,
            2,
            5,
            -1,
            [
              [
                4,
                32,
                [
                  113.6
                ]
              ],
              [
                5,
                44,
                [
                  74.2
                ]
              ],
              [
                112,
                80,
                [
                  32.0
                ]
              ],
              [
                109,
                67,
                [
                  34.8
                ]
              ]
            ],
            -1,
            -1,
            0,
            -1,
            -1,
            3,
            [
              1,
              6,
              3230,
              []
            ]
          ],
          [
            6540429277,
            2,
            2,
            5,
            -1,
            [
              [
                1,
                46,
                [
                  84.3
                ]
              ],
              [
                2,
                54,
                [
                  84.7
                ]
              ],
              [
                117,
                52,
                [
                  25.8
                ]
              ],
              [
                118,
                65,
                [
                  10.1
                ]
              ]
            ],
            -1,
            -1,
            0,
            -1,
            -1,
            3,
            [
              2,
              5,
              3170,
              []
            ]
          ],
          [
            6545157863,
            3,
            2,
            5,
            -1,
            [
              [
                3,
                86,
                [
                  116.3
                ]
              ],
              [
                6,
                78,
                [
                  75.9
                ]
              ],
              [
                116,
                70,
                [
                  71.0
                ]
              ],
              [
                117,
                81,
                [
                  37.4
                ]
              ]
            ],
            -1,
            -1,
            0,
            -1,
            -1,
            3,
            [
              3,
              7,
              4150,
              []
            ]
          ],
          [
            6545157864,
            4,
            2,
            5,
            -1,
            [
              [
                7,
                78,
                [
                  15.9
                ]
              ],
              [
                115,
                74,
                [
                  34.6
                ]
              ],
              [
                110,
                78,
                [
                  31.4
                ]
              ],
              [
                121,
                76,
                [
                  215,
                  762.0
                ]
              ]
            ],
            -1,
            -1,
            0,
            -1,
            -1,
            3,
            [
              4,
              7,
              4060,
              []
            ]
          ],
          [
            6541852973,
            6,
            2,
            15,
            -1,
            [
              [
                515,
                56,
                [
                  9.3
                ]
              ],
              [
                514,
                56,
                [
                  16.2
                ]
              ],
              [
                509,
                61,
                [
                  30.6
                ]
              ],
              [
                508,
                34,
                [
                  26.0
                ]
              ],
              [
                20015,
                55,
                [
                  22,
                  42.0,
                  23,
                  42.0
                ]
              ],
              [
                20012,
                38,
                [
                  672,
                  35.0,
                  664,
                  35.0,
                  75,
                  35.0,
                  76,
                  35.0,
                  686,
                  35.0,
                  687,
                  35.0
                ]
              ]
            ],
            -1,
            -1,
            0,
            -1,
            -1,
            3,
            [
              62,
              5,
              3070,
              []
            ]
          ]
        ],
        "GID": -1,
        "ID": 8,
        "N": "",
        "SPR": 2379,
        "VIS": 5,
        "W": 5442,
        "WID": 2
      },
      {
        "D": 8,
        "EQ": [
          [
            6544414774,
            1,
            2,
            5,
            -1,
            [
              [
                4,
                66,
                [
                  115.3
                ]
              ],
              [
                5,
                64,
                [
                  75.2
                ]
              ],
              [
                116,
                92,
                [
                  88.6
                ]
              ],
              [
                113,
                77,
                [
                  14.6
                ]
              ]
            ],
            -1,
            -1,
            0,
            -1,
            -1,
            3,
            [
              1,
              7,
              3990,
              []
            ]
          ],
          [
            6541855345,
            2,
            2,
            5,
            -1,
            [
              [
                1,
                66,
                [
                  85.3
                ]
              ],
              [
                2,
                38,
                [
                  83.9
                ]
              ],
              [
                109,
                52,
                [
                  28.8
                ]
              ],
              [
                115,
                63,
                [
                  30.2
                ]
              ]
            ],
            -1,
            -1,
            0,
            -1,
            -1,
            3,
            [
              2,
              6,
              3190,
              []
            ]
          ],
          [
            6541856051,
            3,
            2,
            5,
            -1,
            [
              [
                3,
                76,
                [
                  115.8
                ]
              ],
              [
                6,
                30,
                [
                  73.5
                ]
              ],
              [
                110,
                41,
                [
                  20.3
                ]
              ],
              [
                109,
                37,
                [
                  22.8
                ]
              ]
            ],
            -1,
            -1,
            0,
            -1,
            -1,
            3,
            [
              3,
              4,
              2840,
              []
            ]
          ],
          [
            6540429646,
            4,
            2,
            5,
            -1,
            [
              [
                7,
                88,
                [
                  16.4
                ]
              ],
              [
                114,
                76,
                [
                  22.5
                ]
              ],
              [
                110,
                84,
                [
                  33.2
                ]
              ],
              [
                121,
                80,
                [
                  215,
                  802.0
                ]
              ]
            ],
            -1,
            -1,
            0,
            -1,
            -1,
            3,
            [
              4,
              7,
              4280,
              [
                4616464,
                32,
                7,
                4270,
                [
                  [
                    312,
                    82,
                    [
                      17.1
                    ]
                  ],
                  [
                    310,
                    82,
                    [
                      20.9
                    ]
                  ],
                  [
                    311,
                    73,
                    [
                      15.7
                    ]
                  ],
                  [
                    314,
                    90,
                    [
                      23.1
                    ]
                  ]
                ],
                0
              ]
            ]
          ],
          [
            6541861837,
            6,
            2,
            15,
            -1,
            [
              [
                510,
                79,
                [
                  37.2
                ]
              ],
              [
                511,
                53,
                [
                  20.9
                ]
              ],
              [
                509,
                34,
                [
                  20.6
                ]
              ],
              [
                513,
                77,
                [
                  28.1
                ]
              ],
              [
                20016,
                40,
                [
                  2060,
                  22.0,
                  2061,
                  22.0,
                  2062,
                  22.0,
                  2063,
                  22.0,
                  2064,
                  22.0,
                  2065,
                  22.0,
                  2066,
                  22.0,
                  2067,
                  22.0,
                  2068,
                  22.0,
                  148,
                  22.0,
                  2069,
                  22.0,
                  149,
                  22.0,
                  2070,
                  22.0,
                  150,
                  22.0,
                  151,
                  22.0,
                  2071,
                  22.0,
                  2072,
                  22.0,
                  2073,
                  22.0,
                  2074,
                  22.0,
                  2075,
                  22.0,
                  2076,
                  22.0,
                  2077,
                  22.0,
                  2078,
                  22.0,
                  2079,
                  22.0,
                  2020,
                  22.0,
                  2021,
                  22.0,
                  2022,
                  22.0,
                  2023,
                  22.0,
                  2024,
                  22.0,
                  2025,
                  22.0,
                  2026,
                  22.0,
                  2027,
                  22.0,
                  2028,
                  22.0,
                  2029,
                  22.0,
                  2030,
                  22.0,
                  2031,
                  22.0,
                  2032,
                  22.0,
                  2033,
                  22.0,
                  2034,
                  22.0,
                  2035,
                  22.0,
                  2036,
                  22.0,
                  2037,
                  22.0,
                  2038,
                  22.0,
                  2039,
                  22.0
                ]
              ],
              [
                20018,
                100,
                [
                  1.0
                ]
              ]
            ],
            -1,
            -1,
            0,
            -1,
            -1,
            3,
            [
              62,
              6,
              3430,
              []
            ]
          ]
        ],
        "GID": -1,
        "ID": 9,
        "N": "",
        "SPR": 3317,
        "VIS": 6,
        "W": 5263,
        "WID": 2
      },
      {
        "D": 24,
        "EQ": [
          [
            6540429397,
            1,
            2,
            5,
            -1,
            [
              [
                4,
                52,
                [
                  114.6
                ]
              ],
              [
                5,
                56,
                [
                  74.8
                ]
              ],
              [
                115,
                66,
                [
                  31.4
                ]
              ],
              [
                116,
                82,
                [
                  80.6
                ]
              ]
            ],
            -1,
            -1,
            0,
            -1,
            -1,
            3,
            [
              1,
              6,
              3560,
              []
            ]
          ],
          [
            6540429463,
            2,
            2,
            5,
            -1,
            [
              [
                1,
                70,
                [
                  85.5
                ]
              ],
              [
                2,
                78,
                [
                  85.9
                ]
              ],
              [
                111,
                79,
                [
                  31.7
                ]
              ],
              [
                118,
                75,
                [
                  11.5
                ]
              ]
            ],
            -1,
            -1,
            0,
            -1,
            -1,
            3,
            [
              2,
              7,
              4020,
              []
            ]
          ],
          [
            6543665992,
            3,
            2,
            5,
            -1,
            [
              [
                3,
                98,
                [
                  116.9
                ]
              ],
              [
                6,
                70,
                [
                  75.5
                ]
              ],
              [
                109,
                73,
                [
                  37.2
                ]
              ],
              [
                111,
                85,
                [
                  33.5
                ]
              ]
            ],
            -1,
            -1,
            0,
            -1,
            -1,
            3,
            [
              3,
              7,
              4260,
              []
            ]
          ],
          [
            6541856164,
            4,
            2,
            5,
            -1,
            [
              [
                7,
                100,
                [
                  17.0
                ]
              ],
              [
                108,
                100,
                [
                  48.0
                ]
              ],
              [
                111,
                100,
                [
                  38.0
                ]
              ],
              [
                121,
                100,
                [
                  215,
                  1000.0
                ]
              ]
            ],
            -1,
            -1,
            0,
            -1,
            -1,
            3,
            [
              4,
              7,
              5000,
              []
            ]
          ],
          [
            6541850270,
            6,
            2,
            15,
            -1,
            [
              [
                509,
                47,
                [
                  25.4
                ]
              ],
              [
                510,
                70,
                [
                  33.9
                ]
              ],
              [
                507,
                40,
                [
                  28.6
                ]
              ],
              [
                511,
                66,
                [
                  24.8
                ]
              ],
              [
                20013,
                57,
                [
                  9,
                  27.0,
                  58,
                  27.0,
                  714,
                  27.0,
                  10,
                  27.0,
                  59,
                  27.0,
                  715,
                  27.0
                ]
              ],
              [
                20018,
                100,
                [
                  1.0
                ]
              ]
            ],
            -1,
            -1,
            0,
            -1,
            -1,
            3,
            [
              62,
              6,
              3230,
              []
            ]
          ]
        ],
        "GID": 122,
        "ID": 10,
        "L": 10,
        "N": "",
        "SPR": 1892,
        "ST": 0,
        "VIS": 7,
        "W": 4555,
        "WID": 2
      },
      {
        "D": 30,
        "EQ": [
          [
            6541852306,
            1,
            2,
            5,
            -1,
            [
              [
                4,
                38,
                [
                  113.9
                ]
              ],
              [
                5,
                54,
                [
                  74.7
                ]
              ],
              [
                113,
                39,
                [
                  8.9
                ]
              ],
              [
                116,
                71,
                [
                  71.8
                ]
              ]
            ],
            -1,
            -1,
            0,
            -1,
            -1,
            3,
            [
              1,
              4,
              3020,
              []
            ]
          ],
          [
            6543665991,
            2,
            2,
            5,
            -1,
            [
              [
                1,
                90,
                [
                  86.5
                ]
              ],
              [
                2,
                82,
                [
                  86.1
                ]
              ],
              [
                112,
                66,
                [
                  27.8
                ]
              ],
              [
                108,
                89,
                [
                  43.6
                ]
              ]
            ],
            -1,
            -1,
            0,
            -1,
            -1,
            3,
            [
              2,
              7,
              4270,
              []
            ]
          ],
          [
            6541850372,
            3,
            2,
            5,
            -1,
            [
              [
                3,
                72,
                [
                  115.6
                ]
              ],
              [
                6,
                60,
                [
                  75.0
                ]
              ],
              [
                112,
                45,
                [
                  21.5
                ]
              ],
              [
                116,
                33,
                [
                  41.4
                ]
              ]
            ],
            -1,
            -1,
            0,
            -1,
            -1,
            3,
            [
              3,
              6,
              3100,
              []
            ]
          ],
          [
            6547137547,
            4,
            2,
            5,
            -1,
            [
              [
                7,
                66,
                [
                  15.3
                ]
              ],
              [
                112,
                84,
                [
                  33.2
                ]
              ],
              [
                108,
                78,
                [
                  39.2
                ]
              ],
              [
                121,
                71,
                [
                  215,
                  713.0
                ]
              ]
            ],
            -1,
            -1,
            0,
            -1,
            -1,
            3,
            [
              4,
              7,
              3990,
              []
            ]
          ],
          [
            6541065560,
            6,
            2,
            15,
            -1,
            [
              [
                506,
                15,
                [
                  15.2
                ]
              ],
              [
                504,
                12,
                [
                  10.2
                ]
              ],
              [
                503,
                56,
                [
                  20.1
                ]
              ],
              [
                20008,
                52,
                [
                  9,
                  23.0,
                  58,
                  23.0,
                  714,
                  23.0,
                  10,
                  23.0,
                  59,
                  23.0,
                  715,
                  23.0
                ]
              ],
              [
                20003,
                50,
                [
                  18,
                  8.0,
                  19,
                  8.0,
                  20,
                  8.0,
                  21,
                  8.0
                ]
              ]
            ],
            -1,
            -1,
            0,
            -1,
            -1,
            3,
            [
              62,
              2,
              1830,
              []
            ]
          ]
        ],
        "GID": -1,
        "ID": 11,
        "N": "",
        "SPR": 1714,
        "VIS": 8,
        "W": 4233,
        "WID": 2
      },
      {
        "D": 7,
        "EQ": [
          [
            6541854838,
            1,
            2,
            5,
            -1,
            [
              [
                4,
                100,
                [
                  117.0
                ]
              ],
              [
                5,
                100,
                [
                  77.0
                ]
              ],
              [
                115,
                100,
                [
                  45.0
                ]
              ],
              [
                116,
                100,
                [
                  95.0
                ]
              ]
            ],
            -1,
            -1,
            0,
            -1,
            -1,
            3,
            [
              1,
              7,
              5000,
              []
            ]
          ],
          [
            6540317160,
            2,
            2,
            5,
            -1,
            [
              [
                1,
                36,
                [
                  83.8
                ]
              ],
              [
                2,
                64,
                [
                  85.2
                ]
              ],
              [
                101,
                34,
                [
                  15.1
                ]
              ]
            ],
            -1,
            -1,
            0,
            -1,
            -1,
            3,
            [
              2,
              4,
              2340,
              []
            ]
          ],
          [
            6541798822,
            3,
            2,
            5,
            -1,
            [
              [
                3,
                68,
                [
                  115.4
                ]
              ],
              [
                6,
                58,
                [
                  74.9
                ]
              ],
              [
                101,
                59,
                [
                  20.8
                ]
              ]
            ],
            -1,
            -1,
            0,
            -1,
            -1,
            3,
            [
              3,
              5,
              2850,
              []
            ]
          ],
          [
            6547264030,
            4,
            2,
            5,
            -1,
            [
              [
                7,
                68,
                [
                  15.4
                ]
              ],
              [
                117,
                69,
                [
                  32.6
                ]
              ],
              [
                121,
                82,
                [
                  215,
                  822.0
                ]
              ],
              [
                108,
                83,
                [
                  41.2
                ]
              ]
            ],
            -1,
            -1,
            0,
            -1,
            -1,
            3,
            [
              4,
              7,
              4020,
              []
            ]
          ],
          [
            6541853923,
            6,
            2,
            15,
            -1,
            [
              [
                811,
                57,
                [
                  22.1
                ]
              ],
              [
                806,
                49,
                [
                  82.3
                ]
              ],
              [
                809,
                41,
                [
                  29.0
                ]
              ],
              [
                812,
                67,
                [
                  25.1
                ]
              ],
              [
                20017,
                80,
                [
                  195,
                  17.0,
                  196,
                  17.0,
                  197,
                  17.0,
                  198,
                  17.0,
                  199,
                  17.0,
                  200,
                  17.0,
                  201,
                  17.0,
                  202,
                  17.0,
                  203,
                  17.0,
                  204,
                  17.0,
                  205,
                  17.0,
                  206,
                  17.0,
                  207,
                  17.0,
                  208,
                  17.0,
                  209,
                  17.0,
                  210,
                  17.0,
                  211,
                  17.0,
                  212,
                  17.0,
                  213,
                  17.0,
                  214,
                  17.0,
                  215,
                  17.0,
                  216,
                  17.0,
                  217,
                  17.0,
                  218,
                  17.0,
                  219,
                  17.0,
                  220,
                  17.0,
                  221,
                  17.0,
                  222,
                  17.0,
                  223,
                  17.0,
                  224,
                  17.0,
                  225,
                  17.0,
                  226,
                  17.0,
                  227,
                  17.0,
                  228,
                  17.0,
                  229,
                  17.0,
                  230,
                  17.0,
                  231,
                  17.0,
                  232,
                  17.0,
                  233,
                  17.0,
                  234,
                  17.0,
                  235,
                  17.0,
                  236,
                  17.0,
                  237,
                  17.0,
                  238,
                  17.0
                ]
              ],
              [
                20015,
                68,
                [
                  22,
                  47.0,
                  23,
                  47.0
                ]
              ]
            ],
            -1,
            -1,
            0,
            -1,
            -1,
            3,
            [
              65,
              5,
              3140,
              []
            ]
          ]
        ],
        "GID": -1,
        "ID": 16,
        "N": "",
        "SPR": 911,
        "VIS": 9,
        "W": 2977,
        "WID": 2
      },
      {
        "D": 3,
        "EQ": [
          [
            6540429730,
            1,
            2,
            5,
            -1,
            [
              [
                4,
                64,
                [
                  115.2
                ]
              ],
              [
                5,
                34,
                [
                  73.7
                ]
              ],
              [
                108,
                40,
                [
                  24.0
                ]
              ],
              [
                113,
                68,
                [
                  13.2
                ]
              ]
            ],
            -1,
            -1,
            0,
            -1,
            -1,
            3,
            [
              1,
              6,
              3060,
              []
            ]
          ],
          [
            6547137542,
            2,
            2,
            5,
            -1,
            [
              [
                1,
                68,
                [
                  85.4
                ]
              ],
              [
                2,
                68,
                [
                  85.4
                ]
              ],
              [
                110,
                87,
                [
                  34.1
                ]
              ],
              [
                109,
                83,
                [
                  41.2
                ]
              ]
            ],
            -1,
            -1,
            0,
            -1,
            -1,
            3,
            [
              2,
              7,
              4060,
              []
            ]
          ],
          [
            6547266537,
            3,
            2,
            5,
            -1,
            [
              [
                3,
                80,
                [
                  116.0
                ]
              ],
              [
                6,
                92,
                [
                  76.6
                ]
              ],
              [
                108,
                82,
                [
                  40.8
                ]
              ],
              [
                116,
                82,
                [
                  80.6
                ]
              ]
            ],
            -1,
            -1,
            0,
            -1,
            -1,
            3,
            [
              3,
              7,
              4360,
              []
            ]
          ],
          [
            6547266633,
            4,
            2,
            5,
            -1,
            [
              [
                7,
                86,
                [
                  16.3
                ]
              ],
              [
                121,
                85,
                [
                  215,
                  852.0
                ]
              ],
              [
                117,
                88,
                [
                  40.2
                ]
              ],
              [
                110,
                96,
                [
                  36.8
                ]
              ]
            ],
            -1,
            -1,
            0,
            -1,
            -1,
            3,
            [
              4,
              7,
              4550,
              []
            ]
          ],
          [
            6540429474,
            6,
            2,
            15,
            -1,
            [
              [
                811,
                35,
                [
                  15.5
                ]
              ],
              [
                815,
                36,
                [
                  18.8
                ]
              ],
              [
                806,
                57,
                [
                  83.6
                ]
              ],
              [
                813,
                73,
                [
                  35.0
                ]
              ],
              [
                20014,
                33,
                [
                  18,
                  33.0,
                  19,
                  33.0,
                  20,
                  33.0,
                  21,
                  33.0
                ]
              ],
              [
                20017,
                80,
                [
                  195,
                  17.0,
                  196,
                  17.0,
                  197,
                  17.0,
                  198,
                  17.0,
                  199,
                  17.0,
                  200,
                  17.0,
                  201,
                  17.0,
                  202,
                  17.0,
                  203,
                  17.0,
                  204,
                  17.0,
                  205,
                  17.0,
                  206,
                  17.0,
                  207,
                  17.0,
                  208,
                  17.0,
                  209,
                  17.0,
                  210,
                  17.0,
                  211,
                  17.0,
                  212,
                  17.0,
                  213,
                  17.0,
                  214,
                  17.0,
                  215,
                  17.0,
                  216,
                  17.0,
                  217,
                  17.0,
                  218,
                  17.0,
                  219,
                  17.0,
                  220,
                  17.0,
                  221,
                  17.0,
                  222,
                  17.0,
                  223,
                  17.0,
                  224,
                  17.0,
                  225,
                  17.0,
                  226,
                  17.0,
                  227,
                  17.0,
                  228,
                  17.0,
                  229,
                  17.0,
                  230,
                  17.0,
                  231,
                  17.0,
                  232,
                  17.0,
                  233,
                  17.0,
                  234,
                  17.0,
                  235,
                  17.0,
                  236,
                  17.0,
                  237,
                  17.0,
                  238,
                  17.0
                ]
              ]
            ],
            -1,
            -1,
            0,
            -1,
            -1,
            3,
            [
              65,
              4,
              3010,
              []
            ]
          ]
        ],
        "GID": -1,
        "ID": 17,
        "N": "",
        "SPR": 1056,
        "VIS": 10,
        "W": 2621,
        "WID": 2
      },
      {
        "D": 4,
        "EQ": [
          [
            6544805516,
            1,
            2,
            5,
            -1,
            [
              [
                4,
                66,
                [
                  115.3
                ]
              ],
              [
                5,
                76,
                [
                  75.8
                ]
              ],
              [
                110,
                75,
                [
                  30.5
                ]
              ],
              [
                116,
                80,
                [
                  79.0
                ]
              ]
            ],
            -1,
            -1,
            0,
            -1,
            -1,
            3,
            [
              1,
              7,
              3970,
              []
            ]
          ],
          [
            6552046027,
            2,
            2,
            5,
            -1,
            [
              [
                1,
                66,
                [
                  85.3
                ]
              ],
              [
                2,
                72,
                [
                  85.6
                ]
              ],
              [
                116,
                72,
                [
                  72.6
                ]
              ],
              [
                114,
                60,
                [
                  18.8
                ]
              ]
            ],
            -1,
            -1,
            0,
            -1,
            -1,
            3,
            [
              2,
              7,
              3700,
              []
            ]
          ],
          [
            6549477899,
            3,
            2,
            5,
            -1,
            [
              [
                3,
                64,
                [
                  115.2
                ]
              ],
              [
                6,
                96,
                [
                  76.8
                ]
              ],
              [
                117,
                73,
                [
                  34.2
                ]
              ],
              [
                108,
                66,
                [
                  34.4
                ]
              ]
            ],
            -1,
            -1,
            0,
            -1,
            -1,
            3,
            [
              3,
              7,
              3990,
              []
            ]
          ],
          [
            6552046029,
            4,
            2,
            5,
            -1,
            [
              [
                7,
                64,
                [
                  15.2
                ]
              ],
              [
                117,
                80,
                [
                  37.0
                ]
              ],
              [
                121,
                82,
                [
                  215,
                  822.0
                ]
              ],
              [
                114,
                65,
                [
                  20.0
                ]
              ]
            ],
            -1,
            -1,
            0,
            -1,
            -1,
            3,
            [
              4,
              7,
              3910,
              []
            ]
          ],
          [
            6540429944,
            6,
            2,
            15,
            -1,
            [
              [
                515,
                51,
                [
                  8.6
                ]
              ],
              [
                513,
                37,
                [
                  16.1
                ]
              ],
              [
                508,
                54,
                [
                  34.8
                ]
              ],
              [
                511,
                38,
                [
                  16.4
                ]
              ],
              [
                20013,
                80,
                [
                  9,
                  34.0,
                  58,
                  34.0,
                  714,
                  34.0,
                  10,
                  34.0,
                  59,
                  34.0,
                  715,
                  34.0
                ]
              ],
              [
                20020,
                44,
                [
                  16.6
                ]
              ]
            ],
            -1,
            -1,
            0,
            -1,
            -1,
            3,
            [
              62,
              2,
              2800,
              []
            ]
          ]
        ],
        "GID": -1,
        "ID": 18,
        "N": "",
        "SPR": 340,
        "VIS": 11,
        "W": 2409,
        "WID": 2
      },
      {
        "D": 5,
        "EQ": [
          [
            6552046026,
            1,
            2,
            5,
            -1,
            [
              [
                4,
                76,
                [
                  115.8
                ]
              ],
              [
                5,
                62,
                [
                  75.1
                ]
              ],
              [
                114,
                88,
                [
                  25.2
                ]
              ],
              [
                116,
                92,
                [
                  88.6
                ]
              ]
            ],
            -1,
            -1,
            0,
            -1,
            -1,
            3,
            [
              1,
              7,
              4180,
              []
            ]
          ],
          [
            6546154240,
            2,
            2,
            5,
            -1,
            [
              [
                1,
                86,
                [
                  86.3
                ]
              ],
              [
                2,
                88,
                [
                  86.4
                ]
              ],
              [
                109,
                68,
                [
                  35.2
                ]
              ],
              [
                115,
                60,
                [
                  29.0
                ]
              ]
            ],
            -1,
            -1,
            0,
            -1,
            -1,
            3,
            [
              2,
              7,
              4020,
              []
            ]
          ],
          [
            6541860541,
            3,
            2,
            5,
            -1,
            [
              [
                3,
                56,
                [
                  114.8
                ]
              ],
              [
                6,
                46,
                [
                  74.3
                ]
              ],
              [
                115,
                74,
                [
                  34.6
                ]
              ],
              [
                108,
                58,
                [
                  31.2
                ]
              ]
            ],
            -1,
            -1,
            0,
            -1,
            -1,
            3,
            [
              3,
              5,
              3340,
              []
            ]
          ],
          [
            6549477900,
            4,
            2,
            5,
            -1,
            [
              [
                7,
                86,
                [
                  16.3
                ]
              ],
              [
                121,
                77,
                [
                  215,
                  772.0
                ]
              ],
              [
                117,
                65,
                [
                  31.0
                ]
              ],
              [
                113,
                90,
                [
                  16.5
                ]
              ]
            ],
            -1,
            -1,
            0,
            -1,
            -1,
            3,
            [
              4,
              7,
              4180,
              []
            ]
          ],
          [
            6540429256,
            6,
            2,
            15,
            -1,
            [
              [
                509,
                57,
                [
                  29.1
                ]
              ],
              [
                510,
                69,
                [
                  33.5
                ]
              ],
              [
                514,
                61,
                [
                  17.2
                ]
              ],
              [
                513,
                46,
                [
                  18.8
                ]
              ],
              [
                20013,
                37,
                [
                  9,
                  21.0,
                  58,
                  21.0,
                  714,
                  21.0,
                  10,
                  21.0,
                  59,
                  21.0,
                  715,
                  21.0
                ]
              ],
              [
                20015,
                43,
                [
                  22,
                  37.0,
                  23,
                  37.0
                ]
              ]
            ],
            -1,
            -1,
            0,
            -1,
            -1,
            3,
            [
              62,
              6,
              3330,
              []
            ]
          ]
        ],
        "GID": -1,
        "ID": 20,
        "N": "",
        "SPR": 341,
        "VIS": 12,
        "W": 2308,
        "WID": 2
      },
      {
        "D": 4,
        "EQ": [
          [
            6547137540,
            1,
            2,
            5,
            -1,
            [
              [
                4,
                86,
                [
                  116.3
                ]
              ],
              [
                5,
                78,
                [
                  75.9
                ]
              ],
              [
                116,
                78,
                [
                  77.4
                ]
              ],
              [
                110,
                89,
                [
                  34.7
                ]
              ]
            ],
            -1,
            -1,
            0,
            -1,
            -1,
            3,
            [
              1,
              7,
              4310,
              []
            ]
          ],
          [
            6551326724,
            2,
            2,
            5,
            -1,
            [
              [
                1,
                86,
                [
                  86.3
                ]
              ],
              [
                2,
                72,
                [
                  85.6
                ]
              ],
              [
                111,
                73,
                [
                  29.9
                ]
              ],
              [
                108,
                60,
                [
                  32.0
                ]
              ]
            ],
            -1,
            -1,
            0,
            -1,
            -1,
            3,
            [
              2,
              7,
              3910,
              []
            ]
          ],
          [
            6546798437,
            3,
            2,
            5,
            -1,
            [
              [
                3,
                62,
                [
                  115.1
                ]
              ],
              [
                6,
                66,
                [
                  75.3
                ]
              ],
              [
                112,
                68,
                [
                  28.4
                ]
              ],
              [
                116,
                64,
                [
                  66.2
                ]
              ]
            ],
            -1,
            -1,
            0,
            -1,
            -1,
            3,
            [
              3,
              7,
              3600,
              []
            ]
          ],
          [
            6540429766,
            4,
            2,
            5,
            -1,
            [
              [
                7,
                44,
                [
                  14.2
                ]
              ],
              [
                121,
                50,
                [
                  215,
                  505.0
                ]
              ],
              [
                110,
                44,
                [
                  21.2
                ]
              ],
              [
                111,
                62,
                [
                  26.6
                ]
              ]
            ],
            -1,
            -1,
            0,
            -1,
            -1,
            3,
            [
              4,
              5,
              3000,
              [
                4619098,
                32,
                1,
                1940,
                [
                  [
                    302,
                    24,
                    [
                      21.1
                    ]
                  ],
                  [
                    304,
                    39,
                    [
                      3.8
                    ]
                  ],
                  [
                    306,
                    31,
                    [
                      6.8
                    ]
                  ]
                ],
                0
              ]
            ]
          ],
          [
            6541853188,
            6,
            2,
            15,
            -1,
            [
              [
                510,
                38,
                [
                  22.1
                ]
              ],
              [
                508,
                56,
                [
                  35.6
                ]
              ],
              [
                509,
                36,
                [
                  21.3
                ]
              ],
              [
                515,
                62,
                [
                  10.1
                ]
              ],
              [
                20016,
                70,
                [
                  2060,
                  31.0,
                  2061,
                  31.0,
                  2062,
                  31.0,
                  2063,
                  31.0,
                  2064,
                  31.0,
                  2065,
                  31.0,
                  2066,
                  31.0,
                  2067,
                  31.0,
                  2068,
                  31.0,
                  148,
                  31.0,
                  2069,
                  31.0,
                  149,
                  31.0,
                  2070,
                  31.0,
                  150,
                  31.0,
                  151,
                  31.0,
                  2071,
                  31.0,
                  2072,
                  31.0,
                  2073,
                  31.0,
                  2074,
                  31.0,
                  2075,
                  31.0,
                  2076,
                  31.0,
                  2077,
                  31.0,
                  2078,
                  31.0,
                  2079,
                  31.0,
                  2020,
                  31.0,
                  2021,
                  31.0,
                  2022,
                  31.0,
                  2023,
                  31.0,
                  2024,
                  31.0,
                  2025,
                  31.0,
                  2026,
                  31.0,
                  2027,
                  31.0,
                  2028,
                  31.0,
                  2029,
                  31.0,
                  2030,
                  31.0,
                  2031,
                  31.0,
                  2032,
                  31.0,
                  2033,
                  31.0,
                  2034,
                  31.0,
                  2035,
                  31.0,
                  2036,
                  31.0,
                  2037,
                  31.0,
                  2038,
                  31.0,
                  2039,
                  31.0
                ]
              ],
              [
                20013,
                77,
                [
                  9,
                  33.0,
                  58,
                  33.0,
                  714,
                  33.0,
                  10,
                  33.0,
                  59,
                  33.0,
                  715,
                  33.0
                ]
              ]
            ],
            -1,
            -1,
            0,
            -1,
            -1,
            3,
            [
              62,
              4,
              2920,
              []
            ]
          ]
        ],
        "GID": -1,
        "ID": 21,
        "N": "",
        "SPR": 253,
        "VIS": 13,
        "W": 2192,
        "WID": 2
      },
      {
        "D": 3,
        "EQ": [
          [
            6540430034,
            1,
            2,
            5,
            -1,
            [
              [
                4,
                38,
                [
                  113.9
                ]
              ],
              [
                5,
                46,
                [
                  74.3
                ]
              ],
              [
                115,
                41,
                [
                  21.4
                ]
              ],
              [
                112,
                44,
                [
                  21.2
                ]
              ]
            ],
            -1,
            -1,
            0,
            -1,
            -1,
            3,
            [
              1,
              3,
              2690,
              []
            ]
          ],
          [
            6540171841,
            2,
            2,
            5,
            -1,
            [
              [
                1,
                68,
                [
                  85.4
                ]
              ],
              [
                2,
                42,
                [
                  84.1
                ]
              ],
              [
                103,
                21,
                [
                  7.3
                ]
              ]
            ],
            -1,
            -1,
            0,
            -1,
            -1,
            3,
            [
              2,
              4,
              2310,
              []
            ]
          ],
          [
            6540667835,
            3,
            2,
            5,
            -1,
            [
              [
                3,
                12,
                [
                  112.6
                ]
              ],
              [
                6,
                26,
                [
                  73.3
                ]
              ],
              [
                101,
                41,
                [
                  16.7
                ]
              ]
            ],
            -1,
            -1,
            0,
            -1,
            -1,
            3,
            [
              3,
              2,
              1790,
              []
            ]
          ],
          [
            6541852670,
            4,
            2,
            5,
            -1,
            [
              [
                7,
                46,
                [
                  14.3
                ]
              ],
              [
                114,
                51,
                [
                  16.7
                ]
              ],
              [
                110,
                49,
                [
                  22.7
                ]
              ],
              [
                121,
                49,
                [
                  215,
                  495.0
                ]
              ]
            ],
            -1,
            -1,
            0,
            -1,
            -1,
            3,
            [
              4,
              3,
              2950,
              []
            ]
          ],
          [
            6541852040,
            6,
            2,
            15,
            -1,
            [
              [
                512,
                38,
                [
                  27.7
                ]
              ],
              [
                510,
                46,
                [
                  25.0
                ]
              ],
              [
                507,
                35,
                [
                  26.4
                ]
              ],
              [
                511,
                51,
                [
                  20.3
                ]
              ],
              [
                20020,
                43,
                [
                  16.5
                ]
              ],
              [
                20019,
                42,
                [
                  9.2
                ]
              ]
            ],
            -1,
            -1,
            0,
            -1,
            -1,
            3,
            [
              62,
              2,
              2700,
              []
            ]
          ]
        ],
        "GID": -1,
        "ID": 22,
        "N": "",
        "SPR": 256,
        "VIS": 14,
        "W": 2017,
        "WID": 2
      },
      {
        "D": 1,
        "EQ": [
          [
            6540429987,
            1,
            2,
            5,
            -1,
            [
              [
                4,
                80,
                [
                  116.0
                ]
              ],
              [
                5,
                54,
                [
                  74.7
                ]
              ],
              [
                111,
                55,
                [
                  24.5
                ]
              ],
              [
                110,
                32,
                [
                  17.6
                ]
              ]
            ],
            -1,
            -1,
            0,
            -1,
            -1,
            3,
            [
              1,
              5,
              3210,
              []
            ]
          ],
          [
            6540436616,
            2,
            2,
            5,
            -1,
            [
              [
                1,
                44,
                [
                  84.2
                ]
              ],
              [
                2,
                56,
                [
                  84.8
                ]
              ],
              [
                106,
                62,
                [
                  4.3
                ]
              ]
            ],
            -1,
            -1,
            0,
            -1,
            -1,
            3,
            [
              2,
              5,
              2620,
              []
            ]
          ],
          [
            6540732877,
            3,
            2,
            5,
            -1,
            [
              [
                3,
                48,
                [
                  114.4
                ]
              ],
              [
                6,
                22,
                [
                  73.1
                ]
              ],
              [
                101,
                38,
                [
                  16.0
                ]
              ]
            ],
            -1,
            -1,
            0,
            -1,
            -1,
            3,
            [
              3,
              2,
              2080,
              []
            ]
          ],
          [
            6540429502,
            4,
            2,
            5,
            -1,
            [
              [
                7,
                68,
                [
                  15.4
                ]
              ],
              [
                117,
                46,
                [
                  23.4
                ]
              ],
              [
                110,
                63,
                [
                  26.9
                ]
              ],
              [
                113,
                36,
                [
                  8.4
                ]
              ]
            ],
            -1,
            -1,
            0,
            -1,
            -1,
            3,
            [
              4,
              6,
              3130,
              []
            ]
          ],
          [
            6541850253,
            6,
            2,
            15,
            -1,
            [
              [
                511,
                37,
                [
                  16.1
                ]
              ],
              [
                513,
                43,
                [
                  17.9
                ]
              ],
              [
                514,
                41,
                [
                  13.2
                ]
              ],
              [
                512,
                75,
                [
                  44.0
                ]
              ],
              [
                20014,
                40,
                [
                  18,
                  36.0,
                  19,
                  36.0,
                  20,
                  36.0,
                  21,
                  36.0
                ]
              ],
              [
                20017,
                67,
                [
                  195,
                  15.0,
                  196,
                  15.0,
                  197,
                  15.0,
                  198,
                  15.0,
                  199,
                  15.0,
                  200,
                  15.0,
                  201,
                  15.0,
                  202,
                  15.0,
                  203,
                  15.0,
                  204,
                  15.0,
                  205,
                  15.0,
                  206,
                  15.0,
                  207,
                  15.0,
                  208,
                  15.0,
                  209,
                  15.0,
                  210,
                  15.0,
                  211,
                  15.0,
                  212,
                  15.0,
                  213,
                  15.0,
                  214,
                  15.0,
                  215,
                  15.0,
                  216,
                  15.0,
                  217,
                  15.0,
                  218,
                  15.0,
                  219,
                  15.0,
                  220,
                  15.0,
                  221,
                  15.0,
                  222,
                  15.0,
                  223,
                  15.0,
                  224,
                  15.0,
                  225,
                  15.0,
                  226,
                  15.0,
                  227,
                  15.0,
                  228,
                  15.0,
                  229,
                  15.0,
                  230,
                  15.0,
                  231,
                  15.0,
                  232,
                  15.0,
                  233,
                  15.0,
                  234,
                  15.0,
                  235,
                  15.0,
                  236,
                  15.0,
                  237,
                  15.0,
                  238,
                  15.0
                ]
              ]
            ],
            -1,
            -1,
            0,
            -1,
            -1,
            3,
            [
              62,
              5,
              2960,
              []
            ]
          ]
        ],
        "GID": -1,
        "ID": 23,
        "N": "",
        "SPR": 803,
        "VIS": 15,
        "W": 1963,
        "WID": 2
      },
      {
        "D": 1,
        "EQ": [
          [
            6540429538,
            1,
            2,
            5,
            -1,
            [
              [
                4,
                66,
                [
                  115.3
                ]
              ],
              [
                5,
                64,
                [
                  75.2
                ]
              ],
              [
                108,
                62,
                [
                  32.8
                ]
              ],
              [
                111,
                60,
                [
                  26.0
                ]
              ]
            ],
            -1,
            -1,
            0,
            -1,
            -1,
            3,
            [
              1,
              7,
              3520,
              []
            ]
          ],
          [
            6540514444,
            2,
            2,
            5,
            -1,
            [
              [
                1,
                56,
                [
                  84.8
                ]
              ],
              [
                2,
                40,
                [
                  84.0
                ]
              ],
              [
                105,
                44,
                [
                  10.4
                ]
              ]
            ],
            -1,
            -1,
            0,
            -1,
            -1,
            3,
            [
              2,
              3,
              2400,
              []
            ]
          ],
          [
            6540757649,
            3,
            2,
            5,
            -1,
            [
              [
                3,
                66,
                [
                  115.3
                ]
              ],
              [
                6,
                12,
                [
                  72.6
                ]
              ],
              [
                107,
                54,
                [
                  11.8
                ]
              ]
            ],
            -1,
            -1,
            0,
            -1,
            -1,
            3,
            [
              3,
              4,
              2320,
              []
            ]
          ],
          [
            6540427110,
            4,
            2,
            5,
            -1,
            [
              [
                7,
                46,
                [
                  14.3
                ]
              ],
              [
                107,
                48,
                [
                  11.0
                ]
              ],
              [
                101,
                21,
                [
                  12.2
                ]
              ]
            ],
            -1,
            -1,
            0,
            -1,
            -1,
            3,
            [
              4,
              2,
              2150,
              []
            ]
          ],
          [
            6540317183,
            6,
            2,
            15,
            -1,
            [
              [
                502,
                60,
                [
                  29.4
                ]
              ],
              [
                503,
                6,
                [
                  8.9
                ]
              ],
              [
                506,
                61,
                [
                  29.7
                ]
              ],
              [
                20001,
                13,
                [
                  672,
                  5.0,
                  664,
                  5.0,
                  75,
                  5.0,
                  76,
                  5.0,
                  686,
                  5.0,
                  687,
                  5.0
                ]
              ],
              [
                20003,
                25,
                [
                  18,
                  6.0,
                  19,
                  6.0,
                  20,
                  6.0,
                  21,
                  6.0
                ]
              ]
            ],
            -1,
            -1,
            0,
            -1,
            -1,
            3,
            [
              62,
              6,
              2270,
              []
            ]
          ]
        ],
        "GID": -1,
        "ID": 24,
        "N": "",
        "SPR": 765,
        "VIS": 16,
        "W": 1883,
        "WID": 2
      },
      {
        "D": 2,
        "EQ": [
          [
            6540667839,
            1,
            2,
            5,
            -1,
            [
              [
                4,
                56,
                [
                  114.8
                ]
              ],
              [
                5,
                48,
                [
                  74.4
                ]
              ],
              [
                102,
                63,
                [
                  21.7
                ]
              ]
            ],
            -1,
            -1,
            0,
            -1,
            -1,
            3,
            [
              1,
              5,
              2670,
              []
            ]
          ],
          [
            6540831882,
            2,
            2,
            5,
            -1,
            [
              [
                1,
                18,
                [
                  82.9
                ]
              ],
              [
                2,
                38,
                [
                  83.9
                ]
              ],
              [
                103,
                60,
                [
                  12.6
                ]
              ]
            ],
            -1,
            -1,
            0,
            -1,
            -1,
            3,
            [
              2,
              4,
              2160,
              []
            ]
          ],
          [
            6540832449,
            3,
            2,
            5,
            -1,
            [
              [
                3,
                58,
                [
                  114.9
                ]
              ],
              [
                6,
                34,
                [
                  73.7
                ]
              ],
              [
                102,
                23,
                [
                  12.7
                ]
              ]
            ],
            -1,
            -1,
            0,
            -1,
            -1,
            3,
            [
              3,
              2,
              2150,
              []
            ]
          ],
          [
            6540430478,
            4,
            2,
            5,
            -1,
            [
              [
                7,
                52,
                [
                  14.6
                ]
              ],
              [
                108,
                56,
                [
                  30.4
                ]
              ],
              [
                117,
                65,
                [
                  31.0
                ]
              ],
              [
                112,
                30,
                [
                  17.0
                ]
              ]
            ],
            -1,
            -1,
            0,
            -1,
            -1,
            3,
            [
              4,
              5,
              3030,
              []
            ]
          ],
          [
            6542033622,
            6,
            2,
            15,
            -1,
            [
              [
                501,
                63,
                [
                  30.3
                ]
              ],
              [
                502,
                59,
                [
                  29.1
                ]
              ],
              [
                503,
                42,
                [
                  17.0
                ]
              ],
              [
                20007,
                33,
                [
                  672,
                  18.0,
                  664,
                  18.0,
                  75,
                  18.0,
                  76,
                  18.0,
                  686,
                  18.0,
                  687,
                  18.0
                ]
              ],
              [
                20002,
                25,
                [
                  9,
                  6.0,
                  58,
                  6.0,
                  714,
                  6.0,
                  10,
                  6.0,
                  59,
                  6.0,
                  715,
                  6.0
                ]
              ]
            ],
            -1,
            -1,
            0,
            -1,
            -1,
            3,
            [
              62,
              5,
              2640,
              []
            ]
          ]
        ],
        "GID": -1,
        "ID": 25,
        "N": "",
        "SPR": 755,
        "VIS": 17,
        "W": 1834,
        "WID": 2
      },
      {
        "D": 1,
        "EQ": [
          [
            6540429701,
            1,
            2,
            5,
            -1,
            [
              [
                4,
                58,
                [
                  114.9
                ]
              ],
              [
                5,
                72,
                [
                  75.6
                ]
              ],
              [
                112,
                32,
                [
                  17.6
                ]
              ],
              [
                113,
                53,
                [
                  10.9
                ]
              ]
            ],
            -1,
            -1,
            0,
            -1,
            -1,
            3,
            [
              1,
              5,
              3150,
              []
            ]
          ],
          [
            6540287193,
            2,
            2,
            5,
            -1,
            [
              [
                1,
                86,
                [
                  86.3
                ]
              ],
              [
                2,
                76,
                [
                  85.8
                ]
              ],
              [
                117,
                92,
                [
                  41.8
                ]
              ],
              [
                112,
                83,
                [
                  32.9
                ]
              ]
            ],
            -1,
            -1,
            0,
            -1,
            -1,
            3,
            [
              2,
              7,
              4370,
              [
                4615014,
                32,
                7,
                3910,
                [
                  [
                    311,
                    82,
                    [
                      17.1
                    ]
                  ],
                  [
                    318,
                    69,
                    [
                      14.4
                    ]
                  ],
                  [
                    315,
                    61,
                    [
                      9.9
                    ]
                  ],
                  [
                    310,
                    79,
                    [
                      20.2
                    ]
                  ]
                ],
                0
              ]
            ]
          ],
          [
            6540908054,
            3,
            2,
            5,
            -1,
            [
              [
                3,
                28,
                [
                  113.4
                ]
              ],
              [
                6,
                66,
                [
                  75.3
                ]
              ],
              [
                101,
                56,
                [
                  20.1
                ]
              ]
            ],
            -1,
            -1,
            0,
            -1,
            -1,
            3,
            [
              3,
              4,
              2500,
              []
            ]
          ],
          [
            6540259108,
            4,
            2,
            5,
            -1,
            [
              [
                7,
                56,
                [
                  14.8
                ]
              ],
              [
                103,
                33,
                [
                  9.0
                ]
              ],
              [
                104,
                24,
                [
                  7.7
                ]
              ]
            ],
            -1,
            -1,
            0,
            -1,
            -1,
            3,
            [
              4,
              2,
              2130,
              []
            ]
          ],
          [
            6540430642,
            6,
            2,
            15,
            -1,
            [
              [
                509,
                49,
                [
                  26.1
                ]
              ],
              [
                507,
                40,
                [
                  28.6
                ]
              ],
              [
                508,
                76,
                [
                  44.4
                ]
              ],
              [
                510,
                31,
                [
                  19.5
                ]
              ],
              [
                20017,
                60,
                [
                  195,
                  14.0,
                  196,
                  14.0,
                  197,
                  14.0,
                  198,
                  14.0,
                  199,
                  14.0,
                  200,
                  14.0,
                  201,
                  14.0,
                  202,
                  14.0,
                  203,
                  14.0,
                  204,
                  14.0,
                  205,
                  14.0,
                  206,
                  14.0,
                  207,
                  14.0,
                  208,
                  14.0,
                  209,
                  14.0,
                  210,
                  14.0,
                  211,
                  14.0,
                  212,
                  14.0,
                  213,
                  14.0,
                  214,
                  14.0,
                  215,
                  14.0,
                  216,
                  14.0,
                  217,
                  14.0,
                  218,
                  14.0,
                  219,
                  14.0,
                  220,
                  14.0,
                  221,
                  14.0,
                  222,
                  14.0,
                  223,
                  14.0,
                  224,
                  14.0,
                  225,
                  14.0,
                  226,
                  14.0,
                  227,
                  14.0,
                  228,
                  14.0,
                  229,
                  14.0,
                  230,
                  14.0,
                  231,
                  14.0,
                  232,
                  14.0,
                  233,
                  14.0,
                  234,
                  14.0,
                  235,
                  14.0,
                  236,
                  14.0,
                  237,
                  14.0,
                  238,
                  14.0
                ]
              ],
              [
                20013,
                53,
                [
                  9,
                  26.0,
                  58,
                  26.0,
                  714,
                  26.0,
                  10,
                  26.0,
                  59,
                  26.0,
                  715,
                  26.0
                ]
              ]
            ],
            -1,
            -1,
            0,
            -1,
            -1,
            3,
            [
              62,
              5,
              2960,
              []
            ]
          ]
        ],
        "GID": -1,
        "ID": 26,
        "N": "",
        "SPR": 776,
        "VIS": 18,
        "W": 1828,
        "WID": 2
      },
      {
        "D": 1,
        "EQ": [
          [
            6540429266,
            1,
            2,
            5,
            -1,
            [
              [
                4,
                66,
                [
                  115.3
                ]
              ],
              [
                5,
                52,
                [
                  74.6
                ]
              ],
              [
                112,
                56,
                [
                  24.8
                ]
              ],
              [
                114,
                34,
                [
                  12.8
                ]
              ]
            ],
            -1,
            -1,
            0,
            -1,
            -1,
            3,
            [
              1,
              5,
              3080,
              []
            ]
          ],
          [
            6541113413,
            2,
            2,
            5,
            -1,
            [
              [
                1,
                40,
                [
                  84.0
                ]
              ],
              [
                2,
                66,
                [
                  85.3
                ]
              ],
              [
                104,
                63,
                [
                  13.0
                ]
              ]
            ],
            -1,
            -1,
            0,
            -1,
            -1,
            3,
            [
              2,
              6,
              2690,
              []
            ]
          ],
          [
            6540944403,
            3,
            2,
            5,
            -1,
            [
              [
                3,
                66,
                [
                  115.3
                ]
              ],
              [
                6,
                80,
                [
                  76.0
                ]
              ],
              [
                116,
                63,
                [
                  65.4
                ]
              ],
              [
                115,
                78,
                [
                  36.2
                ]
              ]
            ],
            -1,
            -1,
            0,
            -1,
            -1,
            3,
            [
              3,
              7,
              3870,
              []
            ]
          ],
          [
            6540944404,
            4,
            2,
            5,
            -1,
            [
              [
                7,
                82,
                [
                  16.1
                ]
              ],
              [
                108,
                63,
                [
                  33.2
                ]
              ],
              [
                117,
                66,
                [
                  31.4
                ]
              ],
              [
                109,
                76,
                [
                  38.4
                ]
              ]
            ],
            -1,
            -1,
            0,
            -1,
            -1,
            3,
            [
              4,
              7,
              3870,
              []
            ]
          ],
          [
            6540379898,
            6,
            2,
            15,
            -1,
            [
              [
                505,
                20,
                [
                  7.2
                ]
              ],
              [
                504,
                45,
                [
                  17.6
                ]
              ],
              [
                506,
                28,
                [
                  19.3
                ]
              ],
              [
                20008,
                63,
                [
                  9,
                  26.0,
                  58,
                  26.0,
                  714,
                  26.0,
                  10,
                  26.0,
                  59,
                  26.0,
                  715,
                  26.0
                ]
              ],
              [
                20006,
                41,
                [
                  620,
                  67.0
                ]
              ]
            ],
            -1,
            -1,
            0,
            -1,
            -1,
            3,
            [
              62,
              2,
              1930,
              []
            ]
          ]
        ],
        "GID": -1,
        "ID": 27,
        "N": "",
        "SPR": 736,
        "VIS": 19,
        "W": 1762,
        "WID": 2
      },
      {
        "D": 1,
        "EQ": [
          [
            6540429223,
            1,
            2,
            5,
            -1,
            [
              [
                4,
                58,
                [
                  114.9
                ]
              ],
              [
                5,
                46,
                [
                  74.3
                ]
              ],
              [
                117,
                40,
                [
                  21.0
                ]
              ],
              [
                110,
                75,
                [
                  30.5
                ]
              ]
            ],
            -1,
            -1,
            0,
            -1,
            -1,
            3,
            [
              1,
              5,
              3190,
              []
            ]
          ],
          [
            6540732874,
            2,
            2,
            5,
            -1,
            [
              [
                1,
                26,
                [
                  83.3
                ]
              ],
              [
                2,
                18,
                [
                  82.9
                ]
              ],
              [
                101,
                44,
                [
                  17.4
                ]
              ]
            ],
            -1,
            -1,
            0,
            -1,
            -1,
            3,
            [
              2,
              2,
              1880,
              []
            ]
          ],
          [
            6540816235,
            3,
            2,
            5,
            -1,
            [
              [
                3,
                44,
                [
                  114.2
                ]
              ],
              [
                6,
                64,
                [
                  75.2
                ]
              ],
              [
                102,
                17,
                [
                  11.3
                ]
              ]
            ],
            -1,
            -1,
            0,
            -1,
            -1,
            3,
            [
              3,
              4,
              2250,
              []
            ]
          ],
          [
            6540231928,
            4,
            2,
            5,
            -1,
            [
              [
                7,
                54,
                [
                  14.7
                ]
              ],
              [
                117,
                54,
                [
                  26.6
                ]
              ],
              [
                114,
                55,
                [
                  17.6
                ]
              ],
              [
                110,
                20,
                [
                  14.0
                ]
              ]
            ],
            -1,
            -1,
            0,
            -1,
            -1,
            3,
            [
              4,
              3,
              2830,
              []
            ]
          ],
          [
            6541855260,
            6,
            2,
            15,
            -1,
            [
              [
                507,
                46,
                [
                  31.2
                ]
              ],
              [
                514,
                32,
                [
                  11.4
                ]
              ],
              [
                510,
                45,
                [
                  24.6
                ]
              ],
              [
                511,
                44,
                [
                  18.2
                ]
              ],
              [
                20014,
                43,
                [
                  18,
                  37.0,
                  19,
                  37.0,
                  20,
                  37.0,
                  21,
                  37.0
                ]
              ],
              [
                20015,
                33,
                [
                  22,
                  33.0,
                  23,
                  33.0
                ]
              ]
            ],
            -1,
            -1,
            0,
            -1,
            -1,
            3,
            [
              62,
              3,
              2670,
              []
            ]
          ]
        ],
        "GID": -1,
        "ID": 28,
        "N": "",
        "SPR": 729,
        "VIS": 20,
        "W": 1707,
        "WID": 2
      },
      {
        "D": 1,
        "EQ": [
          [
            6540667822,
            1,
            2,
            5,
            -1,
            [
              [
                4,
                68,
                [
                  115.4
                ]
              ],
              [
                5,
                32,
                [
                  73.6
                ]
              ],
              [
                103,
                58,
                [
                  12.3
                ]
              ]
            ],
            -1,
            -1,
            0,
            -1,
            -1,
            3,
            [
              1,
              4,
              2580,
              []
            ]
          ],
          [
            6540715481,
            2,
            2,
            5,
            -1,
            [
              [
                1,
                42,
                [
                  84.1
                ]
              ],
              [
                2,
                42,
                [
                  84.1
                ]
              ],
              [
                101,
                33,
                [
                  14.9
                ]
              ]
            ],
            -1,
            -1,
            0,
            -1,
            -1,
            3,
            [
              2,
              2,
              2170,
              []
            ]
          ],
          [
            6540785901,
            3,
            2,
            5,
            -1,
            [
              [
                3,
                68,
                [
                  115.4
                ]
              ],
              [
                6,
                22,
                [
                  73.1
                ]
              ],
              [
                106,
                53,
                [
                  3.9
                ]
              ]
            ],
            -1,
            -1,
            0,
            -1,
            -1,
            3,
            [
              3,
              4,
              2430,
              []
            ]
          ],
          [
            6540667865,
            4,
            2,
            5,
            -1,
            [
              [
                7,
                68,
                [
                  15.4
                ]
              ],
              [
                104,
                53,
                [
                  11.7
                ]
              ],
              [
                105,
                79,
                [
                  15.2
                ]
              ]
            ],
            -1,
            -1,
            0,
            -1,
            -1,
            3,
            [
              4,
              6,
              3000,
              []
            ]
          ],
          [
            6540667828,
            6,
            2,
            15,
            -1,
            [
              [
                503,
                61,
                [
                  21.2
                ]
              ],
              [
                505,
                38,
                [
                  9.6
                ]
              ],
              [
                506,
                6,
                [
                  12.4
                ]
              ],
              [
                20011,
                48,
                [
                  2060,
                  22.0,
                  2061,
                  22.0,
                  2062,
                  22.0,
                  2063,
                  22.0,
                  2064,
                  22.0,
                  2065,
                  22.0,
                  2066,
                  22.0,
                  2067,
                  22.0,
                  2068,
                  22.0,
                  148,
                  22.0,
                  2069,
                  22.0,
                  149,
                  22.0,
                  2070,
                  22.0,
                  150,
                  22.0,
                  151,
                  22.0,
                  2071,
                  22.0,
                  2072,
                  22.0,
                  2073,
                  22.0,
                  2074,
                  22.0,
                  2075,
                  22.0,
                  2076,
                  22.0,
                  2077,
                  22.0,
                  2078,
                  22.0,
                  2079,
                  22.0,
                  2020,
                  22.0,
                  2021,
                  22.0,
                  2022,
                  22.0,
                  2023,
                  22.0,
                  2024,
                  22.0,
                  2025,
                  22.0,
                  2026,
                  22.0,
                  2027,
                  22.0,
                  2028,
                  22.0,
                  2029,
                  22.0,
                  2030,
                  22.0,
                  2031,
                  22.0,
                  2032,
                  22.0,
                  2033,
                  22.0,
                  2034,
                  22.0,
                  2035,
                  22.0,
                  2036,
                  22.0,
                  2037,
                  22.0,
                  2038,
                  22.0,
                  2039,
                  22.0
                ]
              ],
              [
                20007,
                59,
                [
                  672,
                  25.0,
                  664,
                  25.0,
                  75,
                  25.0,
                  76,
                  25.0,
                  686,
                  25.0,
                  687,
                  25.0
                ]
              ]
            ],
            -1,
            -1,
            0,
            -1,
            -1,
            3,
            [
              62,
              4,
              2050,
              []
            ]
          ]
        ],
        "GID": -1,
        "ID": 29,
        "N": "",
        "SPR": 726,
        "VIS": 21,
        "W": 1701,
        "WID": 2
      },
      {
        "D": 1,
        "EQ": [
          [
            6540742130,
            1,
            2,
            5,
            -1,
            [
              [
                4,
                18,
                [
                  112.9
                ]
              ],
              [
                5,
                30,
                [
                  73.5
                ]
              ],
              [
                101,
                31,
                [
                  14.5
                ]
              ]
            ],
            -1,
            -1,
            0,
            -1,
            -1,
            3,
            [
              1,
              1,
              1790,
              []
            ]
          ],
          [
            6540758051,
            2,
            2,
            5,
            -1,
            [
              [
                1,
                82,
                [
                  86.1
                ]
              ],
              [
                2,
                80,
                [
                  86.0
                ]
              ],
              [
                103,
                76,
                [
                  14.8
                ]
              ]
            ],
            -1,
            -1,
            0,
            -1,
            -1,
            3,
            [
              2,
              7,
              3380,
              []
            ]
          ],
          [
            6540758058,
            3,
            2,
            5,
            -1,
            [
              [
                3,
                74,
                [
                  115.7
                ]
              ],
              [
                6,
                70,
                [
                  75.5
                ]
              ],
              [
                101,
                73,
                [
                  23.9
                ]
              ]
            ],
            -1,
            -1,
            0,
            -1,
            -1,
            3,
            [
              3,
              7,
              3170,
              []
            ]
          ],
          [
            6540757659,
            4,
            2,
            5,
            -1,
            [
              [
                7,
                32,
                [
                  13.6
                ]
              ],
              [
                103,
                61,
                [
                  12.7
                ]
              ],
              [
                102,
                54,
                [
                  19.6
                ]
              ]
            ],
            -1,
            -1,
            0,
            -1,
            -1,
            3,
            [
              4,
              4,
              2470,
              []
            ]
          ],
          [
            6540757656,
            6,
            2,
            15,
            -1,
            [
              [
                607,
                67,
                [
                  13.5
                ]
              ],
              [
                602,
                62,
                [
                  30.0
                ]
              ],
              [
                604,
                24,
                [
                  7.7
                ]
              ],
              [
                20001,
                50,
                [
                  672,
                  8.0,
                  664,
                  8.0,
                  75,
                  8.0,
                  76,
                  8.0,
                  686,
                  8.0,
                  687,
                  8.0
                ]
              ],
              [
                20005,
                50,
                [
                  2060,
                  8.0,
                  2061,
                  8.0,
                  2062,
                  8.0,
                  2063,
                  8.0,
                  2064,
                  8.0,
                  2065,
                  8.0,
                  2066,
                  8.0,
                  2067,
                  8.0,
                  2068,
                  8.0,
                  148,
                  8.0,
                  2069,
                  8.0,
                  149,
                  8.0,
                  2070,
                  8.0,
                  150,
                  8.0,
                  151,
                  8.0,
                  2071,
                  8.0,
                  2072,
                  8.0,
                  2073,
                  8.0,
                  2074,
                  8.0,
                  2075,
                  8.0,
                  2076,
                  8.0,
                  2077,
                  8.0,
                  2078,
                  8.0,
                  2079,
                  8.0,
                  2020,
                  8.0,
                  2021,
                  8.0,
                  2022,
                  8.0,
                  2023,
                  8.0,
                  2024,
                  8.0,
                  2025,
                  8.0,
                  2026,
                  8.0,
                  2027,
                  8.0,
                  2028,
                  8.0,
                  2029,
                  8.0,
                  2030,
                  8.0,
                  2031,
                  8.0,
                  2032,
                  8.0,
                  2033,
                  8.0,
                  2034,
                  8.0,
                  2035,
                  8.0,
                  2036,
                  8.0,
                  2037,
                  8.0,
                  2038,
                  8.0,
                  2039,
                  8.0
                ]
              ]
            ],
            -1,
            -1,
            0,
            -1,
            -1,
            3,
            [
              63,
              6,
              2530,
              []
            ]
          ]
        ],
        "GID": -1,
        "ID": 30,
        "N": "",
        "SPR": 723,
        "VIS": 22,
        "W": 1669,
        "WID": 2
      },
      {
        "D": 1,
        "EQ": [
          [
            6549477897,
            1,
            2,
            5,
            -1,
            [
              [
                4,
                62,
                [
                  115.1
                ]
              ],
              [
                5,
                78,
                [
                  75.9
                ]
              ],
              [
                116,
                81,
                [
                  79.8
                ]
              ],
              [
                108,
                87,
                [
                  42.8
                ]
              ]
            ],
            -1,
            -1,
            0,
            -1,
            -1,
            3,
            [
              1,
              7,
              4080,
              []
            ]
          ],
          [
            6549477898,
            2,
            2,
            5,
            -1,
            [
              [
                1,
                72,
                [
                  85.6
                ]
              ],
              [
                2,
                66,
                [
                  85.3
                ]
              ],
              [
                114,
                60,
                [
                  18.8
                ]
              ],
              [
                116,
                76,
                [
                  75.8
                ]
              ]
            ],
            -1,
            -1,
            0,
            -1,
            -1,
            3,
            [
              2,
              7,
              3740,
              []
            ]
          ],
          [
            6541160909,
            3,
            2,
            5,
            -1,
            [
              [
                3,
                56,
                [
                  114.8
                ]
              ],
              [
                6,
                30,
                [
                  73.5
                ]
              ],
              [
                103,
                66,
                [
                  13.4
                ]
              ]
            ],
            -1,
            -1,
            0,
            -1,
            -1,
            3,
            [
              3,
              4,
              2520,
              []
            ]
          ],
          [
            6540757521,
            4,
            2,
            5,
            -1,
            [
              [
                7,
                38,
                [
                  13.9
                ]
              ],
              [
                101,
                67,
                [
                  22.6
                ]
              ],
              [
                102,
                38,
                [
                  16.0
                ]
              ]
            ],
            -1,
            -1,
            0,
            -1,
            -1,
            3,
            [
              4,
              4,
              2430,
              []
            ]
          ],
          [
            6540379911,
            6,
            2,
            15,
            -1,
            [
              [
                501,
                40,
                [
                  23.1
                ]
              ],
              [
                503,
                51,
                [
                  19.0
                ]
              ],
              [
                502,
                19,
                [
                  16.5
                ]
              ],
              [
                20005,
                50,
                [
                  2060,
                  8.0,
                  2061,
                  8.0,
                  2062,
                  8.0,
                  2063,
                  8.0,
                  2064,
                  8.0,
                  2065,
                  8.0,
                  2066,
                  8.0,
                  2067,
                  8.0,
                  2068,
                  8.0,
                  148,
                  8.0,
                  2069,
                  8.0,
                  149,
                  8.0,
                  2070,
                  8.0,
                  150,
                  8.0,
                  151,
                  8.0,
                  2071,
                  8.0,
                  2072,
                  8.0,
                  2073,
                  8.0,
                  2074,
                  8.0,
                  2075,
                  8.0,
                  2076,
                  8.0,
                  2077,
                  8.0,
                  2078,
                  8.0,
                  2079,
                  8.0,
                  2020,
                  8.0,
                  2021,
                  8.0,
                  2022,
                  8.0,
                  2023,
                  8.0,
                  2024,
                  8.0,
                  2025,
                  8.0,
                  2026,
                  8.0,
                  2027,
                  8.0,
                  2028,
                  8.0,
                  2029,
                  8.0,
                  2030,
                  8.0,
                  2031,
                  8.0,
                  2032,
                  8.0,
                  2033,
                  8.0,
                  2034,
                  8.0,
                  2035,
                  8.0,
                  2036,
                  8.0,
                  2037,
                  8.0,
                  2038,
                  8.0,
                  2039,
                  8.0
                ]
              ],
              [
                20001,
                63,
                [
                  672,
                  9.0,
                  664,
                  9.0,
                  75,
                  9.0,
                  76,
                  9.0,
                  686,
                  9.0,
                  687,
                  9.0
                ]
              ]
            ],
            -1,
            -1,
            0,
            -1,
            -1,
            3,
            [
              62,
              2,
              2100,
              []
            ]
          ]
        ],
        "GID": -1,
        "ID": 31,
        "N": "",
        "SPR": 714,
        "VIS": 23,
        "W": 1587,
        "WID": 2
      },
      {
        "D": 1,
        "EQ": [
          [
            6541381840,
            1,
            2,
            5,
            -1,
            [
              [
                4,
                24,
                [
                  113.2
                ]
              ],
              [
                5,
                60,
                [
                  75.0
                ]
              ],
              [
                103,
                41,
                [
                  10.0
                ]
              ]
            ],
            -1,
            -1,
            0,
            -1,
            -1,
            3,
            [
              1,
              4,
              2250,
              []
            ]
          ],
          [
            6541853006,
            2,
            2,
            5,
            -1,
            [
              [
                1,
                60,
                [
                  85.0
                ]
              ],
              [
                2,
                72,
                [
                  85.6
                ]
              ],
              [
                117,
                60,
                [
                  29.0
                ]
              ],
              [
                111,
                38,
                [
                  19.4
                ]
              ]
            ],
            -1,
            -1,
            0,
            -1,
            -1,
            3,
            [
              2,
              7,
              3300,
              []
            ]
          ],
          [
            6541854134,
            3,
            2,
            5,
            -1,
            [
              [
                3,
                100,
                [
                  117.0
                ]
              ],
              [
                6,
                100,
                [
                  77.0
                ]
              ],
              [
                114,
                100,
                [
                  28.0
                ]
              ],
              [
                111,
                100,
                [
                  38.0
                ]
              ]
            ],
            -1,
            -1,
            0,
            -1,
            -1,
            3,
            [
              3,
              7,
              5000,
              []
            ]
          ],
          [
            6541856084,
            4,
            2,
            5,
            -1,
            [
              [
                7,
                100,
                [
                  17.0
                ]
              ],
              [
                117,
                100,
                [
                  45.0
                ]
              ],
              [
                113,
                100,
                [
                  18.0
                ]
              ],
              [
                111,
                100,
                [
                  38.0
                ]
              ]
            ],
            -1,
            -1,
            0,
            -1,
            -1,
            3,
            [
              4,
              7,
              5000,
              []
            ]
          ],
          [
            6541856145,
            6,
            2,
            15,
            -1,
            [
              [
                811,
                50,
                [
                  20.0
                ]
              ],
              [
                810,
                33,
                [
                  25.5
                ]
              ],
              [
                809,
                64,
                [
                  39.2
                ]
              ],
              [
                812,
                30,
                [
                  14.0
                ]
              ],
              [
                20012,
                60,
                [
                  672,
                  44.0,
                  664,
                  44.0,
                  75,
                  44.0,
                  76,
                  44.0,
                  686,
                  44.0,
                  687,
                  44.0
                ]
              ],
              [
                20016,
                67,
                [
                  2060,
                  30.0,
                  2061,
                  30.0,
                  2062,
                  30.0,
                  2063,
                  30.0,
                  2064,
                  30.0,
                  2065,
                  30.0,
                  2066,
                  30.0,
                  2067,
                  30.0,
                  2068,
                  30.0,
                  148,
                  30.0,
                  2069,
                  30.0,
                  149,
                  30.0,
                  2070,
                  30.0,
                  150,
                  30.0,
                  151,
                  30.0,
                  2071,
                  30.0,
                  2072,
                  30.0,
                  2073,
                  30.0,
                  2074,
                  30.0,
                  2075,
                  30.0,
                  2076,
                  30.0,
                  2077,
                  30.0,
                  2078,
                  30.0,
                  2079,
                  30.0,
                  2020,
                  30.0,
                  2021,
                  30.0,
                  2022,
                  30.0,
                  2023,
                  30.0,
                  2024,
                  30.0,
                  2025,
                  30.0,
                  2026,
                  30.0,
                  2027,
                  30.0,
                  2028,
                  30.0,
                  2029,
                  30.0,
                  2030,
                  30.0,
                  2031,
                  30.0,
                  2032,
                  30.0,
                  2033,
                  30.0,
                  2034,
                  30.0,
                  2035,
                  30.0,
                  2036,
                  30.0,
                  2037,
                  30.0,
                  2038,
                  30.0,
                  2039,
                  30.0
                ]
              ]
            ],
            -1,
            -1,
            0,
            -1,
            -1,
            3,
            [
              65,
              4,
              2770,
              []
            ]
          ]
        ],
        "GID": -1,
        "ID": 32,
        "N": "",
        "SPR": 759,
        "VIS": 24,
        "W": 1494,
        "WID": 2
      },
      {
        "D": 0,
        "EQ": [
          [
            6547263832,
            1,
            2,
            5,
            -1,
            [
              [
                4,
                60,
                [
                  115.0
                ]
              ],
              [
                5,
                56,
                [
                  74.8
                ]
              ],
              [
                116,
                88,
                [
                  85.4
                ]
              ],
              [
                109,
                87,
                [
                  42.8
                ]
              ]
            ],
            -1,
            -1,
            0,
            -1,
            -1,
            3,
            [
              1,
              7,
              3910,
              []
            ]
          ],
          [
            6550277038,
            2,
            2,
            5,
            -1,
            [
              [
                1,
                72,
                [
                  85.6
                ]
              ],
              [
                2,
                64,
                [
                  85.2
                ]
              ],
              [
                109,
                60,
                [
                  32.0
                ]
              ],
              [
                118,
                65,
                [
                  10.1
                ]
              ]
            ],
            -1,
            -1,
            0,
            -1,
            -1,
            3,
            [
              2,
              7,
              3610,
              []
            ]
          ],
          [
            6541451655,
            3,
            2,
            5,
            -1,
            [
              [
                3,
                78,
                [
                  115.9
                ]
              ],
              [
                6,
                68,
                [
                  75.4
                ]
              ],
              [
                114,
                81,
                [
                  23.6
                ]
              ],
              [
                119,
                75,
                [
                  11.5
                ]
              ]
            ],
            -1,
            -1,
            0,
            -1,
            -1,
            3,
            [
              3,
              7,
              4020,
              []
            ]
          ],
          [
            6550277040,
            4,
            2,
            5,
            -1,
            [
              [
                7,
                68,
                [
                  15.4
                ]
              ],
              [
                116,
                87,
                [
                  84.6
                ]
              ],
              [
                113,
                64,
                [
                  12.6
                ]
              ],
              [
                111,
                60,
                [
                  26.0
                ]
              ]
            ],
            -1,
            -1,
            0,
            -1,
            -1,
            3,
            [
              4,
              7,
              3790,
              []
            ]
          ],
          [
            6541051709,
            6,
            2,
            15,
            -1,
            [
              [
                602,
                47,
                [
                  25.3
                ]
              ],
              [
                606,
                69,
                [
                  23.0
                ]
              ],
              [
                601,
                23,
                [
                  48.2
                ]
              ],
              [
                20007,
                7,
                [
                  672,
                  11.0,
                  664,
                  11.0,
                  75,
                  11.0,
                  76,
                  11.0,
                  686,
                  11.0,
                  687,
                  11.0
                ]
              ],
              [
                20005,
                63,
                [
                  2060,
                  9.0,
                  2061,
                  9.0,
                  2062,
                  9.0,
                  2063,
                  9.0,
                  2064,
                  9.0,
                  2065,
                  9.0,
                  2066,
                  9.0,
                  2067,
                  9.0,
                  2068,
                  9.0,
                  148,
                  9.0,
                  2069,
                  9.0,
                  149,
                  9.0,
                  2070,
                  9.0,
                  150,
                  9.0,
                  151,
                  9.0,
                  2071,
                  9.0,
                  2072,
                  9.0,
                  2073,
                  9.0,
                  2074,
                  9.0,
                  2075,
                  9.0,
                  2076,
                  9.0,
                  2077,
                  9.0,
                  2078,
                  9.0,
                  2079,
                  9.0,
                  2020,
                  9.0,
                  2021,
                  9.0,
                  2022,
                  9.0,
                  2023,
                  9.0,
                  2024,
                  9.0,
                  2025,
                  9.0,
                  2026,
                  9.0,
                  2027,
                  9.0,
                  2028,
                  9.0,
                  2029,
                  9.0,
                  2030,
                  9.0,
                  2031,
                  9.0,
                  2032,
                  9.0,
                  2033,
                  9.0,
                  2034,
                  9.0,
                  2035,
                  9.0,
                  2036,
                  9.0,
                  2037,
                  9.0,
                  2038,
                  9.0,
                  2039,
                  9.0
                ]
              ]
            ],
            -1,
            -1,
            0,
            -1,
            -1,
            3,
            [
              63,
              4,
              2390,
              []
            ]
          ]
        ],
        "GID": -1,
        "ID": 33,
        "N": "",
        "SPR": 1377,
        "VIS": 25,
        "W": 1377,
        "WID": 2
      },
      {
        "D": 1,
        "EQ": [
          [
            6540944401,
            1,
            2,
            5,
            -1,
            [
              [
                4,
                82,
                [
                  116.1
                ]
              ],
              [
                5,
                62,
                [
                  75.1
                ]
              ],
              [
                117,
                81,
                [
                  37.4
                ]
              ],
              [
                114,
                87,
                [
                  25.0
                ]
              ]
            ],
            -1,
            -1,
            0,
            -1,
            -1,
            3,
            [
              1,
              7,
              4120,
              []
            ]
          ],
          [
            6541809059,
            2,
            2,
            5,
            -1,
            [
              [
                1,
                66,
                [
                  85.3
                ]
              ],
              [
                2,
                66,
                [
                  85.3
                ]
              ],
              [
                110,
                73,
                [
                  29.9
                ]
              ],
              [
                117,
                60,
                [
                  29.0
                ]
              ]
            ],
            -1,
            -1,
            0,
            -1,
            -1,
            3,
            [
              2,
              7,
              3650,
              []
            ]
          ],
          [
            6544805518,
            3,
            2,
            5,
            -1,
            [
              [
                3,
                66,
                [
                  115.3
                ]
              ],
              [
                6,
                68,
                [
                  75.4
                ]
              ],
              [
                119,
                69,
                [
                  10.7
                ]
              ],
              [
                111,
                71,
                [
                  29.3
                ]
              ]
            ],
            -1,
            -1,
            0,
            -1,
            -1,
            3,
            [
              3,
              7,
              3740,
              []
            ]
          ],
          [
            6547263482,
            4,
            2,
            5,
            -1,
            [
              [
                7,
                72,
                [
                  15.6
                ]
              ],
              [
                116,
                47,
                [
                  52.6
                ]
              ],
              [
                110,
                66,
                [
                  27.8
                ]
              ],
              [
                108,
                62,
                [
                  32.8
                ]
              ]
            ],
            -1,
            -1,
            0,
            -1,
            -1,
            3,
            [
              4,
              7,
              3470,
              []
            ]
          ],
          [
            6541855971,
            6,
            2,
            15,
            -1,
            [
              [
                806,
                64,
                [
                  84.6
                ]
              ],
              [
                809,
                60,
                [
                  37.4
                ]
              ],
              [
                816,
                58,
                [
                  15.3
                ]
              ],
              [
                812,
                64,
                [
                  24.2
                ]
              ],
              [
                20020,
                50,
                [
                  17.5
                ]
              ],
              [
                20013,
                67,
                [
                  9,
                  30.0,
                  58,
                  30.0,
                  714,
                  30.0,
                  10,
                  30.0,
                  59,
                  30.0,
                  715,
                  30.0
                ]
              ]
            ],
            -1,
            -1,
            0,
            -1,
            -1,
            3,
            [
              65,
              7,
              3460,
              []
            ]
          ]
        ],
        "GID": -1,
        "ID": 34,
        "N": "",
        "SPR": 850,
        "VIS": 26,
        "W": 1336,
        "WID": 2
      },
      {
        "D": 1,
        "EQ": [
          [
            6545157861,
            1,
            2,
            5,
            -1,
            [
              [
                4,
                70,
                [
                  115.5
                ]
              ],
              [
                5,
                94,
                [
                  76.7
                ]
              ],
              [
                117,
                87,
                [
                  39.8
                ]
              ],
              [
                114,
                93,
                [
                  26.4
                ]
              ]
            ],
            -1,
            -1,
            0,
            -1,
            -1,
            3,
            [
              1,
              7,
              4440,
              []
            ]
          ],
          [
            6541451654,
            2,
            2,
            5,
            -1,
            [
              [
                1,
                72,
                [
                  85.6
                ]
              ],
              [
                2,
                74,
                [
                  85.7
                ]
              ],
              [
                117,
                65,
                [
                  31.0
                ]
              ],
              [
                108,
                67,
                [
                  34.8
                ]
              ]
            ],
            -1,
            -1,
            0,
            -1,
            -1,
            3,
            [
              2,
              7,
              3780,
              []
            ]
          ],
          [
            6550277039,
            3,
            2,
            5,
            -1,
            [
              [
                3,
                64,
                [
                  115.2
                ]
              ],
              [
                6,
                76,
                [
                  75.8
                ]
              ],
              [
                117,
                69,
                [
                  32.6
                ]
              ],
              [
                115,
                68,
                [
                  32.2
                ]
              ]
            ],
            -1,
            -1,
            0,
            -1,
            -1,
            3,
            [
              3,
              7,
              3770,
              []
            ]
          ],
          [
            6540429950,
            4,
            2,
            5,
            -1,
            [
              [
                7,
                66,
                [
                  15.3
                ]
              ],
              [
                116,
                77,
                [
                  76.6
                ]
              ],
              [
                112,
                47,
                [
                  22.1
                ]
              ],
              [
                111,
                75,
                [
                  30.5
                ]
              ]
            ],
            -1,
            -1,
            0,
            -1,
            -1,
            3,
            [
              4,
              7,
              3650,
              []
            ]
          ],
          [
            6541853219,
            6,
            2,
            15,
            -1,
            [
              [
                813,
                63,
                [
                  31.3
                ]
              ],
              [
                812,
                30,
                [
                  14.0
                ]
              ],
              [
                807,
                74,
                [
                  19.8
                ]
              ],
              [
                809,
                39,
                [
                  28.2
                ]
              ],
              [
                20012,
                50,
                [
                  672,
                  40.0,
                  664,
                  40.0,
                  75,
                  40.0,
                  76,
                  40.0,
                  686,
                  40.0,
                  687,
                  40.0
                ]
              ],
              [
                20017,
                53,
                [
                  195,
                  13.0,
                  196,
                  13.0,
                  197,
                  13.0,
                  198,
                  13.0,
                  199,
                  13.0,
                  200,
                  13.0,
                  201,
                  13.0,
                  202,
                  13.0,
                  203,
                  13.0,
                  204,
                  13.0,
                  205,
                  13.0,
                  206,
                  13.0,
                  207,
                  13.0,
                  208,
                  13.0,
                  209,
                  13.0,
                  210,
                  13.0,
                  211,
                  13.0,
                  212,
                  13.0,
                  213,
                  13.0,
                  214,
                  13.0,
                  215,
                  13.0,
                  216,
                  13.0,
                  217,
                  13.0,
                  218,
                  13.0,
                  219,
                  13.0,
                  220,
                  13.0,
                  221,
                  13.0,
                  222,
                  13.0,
                  223,
                  13.0,
                  224,
                  13.0,
                  225,
                  13.0,
                  226,
                  13.0,
                  227,
                  13.0,
                  228,
                  13.0,
                  229,
                  13.0,
                  230,
                  13.0,
                  231,
                  13.0,
                  232,
                  13.0,
                  233,
                  13.0,
                  234,
                  13.0,
                  235,
                  13.0,
                  236,
                  13.0,
                  237,
                  13.0,
                  238,
                  13.0
                ]
              ]
            ],
            -1,
            -1,
            0,
            -1,
            -1,
            3,
            [
              65,
              6,
              3060,
              []
            ]
          ]
        ],
        "GID": 127,
        "ID": 35,
        "L": 10,
        "N": "",
        "SPR": 383,
        "ST": 0,
        "VIS": 27,
        "W": 1330,
        "WID": 2
      },
      {
        "D": 3,
        "EQ": [
          [
            6541855886,
            1,
            2,
            5,
            -1,
            [
              [
                4,
                100,
                [
                  117.0
                ]
              ],
              [
                5,
                100,
                [
                  77.0
                ]
              ],
              [
                120,
                100,
                [
                  15.0
                ]
              ],
              [
                110,
                100,
                [
                  38.0
                ]
              ]
            ],
            -1,
            -1,
            0,
            -1,
            -1,
            3,
            [
              1,
              7,
              5000,
              []
            ]
          ],
          [
            6544805517,
            2,
            2,
            5,
            -1,
            [
              [
                1,
                68,
                [
                  85.4
                ]
              ],
              [
                2,
                70,
                [
                  85.5
                ]
              ],
              [
                115,
                75,
                [
                  35.0
                ]
              ],
              [
                108,
                77,
                [
                  38.8
                ]
              ]
            ],
            -1,
            -1,
            0,
            -1,
            -1,
            3,
            [
              2,
              7,
              3900,
              []
            ]
          ],
          [
            6541809060,
            3,
            2,
            5,
            -1,
            [
              [
                3,
                60,
                [
                  115.0
                ]
              ],
              [
                6,
                66,
                [
                  75.3
                ]
              ],
              [
                112,
                80,
                [
                  32.0
                ]
              ],
              [
                111,
                67,
                [
                  28.1
                ]
              ]
            ],
            -1,
            -1,
            0,
            -1,
            -1,
            3,
            [
              3,
              7,
              3730,
              []
            ]
          ],
          [
            6546798438,
            4,
            2,
            5,
            -1,
            [
              [
                7,
                90,
                [
                  16.5
                ]
              ],
              [
                115,
                74,
                [
                  34.6
                ]
              ],
              [
                114,
                81,
                [
                  23.6
                ]
              ],
              [
                110,
                62,
                [
                  26.6
                ]
              ]
            ],
            -1,
            -1,
            0,
            -1,
            -1,
            3,
            [
              4,
              7,
              4070,
              []
            ]
          ],
          [
            6541854288,
            6,
            2,
            15,
            -1,
            [
              [
                813,
                53,
                [
                  27.6
                ]
              ],
              [
                810,
                67,
                [
                  40.5
                ]
              ],
              [
                808,
                71,
                [
                  42.2
                ]
              ],
              [
                809,
                30,
                [
                  24.2
                ]
              ],
              [
                20013,
                40,
                [
                  9,
                  22.0,
                  58,
                  22.0,
                  714,
                  22.0,
                  10,
                  22.0,
                  59,
                  22.0,
                  715,
                  22.0
                ]
              ],
              [
                20019,
                45,
                [
                  9.5
                ]
              ]
            ],
            -1,
            -1,
            0,
            -1,
            -1,
            3,
            [
              65,
              6,
              3210,
              []
            ]
          ]
        ],
        "GID": 102,
        "ID": 36,
        "L": 40,
        "N": "",
        "SPR": 276,
        "ST": 3,
        "VIS": 28,
        "W": 936,
        "WID": 2
      },
      {
        "D": 9,
        "EQ": [
          [
            6540460262,
            1,
            2,
            5,
            -1,
            [
              [
                4,
                72,
                [
                  115.6
                ]
              ],
              [
                5,
                70,
                [
                  75.5
                ]
              ],
              [
                108,
                60,
                [
                  32.0
                ]
              ],
              [
                111,
                83,
                [
                  32.9
                ]
              ]
            ],
            -1,
            -1,
            0,
            -1,
            -1,
            3,
            [
              1,
              7,
              3850,
              [
                4616468,
                32,
                7,
                5000,
                [
                  [
                    311,
                    100,
                    [
                      20.0
                    ]
                  ],
                  [
                    320,
                    100,
                    [
                      20.0
                    ]
                  ],
                  [
                    317,
                    100,
                    [
                      10.0
                    ]
                  ],
                  [
                    309,
                    100,
                    [
                      25.0
                    ]
                  ]
                ],
                0
              ]
            ]
          ],
          [
            6544414775,
            2,
            2,
            5,
            -1,
            [
              [
                1,
                78,
                [
                  85.9
                ]
              ],
              [
                2,
                78,
                [
                  85.9
                ]
              ],
              [
                115,
                81,
                [
                  37.4
                ]
              ],
              [
                117,
                70,
                [
                  33.0
                ]
              ]
            ],
            -1,
            -1,
            0,
            -1,
            -1,
            3,
            [
              2,
              7,
              4070,
              []
            ]
          ],
          [
            6541852381,
            3,
            2,
            5,
            -1,
            [
              [
                3,
                84,
                [
                  116.2
                ]
              ],
              [
                6,
                80,
                [
                  76.0
                ]
              ],
              [
                114,
                87,
                [
                  25.0
                ]
              ],
              [
                117,
                83,
                [
                  38.2
                ]
              ]
            ],
            -1,
            -1,
            0,
            -1,
            -1,
            3,
            [
              3,
              7,
              4340,
              []
            ]
          ],
          [
            6541850138,
            4,
            2,
            5,
            -1,
            [
              [
                7,
                78,
                [
                  15.9
                ]
              ],
              [
                110,
                78,
                [
                  31.4
                ]
              ],
              [
                109,
                76,
                [
                  38.4
                ]
              ],
              [
                113,
                60,
                [
                  12.0
                ]
              ]
            ],
            -1,
            -1,
            0,
            -1,
            -1,
            3,
            [
              4,
              7,
              3920,
              []
            ]
          ],
          [
            6550043234,
            5,
            2,
            0,
            0,
            [
              [
                21,
                [
                  6.0
                ]
              ]
            ],
            1583,
            -1,
            0,
            1471749,
            -1,
            2
          ],
          [
            6540430038,
            6,
            2,
            15,
            -1,
            [
              [
                814,
                54,
                [
                  28.0
                ]
              ],
              [
                812,
                74,
                [
                  27.2
                ]
              ],
              [
                810,
                55,
                [
                  35.2
                ]
              ],
              [
                815,
                73,
                [
                  33.9
                ]
              ],
              [
                20015,
                35,
                [
                  22,
                  34.0,
                  23,
                  34.0
                ]
              ],
              [
                20018,
                100,
                [
                  1.0
                ]
              ]
            ],
            -1,
            -1,
            0,
            -1,
            -1,
            3,
            [
              65,
              6,
              3560,
              []
            ]
          ]
        ],
        "GID": -1,
        "ID": 37,
        "N": "",
        "SPR": 285,
        "VIS": 29,
        "W": 980,
        "WID": 2
      },
      {
        "D": 0,
        "EQ": [
          [
            6541849855,
            1,
            2,
            5,
            -1,
            [
              [
                4,
                52,
                [
                  114.6
                ]
              ],
              [
                5,
                80,
                [
                  76.0
                ]
              ],
              [
                116,
                70,
                [
                  71.0
                ]
              ],
              [
                114,
                82,
                [
                  23.9
                ]
              ]
            ],
            -1,
            -1,
            0,
            -1,
            -1,
            3,
            [
              1,
              7,
              3840,
              [
                4642480,
                32,
                4,
                2320,
                [
                  [
                    301,
                    40,
                    [
                      7.7
                    ]
                  ],
                  [
                    302,
                    30,
                    [
                      23.3
                    ]
                  ],
                  [
                    307,
                    62,
                    [
                      5.0
                    ]
                  ]
                ],
                0
              ]
            ]
          ],
          [
            6541861783,
            2,
            2,
            5,
            -1,
            [
              [
                1,
                100,
                [
                  87.0
                ]
              ],
              [
                2,
                100,
                [
                  87.0
                ]
              ],
              [
                115,
                100,
                [
                  45.0
                ]
              ],
              [
                110,
                100,
                [
                  38.0
                ]
              ]
            ],
            -1,
            -1,
            0,
            -1,
            -1,
            3,
            [
              2,
              7,
              5000,
              [
                4634587,
                32,
                7,
                3900,
                [
                  [
                    312,
                    68,
                    [
                      14.9
                    ]
                  ],
                  [
                    317,
                    72,
                    [
                      7.5
                    ]
                  ],
                  [
                    314,
                    77,
                    [
                      20.6
                    ]
                  ],
                  [
                    318,
                    73,
                    [
                      15.1
                    ]
                  ]
                ],
                0
              ]
            ]
          ],
          [
            6541853086,
            3,
            2,
            5,
            -1,
            [
              [
                3,
                46,
                [
                  114.3
                ]
              ],
              [
                6,
                72,
                [
                  75.6
                ]
              ],
              [
                111,
                40,
                [
                  20.0
                ]
              ],
              [
                109,
                34,
                [
                  21.6
                ]
              ]
            ],
            -1,
            -1,
            0,
            -1,
            -1,
            3,
            [
              3,
              5,
              2920,
              [
                4641693,
                32,
                4,
                2290,
                [
                  [
                    305,
                    60,
                    [
                      9.8
                    ]
                  ],
                  [
                    306,
                    49,
                    [
                      8.6
                    ]
                  ],
                  [
                    304,
                    20,
                    [
                      2.8
                    ]
                  ]
                ],
                0
              ]
            ]
          ],
          [
            6541850299,
            4,
            2,
            5,
            -1,
            [
              [
                7,
                86,
                [
                  16.3
                ]
              ],
              [
                117,
                62,
                [
                  29.8
                ]
              ],
              [
                108,
                69,
                [
                  35.6
                ]
              ],
              [
                109,
                51,
                [
                  28.4
                ]
              ]
            ],
            -1,
            -1,
            0,
            -1,
            -1,
            3,
            [
              4,
              7,
              3680,
              [
                4640826,
                32,
                7,
                3840,
                [
                  [
                    313,
                    63,
                    [
                      10.2
                    ]
                  ],
                  [
                    315,
                    90,
                    [
                      13.7
                    ]
                  ],
                  [
                    312,
                    67,
                    [
                      14.7
                    ]
                  ],
                  [
                    316,
                    64,
                    [
                      27.4
                    ]
                  ]
                ],
                0
              ]
            ]
          ],
          [
            6540437233,
            6,
            2,
            15,
            -1,
            [
              [
                815,
                100,
                [
                  45.0
                ]
              ],
              [
                812,
                100,
                [
                  35.0
                ]
              ],
              [
                806,
                100,
                [
                  90.0
                ]
              ],
              [
                814,
                100,
                [
                  45.0
                ]
              ],
              [
                20015,
                100,
                [
                  22,
                  60.0,
                  23,
                  60.0
                ]
              ],
              [
                20017,
                100,
                [
                  195,
                  20.0,
                  196,
                  20.0,
                  197,
                  20.0,
                  198,
                  20.0,
                  199,
                  20.0,
                  200,
                  20.0,
                  201,
                  20.0,
                  202,
                  20.0,
                  203,
                  20.0,
                  204,
                  20.0,
                  205,
                  20.0,
                  206,
                  20.0,
                  207,
                  20.0,
                  208,
                  20.0,
                  209,
                  20.0,
                  210,
                  20.0,
                  211,
                  20.0,
                  212,
                  20.0,
                  213,
                  20.0,
                  214,
                  20.0,
                  215,
                  20.0,
                  216,
                  20.0,
                  217,
                  20.0,
                  218,
                  20.0,
                  219,
                  20.0,
                  220,
                  20.0,
                  221,
                  20.0,
                  222,
                  20.0,
                  223,
                  20.0,
                  224,
                  20.0,
                  225,
                  20.0,
                  226,
                  20.0,
                  227,
                  20.0,
                  228,
                  20.0,
                  229,
                  20.0,
                  230,
                  20.0,
                  231,
                  20.0,
                  232,
                  20.0,
                  233,
                  20.0,
                  234,
                  20.0,
                  235,
                  20.0,
                  236,
                  20.0,
                  237,
                  20.0,
                  238,
                  20.0
                ]
              ]
            ],
            -1,
            -1,
            0,
            -1,
            -1,
            3,
            [
              65,
              7,
              5000,
              []
            ]
          ]
        ],
        "GID": -1,
        "ID": 38,
        "N": "pvp",
        "SPR": 761,
        "VIS": 30,
        "W": 761,
        "WID": 2
      },
      {
        "D": 0,
        "EQ": [
          [
            6541856156,
            1,
            2,
            5,
            -1,
            [
              [
                4,
                100,
                [
                  117.0
                ]
              ],
              [
                5,
                100,
                [
                  77.0
                ]
              ],
              [
                109,
                100,
                [
                  48.0
                ]
              ],
              [
                115,
                100,
                [
                  45.0
                ]
              ]
            ],
            -1,
            -1,
            0,
            -1,
            -1,
            3,
            [
              1,
              7,
              5000,
              [
                4632112,
                32,
                7,
                4030,
                [
                  [
                    315,
                    61,
                    [
                      9.9
                    ]
                  ],
                  [
                    316,
                    81,
                    [
                      33.3
                    ]
                  ],
                  [
                    318,
                    87,
                    [
                      17.7
                    ]
                  ],
                  [
                    312,
                    74,
                    [
                      15.8
                    ]
                  ]
                ],
                0
              ]
            ]
          ],
          [
            6541849759,
            2,
            2,
            5,
            -1,
            [
              [
                1,
                46,
                [
                  84.3
                ]
              ],
              [
                2,
                34,
                [
                  83.7
                ]
              ],
              [
                117,
                62,
                [
                  29.8
                ]
              ],
              [
                116,
                59,
                [
                  62.2
                ]
              ]
            ],
            -1,
            -1,
            0,
            -1,
            -1,
            3,
            [
              2,
              5,
              3010,
              [
                4632915,
                32,
                2,
                2690,
                [
                  [
                    312,
                    49,
                    [
                      11.8
                    ]
                  ],
                  [
                    310,
                    34,
                    [
                      9.8
                    ]
                  ],
                  [
                    317,
                    51,
                    [
                      5.6
                    ]
                  ],
                  [
                    316,
                    35,
                    [
                      17.3
                    ]
                  ]
                ],
                0
              ]
            ]
          ],
          [
            6541850452,
            3,
            2,
            5,
            -1,
            [
              [
                3,
                70,
                [
                  115.5
                ]
              ],
              [
                6,
                62,
                [
                  75.1
                ]
              ],
              [
                112,
                77,
                [
                  31.1
                ]
              ],
              [
                113,
                61,
                [
                  12.1
                ]
              ]
            ],
            -1,
            -1,
            0,
            -1,
            -1,
            3,
            [
              3,
              7,
              3700,
              [
                4632109,
                32,
                7,
                4240,
                [
                  [
                    313,
                    78,
                    [
                      12.1
                    ]
                  ],
                  [
                    311,
                    86,
                    [
                      17.8
                    ]
                  ],
                  [
                    317,
                    68,
                    [
                      7.1
                    ]
                  ],
                  [
                    310,
                    92,
                    [
                      23.2
                    ]
                  ]
                ],
                0
              ]
            ]
          ],
          [
            6540437074,
            4,
            2,
            5,
            -1,
            [
              [
                7,
                100,
                [
                  17.0
                ]
              ],
              [
                108,
                100,
                [
                  48.0
                ]
              ],
              [
                112,
                100,
                [
                  38.0
                ]
              ],
              [
                116,
                100,
                [
                  95.0
                ]
              ]
            ],
            -1,
            -1,
            0,
            -1,
            -1,
            3,
            [
              4,
              7,
              5000,
              [
                4632893,
                32,
                6,
                3580,
                [
                  [
                    312,
                    59,
                    [
                      13.4
                    ]
                  ],
                  [
                    311,
                    68,
                    [
                      14.9
                    ]
                  ],
                  [
                    315,
                    79,
                    [
                      12.3
                    ]
                  ],
                  [
                    313,
                    52,
                    [
                      8.8
                    ]
                  ]
                ],
                0
              ]
            ]
          ],
          [
            6540429190,
            6,
            2,
            15,
            -1,
            [
              [
                808,
                62,
                [
                  38.3
                ]
              ],
              [
                811,
                42,
                [
                  17.6
                ]
              ],
              [
                810,
                80,
                [
                  46.2
                ]
              ],
              [
                809,
                78,
                [
                  45.3
                ]
              ],
              [
                20020,
                80,
                [
                  22.0
                ]
              ],
              [
                20013,
                40,
                [
                  9,
                  22.0,
                  58,
                  22.0,
                  714,
                  22.0,
                  10,
                  22.0,
                  59,
                  22.0,
                  715,
                  22.0
                ]
              ]
            ],
            -1,
            -1,
            0,
            -1,
            -1,
            3,
            [
              65,
              7,
              3620,
              []
            ]
          ]
        ],
        "GID": 103,
        "ID": 39,
        "L": 20,
        "N": "pvp",
        "SPR": 775,
        "ST": 1,
        "VIS": 31,
        "W": 775,
        "WID": 2
      },
      {
        "D": 1,
        "EQ": [
          [
            6541854097,
            1,
            2,
            5,
            -1,
            [
              [
                4,
                100,
                [
                  117.0
                ]
              ],
              [
                5,
                100,
                [
                  77.0
                ]
              ],
              [
                108,
                100,
                [
                  48.0
                ]
              ],
              [
                120,
                100,
                [
                  15.0
                ]
              ]
            ],
            -1,
            -1,
            0,
            -1,
            -1,
            3,
            [
              1,
              7,
              5000,
              [
                4640825,
                32,
                7,
                3940,
                [
                  [
                    312,
                    68,
                    [
                      14.9
                    ]
                  ],
                  [
                    316,
                    76,
                    [
                      31.6
                    ]
                  ],
                  [
                    314,
                    72,
                    [
                      19.7
                    ]
                  ],
                  [
                    317,
                    78,
                    [
                      8.0
                    ]
                  ]
                ],
                0
              ]
            ]
          ],
          [
            6540460263,
            2,
            2,
            5,
            -1,
            [
              [
                1,
                62,
                [
                  85.1
                ]
              ],
              [
                2,
                68,
                [
                  85.4
                ]
              ],
              [
                109,
                77,
                [
                  38.8
                ]
              ],
              [
                116,
                75,
                [
                  75.0
                ]
              ]
            ],
            -1,
            -1,
            0,
            -1,
            -1,
            3,
            [
              2,
              7,
              3820,
              [
                4634586,
                32,
                7,
                3570,
                [
                  [
                    315,
                    62,
                    [
                      10.1
                    ]
                  ],
                  [
                    309,
                    69,
                    [
                      17.9
                    ]
                  ],
                  [
                    314,
                    63,
                    [
                      18.0
                    ]
                  ],
                  [
                    313,
                    63,
                    [
                      10.2
                    ]
                  ]
                ],
                0
              ]
            ]
          ],
          [
            6540460264,
            3,
            2,
            5,
            -1,
            [
              [
                3,
                72,
                [
                  115.6
                ]
              ],
              [
                6,
                82,
                [
                  76.1
                ]
              ],
              [
                113,
                78,
                [
                  14.7
                ]
              ],
              [
                108,
                70,
                [
                  36.0
                ]
              ]
            ],
            -1,
            -1,
            0,
            -1,
            -1,
            3,
            [
              3,
              7,
              4020,
              [
                4616474,
                32,
                7,
                5000,
                [
                  [
                    312,
                    100,
                    [
                      20.0
                    ]
                  ],
                  [
                    320,
                    100,
                    [
                      20.0
                    ]
                  ],
                  [
                    315,
                    100,
                    [
                      15.0
                    ]
                  ],
                  [
                    313,
                    100,
                    [
                      15.0
                    ]
                  ]
                ],
                0
              ]
            ]
          ],
          [
            6541853852,
            4,
            2,
            5,
            -1,
            [
              [
                7,
                100,
                [
                  17.0
                ]
              ],
              [
                117,
                100,
                [
                  45.0
                ]
              ],
              [
                115,
                100,
                [
                  45.0
                ]
              ],
              [
                113,
                100,
                [
                  18.0
                ]
              ]
            ],
            -1,
            -1,
            0,
            -1,
            -1,
            3,
            [
              4,
              7,
              5000,
              [
                4632892,
                32,
                5,
                3250,
                [
                  [
                    319,
                    52,
                    [
                      5.7
                    ]
                  ],
                  [
                    312,
                    69,
                    [
                      15.0
                    ]
                  ],
                  [
                    318,
                    45,
                    [
                      10.1
                    ]
                  ],
                  [
                    313,
                    59,
                    [
                      9.7
                    ]
                  ]
                ],
                0
              ]
            ]
          ],
          [
            6541860401,
            6,
            2,
            15,
            -1,
            [
              [
                810,
                70,
                [
                  41.8
                ]
              ],
              [
                811,
                57,
                [
                  22.1
                ]
              ],
              [
                808,
                41,
                [
                  29.0
                ]
              ],
              [
                813,
                52,
                [
                  27.2
                ]
              ],
              [
                20016,
                57,
                [
                  2060,
                  27.0,
                  2061,
                  27.0,
                  2062,
                  27.0,
                  2063,
                  27.0,
                  2064,
                  27.0,
                  2065,
                  27.0,
                  2066,
                  27.0,
                  2067,
                  27.0,
                  2068,
                  27.0,
                  148,
                  27.0,
                  2069,
                  27.0,
                  149,
                  27.0,
                  2070,
                  27.0,
                  150,
                  27.0,
                  151,
                  27.0,
                  2071,
                  27.0,
                  2072,
                  27.0,
                  2073,
                  27.0,
                  2074,
                  27.0,
                  2075,
                  27.0,
                  2076,
                  27.0,
                  2077,
                  27.0,
                  2078,
                  27.0,
                  2079,
                  27.0,
                  2020,
                  27.0,
                  2021,
                  27.0,
                  2022,
                  27.0,
                  2023,
                  27.0,
                  2024,
                  27.0,
                  2025,
                  27.0,
                  2026,
                  27.0,
                  2027,
                  27.0,
                  2028,
                  27.0,
                  2029,
                  27.0,
                  2030,
                  27.0,
                  2031,
                  27.0,
                  2032,
                  27.0,
                  2033,
                  27.0,
                  2034,
                  27.0,
                  2035,
                  27.0,
                  2036,
                  27.0,
                  2037,
                  27.0,
                  2038,
                  27.0,
                  2039,
                  27.0
                ]
              ],
              [
                20012,
                55,
                [
                  672,
                  42.0,
                  664,
                  42.0,
                  75,
                  42.0,
                  76,
                  42.0,
                  686,
                  42.0,
                  687,
                  42.0
                ]
              ]
            ],
            -1,
            -1,
            0,
            -1,
            -1,
            3,
            [
              65,
              5,
              3200,
              []
            ]
          ]
        ],
        "GID": -1,
        "ID": 40,
        "N": "pvp",
        "SPR": 481,
        "VIS": 32,
        "W": 749,
        "WID": 2
      },
      {
        "D": 0,
        "EQ": [
          [
            6541849865,
            1,
            2,
            5,
            -1,
            [
              [
                4,
                36,
                [
                  113.8
                ]
              ],
              [
                5,
                74,
                [
                  75.7
                ]
              ],
              [
                114,
                66,
                [
                  20.2
                ]
              ],
              [
                115,
                64,
                [
                  30.6
                ]
              ]
            ],
            -1,
            -1,
            0,
            -1,
            -1,
            3,
            [
              1,
              7,
              3400,
              [
                4632903,
                32,
                7,
                4340,
                [
                  [
                    319,
                    96,
                    [
                      9.6
                    ]
                  ],
                  [
                    312,
                    84,
                    [
                      17.4
                    ]
                  ],
                  [
                    309,
                    84,
                    [
                      21.3
                    ]
                  ],
                  [
                    320,
                    70,
                    [
                      14.6
                    ]
                  ]
                ],
                0
              ]
            ]
          ],
          [
            6541852054,
            2,
            2,
            5,
            -1,
            [
              [
                1,
                74,
                [
                  85.7
                ]
              ],
              [
                2,
                86,
                [
                  86.3
                ]
              ],
              [
                116,
                74,
                [
                  74.2
                ]
              ],
              [
                108,
                82,
                [
                  40.8
                ]
              ]
            ],
            -1,
            -1,
            0,
            -1,
            -1,
            3,
            [
              2,
              7,
              4160,
              [
                4623236,
                32,
                4,
                2290,
                [
                  [
                    308,
                    30,
                    [
                      3.3
                    ]
                  ],
                  [
                    307,
                    37,
                    [
                      3.7
                    ]
                  ],
                  [
                    306,
                    62,
                    [
                      10.0
                    ]
                  ]
                ],
                0
              ]
            ]
          ],
          [
            6541860417,
            3,
            2,
            5,
            -1,
            [
              [
                3,
                100,
                [
                  117.0
                ]
              ],
              [
                6,
                100,
                [
                  77.0
                ]
              ],
              [
                117,
                100,
                [
                  45.0
                ]
              ],
              [
                113,
                100,
                [
                  18.0
                ]
              ]
            ],
            -1,
            -1,
            0,
            -1,
            -1,
            3,
            [
              3,
              7,
              5000,
              [
                4632907,
                32,
                7,
                3400,
                [
                  [
                    313,
                    65,
                    [
                      10.4
                    ]
                  ],
                  [
                    311,
                    69,
                    [
                      15.0
                    ]
                  ],
                  [
                    312,
                    62,
                    [
                      13.9
                    ]
                  ],
                  [
                    317,
                    44,
                    [
                      5.0
                    ]
                  ]
                ],
                0
              ]
            ]
          ],
          [
            6540430377,
            4,
            2,
            5,
            -1,
            [
              [
                7,
                100,
                [
                  17.0
                ]
              ],
              [
                109,
                100,
                [
                  48.0
                ]
              ],
              [
                111,
                100,
                [
                  38.0
                ]
              ],
              [
                116,
                100,
                [
                  95.0
                ]
              ]
            ],
            -1,
            -1,
            0,
            -1,
            -1,
            3,
            [
              4,
              7,
              5000,
              [
                4622008,
                32,
                7,
                3790,
                [
                  [
                    314,
                    67,
                    [
                      18.7
                    ]
                  ],
                  [
                    313,
                    66,
                    [
                      10.6
                    ]
                  ],
                  [
                    318,
                    63,
                    [
                      13.3
                    ]
                  ],
                  [
                    309,
                    83,
                    [
                      21.1
                    ]
                  ]
                ],
                0
              ]
            ]
          ],
          [
            6541852157,
            6,
            2,
            15,
            -1,
            [
              [
                808,
                43,
                [
                  29.9
                ]
              ],
              [
                815,
                67,
                [
                  31.5
                ]
              ],
              [
                810,
                61,
                [
                  37.8
                ]
              ],
              [
                814,
                67,
                [
                  32.8
                ]
              ],
              [
                20018,
                100,
                [
                  1.0
                ]
              ],
              [
                20020,
                33,
                [
                  14.9
                ]
              ]
            ],
            -1,
            -1,
            0,
            -1,
            -1,
            3,
            [
              65,
              7,
              3380,
              []
            ]
          ]
        ],
        "GID": 125,
        "ID": 41,
        "L": 10,
        "N": "pvp",
        "SPR": 785,
        "ST": 0,
        "VIS": 33,
        "W": 785,
        "WID": 2
      },
      {
        "D": 2,
        "EQ": [
          [
            6541852868,
            1,
            2,
            5,
            -1,
            [
              [
                4,
                100,
                [
                  117.0
                ]
              ],
              [
                5,
                100,
                [
                  77.0
                ]
              ],
              [
                113,
                100,
                [
                  18.0
                ]
              ],
              [
                111,
                100,
                [
                  38.0
                ]
              ]
            ],
            -1,
            -1,
            0,
            -1,
            -1,
            3,
            [
              1,
              7,
              5000,
              [
                4632916,
                32,
                6,
                3290,
                [
                  [
                    312,
                    39,
                    [
                      10.2
                    ]
                  ],
                  [
                    318,
                    39,
                    [
                      9.0
                    ]
                  ],
                  [
                    313,
                    73,
                    [
                      11.5
                    ]
                  ],
                  [
                    314,
                    78,
                    [
                      20.8
                    ]
                  ]
                ],
                0
              ]
            ]
          ],
          [
            6541852722,
            2,
            2,
            5,
            -1,
            [
              [
                1,
                84,
                [
                  86.2
                ]
              ],
              [
                2,
                86,
                [
                  86.3
                ]
              ],
              [
                109,
                92,
                [
                  44.8
                ]
              ],
              [
                114,
                83,
                [
                  24.1
                ]
              ]
            ],
            -1,
            -1,
            0,
            -1,
            -1,
            3,
            [
              2,
              7,
              4450,
              [
                4630210,
                32,
                2,
                2500,
                [
                  [
                    302,
                    57,
                    [
                      33.2
                    ]
                  ],
                  [
                    306,
                    57,
                    [
                      9.5
                    ]
                  ],
                  [
                    305,
                    36,
                    [
                      7.3
                    ]
                  ]
                ],
                0
              ]
            ]
          ],
          [
            6541856547,
            3,
            2,
            5,
            -1,
            [
              [
                3,
                100,
                [
                  117.0
                ]
              ],
              [
                6,
                100,
                [
                  77.0
                ]
              ],
              [
                108,
                100,
                [
                  48.0
                ]
              ],
              [
                110,
                100,
                [
                  38.0
                ]
              ]
            ],
            -1,
            -1,
            0,
            -1,
            -1,
            3,
            [
              3,
              7,
              5000,
              [
                4632902,
                32,
                5,
                3230,
                [
                  [
                    318,
                    37,
                    [
                      8.7
                    ]
                  ],
                  [
                    311,
                    57,
                    [
                      13.1
                    ]
                  ],
                  [
                    315,
                    55,
                    [
                      9.1
                    ]
                  ],
                  [
                    314,
                    74,
                    [
                      20.1
                    ]
                  ]
                ],
                0
              ]
            ]
          ],
          [
            6541860688,
            4,
            2,
            5,
            -1,
            [
              [
                7,
                100,
                [
                  17.0
                ]
              ],
              [
                116,
                100,
                [
                  95.0
                ]
              ],
              [
                115,
                100,
                [
                  45.0
                ]
              ],
              [
                112,
                100,
                [
                  38.0
                ]
              ]
            ],
            -1,
            -1,
            0,
            -1,
            -1,
            3,
            [
              4,
              7,
              5000,
              [
                4632894,
                32,
                2,
                2660,
                [
                  [
                    317,
                    40,
                    [
                      4.6
                    ]
                  ],
                  [
                    313,
                    37,
                    [
                      6.8
                    ]
                  ],
                  [
                    314,
                    31,
                    [
                      11.9
                    ]
                  ],
                  [
                    312,
                    58,
                    [
                      13.3
                    ]
                  ]
                ],
                0
              ]
            ]
          ],
          [
            6541856336,
            6,
            2,
            15,
            -1,
            [
              [
                810,
                62,
                [
                  38.3
                ]
              ],
              [
                814,
                79,
                [
                  37.2
                ]
              ],
              [
                809,
                80,
                [
                  46.2
                ]
              ],
              [
                807,
                33,
                [
                  11.6
                ]
              ],
              [
                20015,
                73,
                [
                  22,
                  49.0,
                  23,
                  49.0
                ]
              ],
              [
                20019,
                59,
                [
                  10.9
                ]
              ]
            ],
            -1,
            -1,
            0,
            -1,
            -1,
            3,
            [
              65,
              7,
              3540,
              []
            ]
          ]
        ],
        "GID": 101,
        "ID": 42,
        "L": 20,
        "N": "",
        "SPR": 373,
        "ST": 1,
        "VIS": 34,
        "W": 681,
        "WID": 2
      }
    ]
  },
  "gui": {
    "HI": [],
    "I": [
      [
        14,
        155
      ],
      [
        10,
        284
      ],
      [
        620,
        694774
      ],
      [
        778,
        11919
      ],
      [
        242,
        77329
      ],
      [
        241,
        59683
      ],
      [
        651,
        13962
      ]
    ],
    "SHI": [],
    "TU": []
  }
}

  raw:
%xt%aci%1%0%{"KID":10,"HAWL":4,"TX":1097,"TY":68,"SCID":293,"gaa":{"KID":10,"uap":{"KID":10,"NS":-1,"PMS":-1,"PMT":0},"AI":[17,1097,68,-411,0,[],2,60,41032,32]},"B":{"DLID":-105,"GID":113,"GEM":[],"E":[[7,[41.0],"EQ"],[8,[25.0],"EQ"],[10,[32.0],"EQ"],[11,[24.0],"EQ"]],"AE":[],"GASAIDS":[],"SIDS":[]},"S":[[[713,50],[712,63],[637,1],[647,1]],[[713,55],[712,49],[637,1],[647,1],[645,1],[626,1]],[[713,54],[712,49],[647,1],[637,1],[637,1]],[[713,316],[712,334]],[],[],[]],"AS":2,"gui":{"I":[[14,155],[10,284],[620,694774],[778,11919],[242,77329],[241,59683],[651,13962]],"SHI":[],"HI":[],"TU":[]},"gli":{"B":[{"ID":1,"WID":1,"VIS":0,"LICID":16011862,"N":"","GID":104,"L":30,"ST":3,"W":164,"D":285,"SPR":75,"EQ":[[6549385993,1,1,5,-1,[[10003,76,[115.8]],[10004,82,[76.1]],[10114,92,[88.6]],[10111,80,[40.0]]],-1,-1,0,-1,-1,3,[101,7,4300,[4637990,131,2,2240,[[10208,26,[3.1]],[10202,41,[27.3]],[10201,57,[9.5]]],0]]],[6541383707,2,1,5,-1,[[10005,78,[85.9]],[10006,76,[85.8]],[10112,78,[39.2]],[10111,95,[46.0]]],-1,-1,0,-1,-1,3,[102,7,4270,[4633963,131,6,3290,[[10209,46,[12.6]],[10210,64,[16.7]],[10214,69,[19.1]],[10219,50,[13,3.0]]],0]]],[6541409166,3,1,5,-1,[[10002,88,[116.4]],[10110,72,[29.6]],[10113,72,[33.8]],[10112,77,[38.8]]],-1,-1,0,-1,-1,3,[103,7,4090,[4614338,131,6,2920,[[10206,57,[9.5]],[10203,68,[5.3]],[10201,67,[10.5]]],0]]],[6547061083,4,1,5,-1,[[10001,72,[15.6]],[10112,85,[42.0]],[10113,96,[43.4]],[10118,100,[227,1000.0]]],-1,-1,0,-1,-1,3,[104,7,4530,[4637991,131,4,2360,[[10206,64,[10.2]],[10203,41,[3.9]],[10207,31,[3.4]]],0]]],[6540815412,5,1,0,0,[[201,[25.0]],[335,[10.0]],[13,[5.0]]],1487,-1,0,-1,-1,1],[6540287196,6,1,15,-1,[[10509,70,[85.5]],[10518,76,[19.5]],[10507,75,[16.3]],[10515,69,[25.7]],[30013,69,[921]],[30017,69,[18.8]]],-1,-1,0,-1,-1,3,[162,7,3900,[]]]]},{"ID":19,"WID":1,"VIS":3,"LICID":16681051,"N":"","GID":-1,"W":1,"D":4,"SPR":0,"EQ":[[6540814855,1,1,0,0,[[268,[140.0]],[277,[140.0]],[282,[90.0]]],1529,1100,0,-1,514,1],[6550510231,2,1,0,0,[[269,[10.0]],[278,[10.0]],[283,[65.0]]],1530,1100,0,-1,-1,1],[6541704034,3,1,0,0,[[268,[140.0]],[277,[140.0]],[282,[90.0]]],1528,1100,0,-1,515,1],[6545631903,4,1,0,0,[[269,[10.0]],[278,[10.0]],[283,[65.0]]],1531,1100,0,-1,516,1],[6550634189,5,1,0,0,[],1590,-1,0,-1,-1,1],[6542027289,6,1,10,0,[[270,[160.0]],[279,[50.0]],[284,[10000]]],1532,1100,0,-1,-1,1]]},{"ID":4,"WID":1,"VIS":6,"LICID":16673031,"N":"","GID":-1,"W":2,"D":5,"SPR":0,"EQ":[[6551081022,5,1,0,0,[],1590,-1,0,-1,-1,1]]},{"ID":5,"WID":1,"VIS":7,"LICID":16632819,"N":"","GID":-1,"W":1,"D":5,"SPR":0,"EQ":[[6540814859,6,1,10,0,[[270,[160.0]],[279,[50.0]],[284,[10000]]],1532,1100,0,-1,-1,1]]},{"ID":43,"WID":1,"VIS":8,"LICID":-1,"N":"","GID":-1,"W":0,"D":0,"SPR":0,"EQ":[[6550633583,5,1,0,0,[],1195,-1,0,-1,-1,1]]},{"ID":12,"WID":1,"VIS":1,"LICID":16366513,"N":"","GID":-1,"W":3,"D":3,"SPR":0,"EQ":[[6550633751,5,1,0,0,[],1195,-1,0,-1,-1,1],[6540667826,6,1,15,-1,[[10506,49,[11.1]],[10505,50,[11.3]],[10502,44,[10.4]],[30002,67,[90]],[30004,44,[696]]],-1,-1,0,-1,-1,3,[162,3,2430,[]]]]},{"ID":13,"WID":1,"VIS":2,"LICID":16366514,"N":"","GID":-1,"W":5,"D":9,"SPR":0,"EQ":[[6541064957,1,1,0,0,[[268,[175.0]],[277,[175.0]],[282,[112.0]]],1534,1101,0,-1,-1,1],[6550510380,2,1,0,0,[[269,[12.0]],[278,[12.0]],[283,[76.0]]],1535,1101,0,-1,-1,1],[6545631973,3,1,0,0,[[268,[175.0]],[277,[175.0]],[282,[112.0]]],1533,1101,0,-1,-1,1],[6545631929,4,1,0,0,[[269,[10.0]],[278,[10.0]],[283,[65.0]]],1531,1100,0,-1,-1,1],[6550444311,5,1,0,0,[],695,-1,0,-1,-1,1],[6550510302,6,1,10,0,[[270,[160.0]],[279,[50.0]],[284,[10000]]],1532,1100,0,-1,-1,1]]},{"ID":14,"WID":1,"VIS":5,"LICID":293,"N":"","GID":-1,"W":0,"D":0,"SPR":0,"EQ":[[6540430885,5,1,0,0,[],696,-1,0,-1,-1,1],[6541476091,6,1,15,-1,[[10508,80,[17.0]],[10514,92,[42.0]],[10509,82,[87.3]],[10507,92,[18.8]],[30018,86,[22.2]],[30011,83,[67.3]]],-1,-1,0,-1,-1,3,[162,7,4460,[]]]]},{"ID":15,"WID":1,"VIS":13,"LICID":-1,"N":"","GID":-1,"W":0,"D":0,"SPR":0,"EQ":[[6541064948,5,1,0,0,[],1544,-1,0,-1,-1,1],[6547137549,6,1,15,-1,[[10510,68,[18.6]],[10511,64,[39.2]],[10513,72,[34.6]],[10507,82,[17.3]],[30011,68,[60.6]],[30017,85,[22.0]]],-1,-1,0,-1,-1,3,[162,7,3860,[]]]]}],"C":[{"ID":0,"WID":2,"VIS":0,"N":"","GID":105,"L":30,"ST":2,"W":8719,"D":43,"SPR":2905,"EQ":[[6540437167,1,2,5,-1,[[4,100,[117.0]],[5,100,[77.0]],[109,100,[48.0]],[115,100,[45.0]]],-1,-1,0,-1,-1,3,[1,7,5000,[4619725,31,2,2240,[[207,50,[4.4]],[206,45,[8.2]],[208,29,[9.8]]],0]]],[6541852847,2,2,5,-1,[[1,100,[87.0]],[2,100,[87.0]],[115,100,[45.0]],[108,100,[48.0]]],-1,-1,0,-1,-1,3,[2,7,5000,[4625321,31,4,2590,[[204,39,[3.8]],[208,61,[14.9]],[206,59,[9.7]]],0]]],[6540429546,3,2,5,-1,[[3,68,[115.4]],[6,76,[75.8]],[115,80,[37.0]],[116,77,[76.6]]],-1,-1,0,-1,-1,3,[3,7,4010,[4615428,31,5,2640,[[201,51,[8.9]],[206,53,[9.1]],[208,60,[14.7]]],0]]],[6541854106,4,2,5,-1,[[7,100,[17.0]],[114,100,[28.0]],[121,100,[215,1000.0]],[110,100,[38.0]]],-1,-1,0,-1,-1,3,[4,7,5000,[4637976,31,4,2350,[[205,28,[6.4]],[207,45,[4.1]],[206,62,[10.0]]],0]]],[6553056944,5,2,0,0,[[21,[6.0]]],1071,-1,0,600104,-1,2],[6541854072,6,2,15,-1,[[512,75,[44.0]],[510,39,[22.4]],[514,37,[12.4]],[513,61,[23.3]],[20015,40,[22,36.0,23,36.0]],[20017,73,[195,16.0,196,16.0,197,16.0,198,16.0,199,16.0,200,16.0,201,16.0,202,16.0,203,16.0,204,16.0,205,16.0,206,16.0,207,16.0,208,16.0,209,16.0,210,16.0,211,16.0,212,16.0,213,16.0,214,16.0,215,16.0,216,16.0,217,16.0,218,16.0,219,16.0,220,16.0,221,16.0,222,16.0,223,16.0,224,16.0,225,16.0,226,16.0,227,16.0,228,16.0,229,16.0,230,16.0,231,16.0,232,16.0,233,16.0,234,16.0,235,16.0,236,16.0,237,16.0,238,16.0]]],-1,-1,0,-1,-1,3,[62,6,3120,[]]]]},{"ID":2,"WID":2,"VIS":1,"N":"","GID":-1,"W":8053,"D":70,"SPR":2612,"EQ":[[6540429286,1,2,5,-1,[[4,48,[114.4]],[5,44,[74.2]],[109,48,[27.2]],[117,70,[33.0]]],-1,-1,0,-1,-1,3,[1,5,3100,[4616465,32,4,2740,[[319,44,[5.0]],[314,33,[12.3]],[318,66,[13.9]],[320,31,[7.6]]],0]]],[6540429364,2,2,5,-1,[[1,54,[84.7]],[2,48,[84.4]],[114,84,[24.3]],[109,44,[25.6]]],-1,-1,0,-1,-1,3,[2,5,3300,[4616815,32,7,4170,[[314,79,[21.0]],[315,60,[9.8]],[317,88,[8.9]],[312,90,[18.4]]],0]]],[6541850043,3,2,5,-1,[[3,56,[114.8]],[6,46,[74.3]],[116,65,[67.0]],[112,52,[23.6]]],-1,-1,0,-1,-1,3,[3,5,3190,[]]],[6540429353,4,2,5,-1,[[7,38,[13.9]],[108,53,[29.2]],[111,60,[26.0]],[121,80,[215,802.0]]],-1,-1,0,-1,-1,3,[4,6,3310,[4616491,32,2,2260,[[308,33,[3.5]],[305,40,[7.7]],[302,53,[31.7]]],0]]],[6553052207,5,2,0,0,[[21,[3.0]]],1068,-1,0,253349,-1,2],[6541853860,6,2,15,-1,[[515,67,[10.7]],[508,73,[43.1]],[512,33,[25.5]],[513,49,[19.7]],[20019,50,[10.0]],[20018,100,[1.0]]],-1,-1,0,-1,-1,3,[62,6,3220,[]]]]},{"ID":3,"WID":2,"VIS":2,"N":"","GID":-1,"W":7606,"D":41,"SPR":2549,"EQ":[[6540231997,1,2,5,-1,[[4,74,[115.7]],[5,82,[76.1]],[120,71,[10.9]],[116,38,[45.4]]],-1,-1,0,-1,-1,3,[1,7,3650,[4613326,31,1,1780,[[207,30,[3.3]],[206,15,[5.1]],[205,33,[7.0]]],0]]],[6545157862,2,2,5,-1,[[1,96,[86.8]],[2,62,[85.1]],[116,62,[64.6]],[117,75,[35.0]]],-1,-1,0,-1,-1,3,[2,7,3950,[]]],[6541854999,3,2,5,-1,[[3,76,[115.8]],[6,32,[73.6]],[109,40,[24.0]],[108,47,[26.8]]],-1,-1,0,-1,-1,3,[3,5,2950,[]]],[6541451656,4,2,5,-1,[[7,68,[15.4]],[121,78,[215,782.0]],[112,68,[28.4]],[111,71,[29.3]]],-1,-1,0,-1,-1,3,[4,7,3850,[]]],[6541855976,6,2,15,-1,[[511,80,[29.0]],[514,53,[15.6]],[513,60,[23.0]],[512,62,[38.3]],[20018,100,[1.0]],[20014,45,[18,38.0,19,38.0,20,38.0,21,38.0]]],-1,-1,0,-1,-1,3,[62,7,3550,[]]]]},{"ID":6,"WID":2,"VIS":3,"N":"","GID":-1,"W":6346,"D":40,"SPR":1073,"EQ":[[6541853165,1,2,5,-1,[[4,58,[114.9]],[5,68,[75.4]],[116,44,[50.2]],[115,59,[28.6]]],-1,-1,0,-1,-1,3,[1,5,3290,[]]],[6540429375,2,2,5,-1,[[1,62,[85.1]],[2,36,[83.8]],[118,76,[11.6]],[116,30,[39.0]]],-1,-1,0,-1,-1,3,[2,6,3040,[4622007,32,7,3860,[[312,64,[14.2]],[313,81,[12.5]],[319,64,[6.8]],[317,77,[7.9]]],0]]],[6540429618,3,2,5,-1,[[3,74,[115.7]],[6,56,[74.8]],[115,75,[35.0]],[109,36,[22.4]]],-1,-1,0,-1,-1,3,[3,6,3410,[4616814,32,7,4140,[[315,75,[11.8]],[320,84,[17.1]],[316,93,[37.5]],[313,62,[10.1]]],0]]],[6543665993,4,2,5,-1,[[7,62,[15.1]],[112,76,[30.8]],[116,67,[68.6]],[121,67,[215,673.0]]],-1,-1,0,-1,-1,3,[4,7,3720,[]]],[6541854789,6,2,15,-1,[[512,35,[26.4]],[515,42,[7.5]],[508,76,[44.4]],[509,60,[30.2]],[20020,53,[18.0]],[20017,53,[195,13.0,196,13.0,197,13.0,198,13.0,199,13.0,200,13.0,201,13.0,202,13.0,203,13.0,204,13.0,205,13.0,206,13.0,207,13.0,208,13.0,209,13.0,210,13.0,211,13.0,212,13.0,213,13.0,214,13.0,215,13.0,216,13.0,217,13.0,218,13.0,219,13.0,220,13.0,221,13.0,222,13.0,223,13.0,224,13.0,225,13.0,226,13.0,227,13.0,228,13.0,229,13.0,230,13.0,231,13.0,232,13.0,233,13.0,234,13.0,235,13.0,236,13.0,237,13.0,238,13.0]]],-1,-1,0,-1,-1,3,[62,6,3130,[]]]]},{"ID":7,"WID":2,"VIS":4,"N":"","GID":-1,"W":5679,"D":21,"SPR":2352,"EQ":[[6540287192,1,2,5,-1,[[4,74,[115.7]],[5,66,[75.3]],[116,62,[64.6]],[114,85,[24.5]]],-1,-1,0,-1,-1,3,[1,7,3870,[]]],[6540944402,2,2,5,-1,[[1,62,[85.1]],[2,82,[86.1]],[108,71,[36.4]],[109,84,[41.6]]],-1,-1,0,-1,-1,3,[2,7,3990,[]]],[6541854664,3,2,5,-1,[[3,34,[113.7]],[6,62,[75.1]],[116,60,[63.0]],[111,49,[22.7]]],-1,-1,0,-1,-1,3,[3,6,3050,[]]],[6541852530,4,2,5,-1,[[7,80,[16.0]],[121,79,[215,792.0]],[117,34,[18.6]],[110,72,[29.6]]],-1,-1,0,-1,-1,3,[4,7,3650,[]]],[6541849807,6,2,15,-1,[[510,66,[32.4]],[508,72,[42.7]],[512,50,[33.0]],[513,37,[16.1]],[20015,48,[22,39.0,23,39.0]],[20018,100,[1.0]]],-1,-1,0,-1,-1,3,[62,6,3250,[]]]]},{"ID":8,"WID":2,"VIS":5,"N":"","GID":-1,"W":5442,"D":13,"SPR":2379,"EQ":[[6541855982,1,2,5,-1,[[4,32,[113.6]],[5,44,[74.2]],[112,80,[32.0]],[109,67,[34.8]]],-1,-1,0,-1,-1,3,[1,6,3230,[]]],[6540429277,2,2,5,-1,[[1,46,[84.3]],[2,54,[84.7]],[117,52,[25.8]],[118,65,[10.1]]],-1,-1,0,-1,-1,3,[2,5,3170,[]]],[6545157863,3,2,5,-1,[[3,86,[116.3]],[6,78,[75.9]],[116,70,[71.0]],[117,81,[37.4]]],-1,-1,0,-1,-1,3,[3,7,4150,[]]],[6545157864,4,2,5,-1,[[7,78,[15.9]],[115,74,[34.6]],[110,78,[31.4]],[121,76,[215,762.0]]],-1,-1,0,-1,-1,3,[4,7,4060,[]]],[6541852973,6,2,15,-1,[[515,56,[9.3]],[514,56,[16.2]],[509,61,[30.6]],[508,34,[26.0]],[20015,55,[22,42.0,23,42.0]],[20012,38,[672,35.0,664,35.0,75,35.0,76,35.0,686,35.0,687,35.0]]],-1,-1,0,-1,-1,3,[62,5,3070,[]]]]},{"ID":9,"WID":2,"VIS":6,"N":"","GID":-1,"W":5263,"D":8,"SPR":3317,"EQ":[[6544414774,1,2,5,-1,[[4,66,[115.3]],[5,64,[75.2]],[116,92,[88.6]],[113,77,[14.6]]],-1,-1,0,-1,-1,3,[1,7,3990,[]]],[6541855345,2,2,5,-1,[[1,66,[85.3]],[2,38,[83.9]],[109,52,[28.8]],[115,63,[30.2]]],-1,-1,0,-1,-1,3,[2,6,3190,[]]],[6541856051,3,2,5,-1,[[3,76,[115.8]],[6,30,[73.5]],[110,41,[20.3]],[109,37,[22.8]]],-1,-1,0,-1,-1,3,[3,4,2840,[]]],[6540429646,4,2,5,-1,[[7,88,[16.4]],[114,76,[22.5]],[110,84,[33.2]],[121,80,[215,802.0]]],-1,-1,0,-1,-1,3,[4,7,4280,[4616464,32,7,4270,[[312,82,[17.1]],[310,82,[20.9]],[311,73,[15.7]],[314,90,[23.1]]],0]]],[6541861837,6,2,15,-1,[[510,79,[37.2]],[511,53,[20.9]],[509,34,[20.6]],[513,77,[28.1]],[20016,40,[2060,22.0,2061,22.0,2062,22.0,2063,22.0,2064,22.0,2065,22.0,2066,22.0,2067,22.0,2068,22.0,148,22.0,2069,22.0,149,22.0,2070,22.0,150,22.0,151,22.0,2071,22.0,2072,22.0,2073,22.0,2074,22.0,2075,22.0,2076,22.0,2077,22.0,2078,22.0,2079,22.0,2020,22.0,2021,22.0,2022,22.0,2023,22.0,2024,22.0,2025,22.0,2026,22.0,2027,22.0,2028,22.0,2029,22.0,2030,22.0,2031,22.0,2032,22.0,2033,22.0,2034,22.0,2035,22.0,2036,22.0,2037,22.0,2038,22.0,2039,22.0]],[20018,100,[1.0]]],-1,-1,0,-1,-1,3,[62,6,3430,[]]]]},{"ID":10,"WID":2,"VIS":7,"N":"","GID":122,"L":10,"ST":0,"W":4555,"D":24,"SPR":1892,"EQ":[[6540429397,1,2,5,-1,[[4,52,[114.6]],[5,56,[74.8]],[115,66,[31.4]],[116,82,[80.6]]],-1,-1,0,-1,-1,3,[1,6,3560,[]]],[6540429463,2,2,5,-1,[[1,70,[85.5]],[2,78,[85.9]],[111,79,[31.7]],[118,75,[11.5]]],-1,-1,0,-1,-1,3,[2,7,4020,[]]],[6543665992,3,2,5,-1,[[3,98,[116.9]],[6,70,[75.5]],[109,73,[37.2]],[111,85,[33.5]]],-1,-1,0,-1,-1,3,[3,7,4260,[]]],[6541856164,4,2,5,-1,[[7,100,[17.0]],[108,100,[48.0]],[111,100,[38.0]],[121,100,[215,1000.0]]],-1,-1,0,-1,-1,3,[4,7,5000,[]]],[6541850270,6,2,15,-1,[[509,47,[25.4]],[510,70,[33.9]],[507,40,[28.6]],[511,66,[24.8]],[20013,57,[9,27.0,58,27.0,714,27.0,10,27.0,59,27.0,715,27.0]],[20018,100,[1.0]]],-1,-1,0,-1,-1,3,[62,6,3230,[]]]]},{"ID":11,"WID":2,"VIS":8,"N":"","GID":-1,"W":4233,"D":30,"SPR":1714,"EQ":[[6541852306,1,2,5,-1,[[4,38,[113.9]],[5,54,[74.7]],[113,39,[8.9]],[116,71,[71.8]]],-1,-1,0,-1,-1,3,[1,4,3020,[]]],[6543665991,2,2,5,-1,[[1,90,[86.5]],[2,82,[86.1]],[112,66,[27.8]],[108,89,[43.6]]],-1,-1,0,-1,-1,3,[2,7,4270,[]]],[6541850372,3,2,5,-1,[[3,72,[115.6]],[6,60,[75.0]],[112,45,[21.5]],[116,33,[41.4]]],-1,-1,0,-1,-1,3,[3,6,3100,[]]],[6547137547,4,2,5,-1,[[7,66,[15.3]],[112,84,[33.2]],[108,78,[39.2]],[121,71,[215,713.0]]],-1,-1,0,-1,-1,3,[4,7,3990,[]]],[6541065560,6,2,15,-1,[[506,15,[15.2]],[504,12,[10.2]],[503,56,[20.1]],[20008,52,[9,23.0,58,23.0,714,23.0,10,23.0,59,23.0,715,23.0]],[20003,50,[18,8.0,19,8.0,20,8.0,21,8.0]]],-1,-1,0,-1,-1,3,[62,2,1830,[]]]]},{"ID":16,"WID":2,"VIS":9,"N":"","GID":-1,"W":2977,"D":7,"SPR":911,"EQ":[[6541854838,1,2,5,-1,[[4,100,[117.0]],[5,100,[77.0]],[115,100,[45.0]],[116,100,[95.0]]],-1,-1,0,-1,-1,3,[1,7,5000,[]]],[6540317160,2,2,5,-1,[[1,36,[83.8]],[2,64,[85.2]],[101,34,[15.1]]],-1,-1,0,-1,-1,3,[2,4,2340,[]]],[6541798822,3,2,5,-1,[[3,68,[115.4]],[6,58,[74.9]],[101,59,[20.8]]],-1,-1,0,-1,-1,3,[3,5,2850,[]]],[6547264030,4,2,5,-1,[[7,68,[15.4]],[117,69,[32.6]],[121,82,[215,822.0]],[108,83,[41.2]]],-1,-1,0,-1,-1,3,[4,7,4020,[]]],[6541853923,6,2,15,-1,[[811,57,[22.1]],[806,49,[82.3]],[809,41,[29.0]],[812,67,[25.1]],[20017,80,[195,17.0,196,17.0,197,17.0,198,17.0,199,17.0,200,17.0,201,17.0,202,17.0,203,17.0,204,17.0,205,17.0,206,17.0,207,17.0,208,17.0,209,17.0,210,17.0,211,17.0,212,17.0,213,17.0,214,17.0,215,17.0,216,17.0,217,17.0,218,17.0,219,17.0,220,17.0,221,17.0,222,17.0,223,17.0,224,17.0,225,17.0,226,17.0,227,17.0,228,17.0,229,17.0,230,17.0,231,17.0,232,17.0,233,17.0,234,17.0,235,17.0,236,17.0,237,17.0,238,17.0]],[20015,68,[22,47.0,23,47.0]]],-1,-1,0,-1,-1,3,[65,5,3140,[]]]]},{"ID":17,"WID":2,"VIS":10,"N":"","GID":-1,"W":2621,"D":3,"SPR":1056,"EQ":[[6540429730,1,2,5,-1,[[4,64,[115.2]],[5,34,[73.7]],[108,40,[24.0]],[113,68,[13.2]]],-1,-1,0,-1,-1,3,[1,6,3060,[]]],[6547137542,2,2,5,-1,[[1,68,[85.4]],[2,68,[85.4]],[110,87,[34.1]],[109,83,[41.2]]],-1,-1,0,-1,-1,3,[2,7,4060,[]]],[6547266537,3,2,5,-1,[[3,80,[116.0]],[6,92,[76.6]],[108,82,[40.8]],[116,82,[80.6]]],-1,-1,0,-1,-1,3,[3,7,4360,[]]],[6547266633,4,2,5,-1,[[7,86,[16.3]],[121,85,[215,852.0]],[117,88,[40.2]],[110,96,[36.8]]],-1,-1,0,-1,-1,3,[4,7,4550,[]]],[6540429474,6,2,15,-1,[[811,35,[15.5]],[815,36,[18.8]],[806,57,[83.6]],[813,73,[35.0]],[20014,33,[18,33.0,19,33.0,20,33.0,21,33.0]],[20017,80,[195,17.0,196,17.0,197,17.0,198,17.0,199,17.0,200,17.0,201,17.0,202,17.0,203,17.0,204,17.0,205,17.0,206,17.0,207,17.0,208,17.0,209,17.0,210,17.0,211,17.0,212,17.0,213,17.0,214,17.0,215,17.0,216,17.0,217,17.0,218,17.0,219,17.0,220,17.0,221,17.0,222,17.0,223,17.0,224,17.0,225,17.0,226,17.0,227,17.0,228,17.0,229,17.0,230,17.0,231,17.0,232,17.0,233,17.0,234,17.0,235,17.0,236,17.0,237,17.0,238,17.0]]],-1,-1,0,-1,-1,3,[65,4,3010,[]]]]},{"ID":18,"WID":2,"VIS":11,"N":"","GID":-1,"W":2409,"D":4,"SPR":340,"EQ":[[6544805516,1,2,5,-1,[[4,66,[115.3]],[5,76,[75.8]],[110,75,[30.5]],[116,80,[79.0]]],-1,-1,0,-1,-1,3,[1,7,3970,[]]],[6552046027,2,2,5,-1,[[1,66,[85.3]],[2,72,[85.6]],[116,72,[72.6]],[114,60,[18.8]]],-1,-1,0,-1,-1,3,[2,7,3700,[]]],[6549477899,3,2,5,-1,[[3,64,[115.2]],[6,96,[76.8]],[117,73,[34.2]],[108,66,[34.4]]],-1,-1,0,-1,-1,3,[3,7,3990,[]]],[6552046029,4,2,5,-1,[[7,64,[15.2]],[117,80,[37.0]],[121,82,[215,822.0]],[114,65,[20.0]]],-1,-1,0,-1,-1,3,[4,7,3910,[]]],[6540429944,6,2,15,-1,[[515,51,[8.6]],[513,37,[16.1]],[508,54,[34.8]],[511,38,[16.4]],[20013,80,[9,34.0,58,34.0,714,34.0,10,34.0,59,34.0,715,34.0]],[20020,44,[16.6]]],-1,-1,0,-1,-1,3,[62,2,2800,[]]]]},{"ID":20,"WID":2,"VIS":12,"N":"","GID":-1,"W":2308,"D":5,"SPR":341,"EQ":[[6552046026,1,2,5,-1,[[4,76,[115.8]],[5,62,[75.1]],[114,88,[25.2]],[116,92,[88.6]]],-1,-1,0,-1,-1,3,[1,7,4180,[]]],[6546154240,2,2,5,-1,[[1,86,[86.3]],[2,88,[86.4]],[109,68,[35.2]],[115,60,[29.0]]],-1,-1,0,-1,-1,3,[2,7,4020,[]]],[6541860541,3,2,5,-1,[[3,56,[114.8]],[6,46,[74.3]],[115,74,[34.6]],[108,58,[31.2]]],-1,-1,0,-1,-1,3,[3,5,3340,[]]],[6549477900,4,2,5,-1,[[7,86,[16.3]],[121,77,[215,772.0]],[117,65,[31.0]],[113,90,[16.5]]],-1,-1,0,-1,-1,3,[4,7,4180,[]]],[6540429256,6,2,15,-1,[[509,57,[29.1]],[510,69,[33.5]],[514,61,[17.2]],[513,46,[18.8]],[20013,37,[9,21.0,58,21.0,714,21.0,10,21.0,59,21.0,715,21.0]],[20015,43,[22,37.0,23,37.0]]],-1,-1,0,-1,-1,3,[62,6,3330,[]]]]},{"ID":21,"WID":2,"VIS":13,"N":"","GID":-1,"W":2192,"D":4,"SPR":253,"EQ":[[6547137540,1,2,5,-1,[[4,86,[116.3]],[5,78,[75.9]],[116,78,[77.4]],[110,89,[34.7]]],-1,-1,0,-1,-1,3,[1,7,4310,[]]],[6551326724,2,2,5,-1,[[1,86,[86.3]],[2,72,[85.6]],[111,73,[29.9]],[108,60,[32.0]]],-1,-1,0,-1,-1,3,[2,7,3910,[]]],[6546798437,3,2,5,-1,[[3,62,[115.1]],[6,66,[75.3]],[112,68,[28.4]],[116,64,[66.2]]],-1,-1,0,-1,-1,3,[3,7,3600,[]]],[6540429766,4,2,5,-1,[[7,44,[14.2]],[121,50,[215,505.0]],[110,44,[21.2]],[111,62,[26.6]]],-1,-1,0,-1,-1,3,[4,5,3000,[4619098,32,1,1940,[[302,24,[21.1]],[304,39,[3.8]],[306,31,[6.8]]],0]]],[6541853188,6,2,15,-1,[[510,38,[22.1]],[508,56,[35.6]],[509,36,[21.3]],[515,62,[10.1]],[20016,70,[2060,31.0,2061,31.0,2062,31.0,2063,31.0,2064,31.0,2065,31.0,2066,31.0,2067,31.0,2068,31.0,148,31.0,2069,31.0,149,31.0,2070,31.0,150,31.0,151,31.0,2071,31.0,2072,31.0,2073,31.0,2074,31.0,2075,31.0,2076,31.0,2077,31.0,2078,31.0,2079,31.0,2020,31.0,2021,31.0,2022,31.0,2023,31.0,2024,31.0,2025,31.0,2026,31.0,2027,31.0,2028,31.0,2029,31.0,2030,31.0,2031,31.0,2032,31.0,2033,31.0,2034,31.0,2035,31.0,2036,31.0,2037,31.0,2038,31.0,2039,31.0]],[20013,77,[9,33.0,58,33.0,714,33.0,10,33.0,59,33.0,715,33.0]]],-1,-1,0,-1,-1,3,[62,4,2920,[]]]]},{"ID":22,"WID":2,"VIS":14,"N":"","GID":-1,"W":2017,"D":3,"SPR":256,"EQ":[[6540430034,1,2,5,-1,[[4,38,[113.9]],[5,46,[74.3]],[115,41,[21.4]],[112,44,[21.2]]],-1,-1,0,-1,-1,3,[1,3,2690,[]]],[6540171841,2,2,5,-1,[[1,68,[85.4]],[2,42,[84.1]],[103,21,[7.3]]],-1,-1,0,-1,-1,3,[2,4,2310,[]]],[6540667835,3,2,5,-1,[[3,12,[112.6]],[6,26,[73.3]],[101,41,[16.7]]],-1,-1,0,-1,-1,3,[3,2,1790,[]]],[6541852670,4,2,5,-1,[[7,46,[14.3]],[114,51,[16.7]],[110,49,[22.7]],[121,49,[215,495.0]]],-1,-1,0,-1,-1,3,[4,3,2950,[]]],[6541852040,6,2,15,-1,[[512,38,[27.7]],[510,46,[25.0]],[507,35,[26.4]],[511,51,[20.3]],[20020,43,[16.5]],[20019,42,[9.2]]],-1,-1,0,-1,-1,3,[62,2,2700,[]]]]},{"ID":23,"WID":2,"VIS":15,"N":"","GID":-1,"W":1963,"D":1,"SPR":803,"EQ":[[6540429987,1,2,5,-1,[[4,80,[116.0]],[5,54,[74.7]],[111,55,[24.5]],[110,32,[17.6]]],-1,-1,0,-1,-1,3,[1,5,3210,[]]],[6540436616,2,2,5,-1,[[1,44,[84.2]],[2,56,[84.8]],[106,62,[4.3]]],-1,-1,0,-1,-1,3,[2,5,2620,[]]],[6540732877,3,2,5,-1,[[3,48,[114.4]],[6,22,[73.1]],[101,38,[16.0]]],-1,-1,0,-1,-1,3,[3,2,2080,[]]],[6540429502,4,2,5,-1,[[7,68,[15.4]],[117,46,[23.4]],[110,63,[26.9]],[113,36,[8.4]]],-1,-1,0,-1,-1,3,[4,6,3130,[]]],[6541850253,6,2,15,-1,[[511,37,[16.1]],[513,43,[17.9]],[514,41,[13.2]],[512,75,[44.0]],[20014,40,[18,36.0,19,36.0,20,36.0,21,36.0]],[20017,67,[195,15.0,196,15.0,197,15.0,198,15.0,199,15.0,200,15.0,201,15.0,202,15.0,203,15.0,204,15.0,205,15.0,206,15.0,207,15.0,208,15.0,209,15.0,210,15.0,211,15.0,212,15.0,213,15.0,214,15.0,215,15.0,216,15.0,217,15.0,218,15.0,219,15.0,220,15.0,221,15.0,222,15.0,223,15.0,224,15.0,225,15.0,226,15.0,227,15.0,228,15.0,229,15.0,230,15.0,231,15.0,232,15.0,233,15.0,234,15.0,235,15.0,236,15.0,237,15.0,238,15.0]]],-1,-1,0,-1,-1,3,[62,5,2960,[]]]]},{"ID":24,"WID":2,"VIS":16,"N":"","GID":-1,"W":1883,"D":1,"SPR":765,"EQ":[[6540429538,1,2,5,-1,[[4,66,[115.3]],[5,64,[75.2]],[108,62,[32.8]],[111,60,[26.0]]],-1,-1,0,-1,-1,3,[1,7,3520,[]]],[6540514444,2,2,5,-1,[[1,56,[84.8]],[2,40,[84.0]],[105,44,[10.4]]],-1,-1,0,-1,-1,3,[2,3,2400,[]]],[6540757649,3,2,5,-1,[[3,66,[115.3]],[6,12,[72.6]],[107,54,[11.8]]],-1,-1,0,-1,-1,3,[3,4,2320,[]]],[6540427110,4,2,5,-1,[[7,46,[14.3]],[107,48,[11.0]],[101,21,[12.2]]],-1,-1,0,-1,-1,3,[4,2,2150,[]]],[6540317183,6,2,15,-1,[[502,60,[29.4]],[503,6,[8.9]],[506,61,[29.7]],[20001,13,[672,5.0,664,5.0,75,5.0,76,5.0,686,5.0,687,5.0]],[20003,25,[18,6.0,19,6.0,20,6.0,21,6.0]]],-1,-1,0,-1,-1,3,[62,6,2270,[]]]]},{"ID":25,"WID":2,"VIS":17,"N":"","GID":-1,"W":1834,"D":2,"SPR":755,"EQ":[[6540667839,1,2,5,-1,[[4,56,[114.8]],[5,48,[74.4]],[102,63,[21.7]]],-1,-1,0,-1,-1,3,[1,5,2670,[]]],[6540831882,2,2,5,-1,[[1,18,[82.9]],[2,38,[83.9]],[103,60,[12.6]]],-1,-1,0,-1,-1,3,[2,4,2160,[]]],[6540832449,3,2,5,-1,[[3,58,[114.9]],[6,34,[73.7]],[102,23,[12.7]]],-1,-1,0,-1,-1,3,[3,2,2150,[]]],[6540430478,4,2,5,-1,[[7,52,[14.6]],[108,56,[30.4]],[117,65,[31.0]],[112,30,[17.0]]],-1,-1,0,-1,-1,3,[4,5,3030,[]]],[6542033622,6,2,15,-1,[[501,63,[30.3]],[502,59,[29.1]],[503,42,[17.0]],[20007,33,[672,18.0,664,18.0,75,18.0,76,18.0,686,18.0,687,18.0]],[20002,25,[9,6.0,58,6.0,714,6.0,10,6.0,59,6.0,715,6.0]]],-1,-1,0,-1,-1,3,[62,5,2640,[]]]]},{"ID":26,"WID":2,"VIS":18,"N":"","GID":-1,"W":1828,"D":1,"SPR":776,"EQ":[[6540429701,1,2,5,-1,[[4,58,[114.9]],[5,72,[75.6]],[112,32,[17.6]],[113,53,[10.9]]],-1,-1,0,-1,-1,3,[1,5,3150,[]]],[6540287193,2,2,5,-1,[[1,86,[86.3]],[2,76,[85.8]],[117,92,[41.8]],[112,83,[32.9]]],-1,-1,0,-1,-1,3,[2,7,4370,[4615014,32,7,3910,[[311,82,[17.1]],[318,69,[14.4]],[315,61,[9.9]],[310,79,[20.2]]],0]]],[6540908054,3,2,5,-1,[[3,28,[113.4]],[6,66,[75.3]],[101,56,[20.1]]],-1,-1,0,-1,-1,3,[3,4,2500,[]]],[6540259108,4,2,5,-1,[[7,56,[14.8]],[103,33,[9.0]],[104,24,[7.7]]],-1,-1,0,-1,-1,3,[4,2,2130,[]]],[6540430642,6,2,15,-1,[[509,49,[26.1]],[507,40,[28.6]],[508,76,[44.4]],[510,31,[19.5]],[20017,60,[195,14.0,196,14.0,197,14.0,198,14.0,199,14.0,200,14.0,201,14.0,202,14.0,203,14.0,204,14.0,205,14.0,206,14.0,207,14.0,208,14.0,209,14.0,210,14.0,211,14.0,212,14.0,213,14.0,214,14.0,215,14.0,216,14.0,217,14.0,218,14.0,219,14.0,220,14.0,221,14.0,222,14.0,223,14.0,224,14.0,225,14.0,226,14.0,227,14.0,228,14.0,229,14.0,230,14.0,231,14.0,232,14.0,233,14.0,234,14.0,235,14.0,236,14.0,237,14.0,238,14.0]],[20013,53,[9,26.0,58,26.0,714,26.0,10,26.0,59,26.0,715,26.0]]],-1,-1,0,-1,-1,3,[62,5,2960,[]]]]},{"ID":27,"WID":2,"VIS":19,"N":"","GID":-1,"W":1762,"D":1,"SPR":736,"EQ":[[6540429266,1,2,5,-1,[[4,66,[115.3]],[5,52,[74.6]],[112,56,[24.8]],[114,34,[12.8]]],-1,-1,0,-1,-1,3,[1,5,3080,[]]],[6541113413,2,2,5,-1,[[1,40,[84.0]],[2,66,[85.3]],[104,63,[13.0]]],-1,-1,0,-1,-1,3,[2,6,2690,[]]],[6540944403,3,2,5,-1,[[3,66,[115.3]],[6,80,[76.0]],[116,63,[65.4]],[115,78,[36.2]]],-1,-1,0,-1,-1,3,[3,7,3870,[]]],[6540944404,4,2,5,-1,[[7,82,[16.1]],[108,63,[33.2]],[117,66,[31.4]],[109,76,[38.4]]],-1,-1,0,-1,-1,3,[4,7,3870,[]]],[6540379898,6,2,15,-1,[[505,20,[7.2]],[504,45,[17.6]],[506,28,[19.3]],[20008,63,[9,26.0,58,26.0,714,26.0,10,26.0,59,26.0,715,26.0]],[20006,41,[620,67.0]]],-1,-1,0,-1,-1,3,[62,2,1930,[]]]]},{"ID":28,"WID":2,"VIS":20,"N":"","GID":-1,"W":1707,"D":1,"SPR":729,"EQ":[[6540429223,1,2,5,-1,[[4,58,[114.9]],[5,46,[74.3]],[117,40,[21.0]],[110,75,[30.5]]],-1,-1,0,-1,-1,3,[1,5,3190,[]]],[6540732874,2,2,5,-1,[[1,26,[83.3]],[2,18,[82.9]],[101,44,[17.4]]],-1,-1,0,-1,-1,3,[2,2,1880,[]]],[6540816235,3,2,5,-1,[[3,44,[114.2]],[6,64,[75.2]],[102,17,[11.3]]],-1,-1,0,-1,-1,3,[3,4,2250,[]]],[6540231928,4,2,5,-1,[[7,54,[14.7]],[117,54,[26.6]],[114,55,[17.6]],[110,20,[14.0]]],-1,-1,0,-1,-1,3,[4,3,2830,[]]],[6541855260,6,2,15,-1,[[507,46,[31.2]],[514,32,[11.4]],[510,45,[24.6]],[511,44,[18.2]],[20014,43,[18,37.0,19,37.0,20,37.0,21,37.0]],[20015,33,[22,33.0,23,33.0]]],-1,-1,0,-1,-1,3,[62,3,2670,[]]]]},{"ID":29,"WID":2,"VIS":21,"N":"","GID":-1,"W":1701,"D":1,"SPR":726,"EQ":[[6540667822,1,2,5,-1,[[4,68,[115.4]],[5,32,[73.6]],[103,58,[12.3]]],-1,-1,0,-1,-1,3,[1,4,2580,[]]],[6540715481,2,2,5,-1,[[1,42,[84.1]],[2,42,[84.1]],[101,33,[14.9]]],-1,-1,0,-1,-1,3,[2,2,2170,[]]],[6540785901,3,2,5,-1,[[3,68,[115.4]],[6,22,[73.1]],[106,53,[3.9]]],-1,-1,0,-1,-1,3,[3,4,2430,[]]],[6540667865,4,2,5,-1,[[7,68,[15.4]],[104,53,[11.7]],[105,79,[15.2]]],-1,-1,0,-1,-1,3,[4,6,3000,[]]],[6540667828,6,2,15,-1,[[503,61,[21.2]],[505,38,[9.6]],[506,6,[12.4]],[20011,48,[2060,22.0,2061,22.0,2062,22.0,2063,22.0,2064,22.0,2065,22.0,2066,22.0,2067,22.0,2068,22.0,148,22.0,2069,22.0,149,22.0,2070,22.0,150,22.0,151,22.0,2071,22.0,2072,22.0,2073,22.0,2074,22.0,2075,22.0,2076,22.0,2077,22.0,2078,22.0,2079,22.0,2020,22.0,2021,22.0,2022,22.0,2023,22.0,2024,22.0,2025,22.0,2026,22.0,2027,22.0,2028,22.0,2029,22.0,2030,22.0,2031,22.0,2032,22.0,2033,22.0,2034,22.0,2035,22.0,2036,22.0,2037,22.0,2038,22.0,2039,22.0]],[20007,59,[672,25.0,664,25.0,75,25.0,76,25.0,686,25.0,687,25.0]]],-1,-1,0,-1,-1,3,[62,4,2050,[]]]]},{"ID":30,"WID":2,"VIS":22,"N":"","GID":-1,"W":1669,"D":1,"SPR":723,"EQ":[[6540742130,1,2,5,-1,[[4,18,[112.9]],[5,30,[73.5]],[101,31,[14.5]]],-1,-1,0,-1,-1,3,[1,1,1790,[]]],[6540758051,2,2,5,-1,[[1,82,[86.1]],[2,80,[86.0]],[103,76,[14.8]]],-1,-1,0,-1,-1,3,[2,7,3380,[]]],[6540758058,3,2,5,-1,[[3,74,[115.7]],[6,70,[75.5]],[101,73,[23.9]]],-1,-1,0,-1,-1,3,[3,7,3170,[]]],[6540757659,4,2,5,-1,[[7,32,[13.6]],[103,61,[12.7]],[102,54,[19.6]]],-1,-1,0,-1,-1,3,[4,4,2470,[]]],[6540757656,6,2,15,-1,[[607,67,[13.5]],[602,62,[30.0]],[604,24,[7.7]],[20001,50,[672,8.0,664,8.0,75,8.0,76,8.0,686,8.0,687,8.0]],[20005,50,[2060,8.0,2061,8.0,2062,8.0,2063,8.0,2064,8.0,2065,8.0,2066,8.0,2067,8.0,2068,8.0,148,8.0,2069,8.0,149,8.0,2070,8.0,150,8.0,151,8.0,2071,8.0,2072,8.0,2073,8.0,2074,8.0,2075,8.0,2076,8.0,2077,8.0,2078,8.0,2079,8.0,2020,8.0,2021,8.0,2022,8.0,2023,8.0,2024,8.0,2025,8.0,2026,8.0,2027,8.0,2028,8.0,2029,8.0,2030,8.0,2031,8.0,2032,8.0,2033,8.0,2034,8.0,2035,8.0,2036,8.0,2037,8.0,2038,8.0,2039,8.0]]],-1,-1,0,-1,-1,3,[63,6,2530,[]]]]},{"ID":31,"WID":2,"VIS":23,"N":"","GID":-1,"W":1587,"D":1,"SPR":714,"EQ":[[6549477897,1,2,5,-1,[[4,62,[115.1]],[5,78,[75.9]],[116,81,[79.8]],[108,87,[42.8]]],-1,-1,0,-1,-1,3,[1,7,4080,[]]],[6549477898,2,2,5,-1,[[1,72,[85.6]],[2,66,[85.3]],[114,60,[18.8]],[116,76,[75.8]]],-1,-1,0,-1,-1,3,[2,7,3740,[]]],[6541160909,3,2,5,-1,[[3,56,[114.8]],[6,30,[73.5]],[103,66,[13.4]]],-1,-1,0,-1,-1,3,[3,4,2520,[]]],[6540757521,4,2,5,-1,[[7,38,[13.9]],[101,67,[22.6]],[102,38,[16.0]]],-1,-1,0,-1,-1,3,[4,4,2430,[]]],[6540379911,6,2,15,-1,[[501,40,[23.1]],[503,51,[19.0]],[502,19,[16.5]],[20005,50,[2060,8.0,2061,8.0,2062,8.0,2063,8.0,2064,8.0,2065,8.0,2066,8.0,2067,8.0,2068,8.0,148,8.0,2069,8.0,149,8.0,2070,8.0,150,8.0,151,8.0,2071,8.0,2072,8.0,2073,8.0,2074,8.0,2075,8.0,2076,8.0,2077,8.0,2078,8.0,2079,8.0,2020,8.0,2021,8.0,2022,8.0,2023,8.0,2024,8.0,2025,8.0,2026,8.0,2027,8.0,2028,8.0,2029,8.0,2030,8.0,2031,8.0,2032,8.0,2033,8.0,2034,8.0,2035,8.0,2036,8.0,2037,8.0,2038,8.0,2039,8.0]],[20001,63,[672,9.0,664,9.0,75,9.0,76,9.0,686,9.0,687,9.0]]],-1,-1,0,-1,-1,3,[62,2,2100,[]]]]},{"ID":32,"WID":2,"VIS":24,"N":"","GID":-1,"W":1494,"D":1,"SPR":759,"EQ":[[6541381840,1,2,5,-1,[[4,24,[113.2]],[5,60,[75.0]],[103,41,[10.0]]],-1,-1,0,-1,-1,3,[1,4,2250,[]]],[6541853006,2,2,5,-1,[[1,60,[85.0]],[2,72,[85.6]],[117,60,[29.0]],[111,38,[19.4]]],-1,-1,0,-1,-1,3,[2,7,3300,[]]],[6541854134,3,2,5,-1,[[3,100,[117.0]],[6,100,[77.0]],[114,100,[28.0]],[111,100,[38.0]]],-1,-1,0,-1,-1,3,[3,7,5000,[]]],[6541856084,4,2,5,-1,[[7,100,[17.0]],[117,100,[45.0]],[113,100,[18.0]],[111,100,[38.0]]],-1,-1,0,-1,-1,3,[4,7,5000,[]]],[6541856145,6,2,15,-1,[[811,50,[20.0]],[810,33,[25.5]],[809,64,[39.2]],[812,30,[14.0]],[20012,60,[672,44.0,664,44.0,75,44.0,76,44.0,686,44.0,687,44.0]],[20016,67,[2060,30.0,2061,30.0,2062,30.0,2063,30.0,2064,30.0,2065,30.0,2066,30.0,2067,30.0,2068,30.0,148,30.0,2069,30.0,149,30.0,2070,30.0,150,30.0,151,30.0,2071,30.0,2072,30.0,2073,30.0,2074,30.0,2075,30.0,2076,30.0,2077,30.0,2078,30.0,2079,30.0,2020,30.0,2021,30.0,2022,30.0,2023,30.0,2024,30.0,2025,30.0,2026,30.0,2027,30.0,2028,30.0,2029,30.0,2030,30.0,2031,30.0,2032,30.0,2033,30.0,2034,30.0,2035,30.0,2036,30.0,2037,30.0,2038,30.0,2039,30.0]]],-1,-1,0,-1,-1,3,[65,4,2770,[]]]]},{"ID":33,"WID":2,"VIS":25,"N":"","GID":-1,"W":1377,"D":0,"SPR":1377,"EQ":[[6547263832,1,2,5,-1,[[4,60,[115.0]],[5,56,[74.8]],[116,88,[85.4]],[109,87,[42.8]]],-1,-1,0,-1,-1,3,[1,7,3910,[]]],[6550277038,2,2,5,-1,[[1,72,[85.6]],[2,64,[85.2]],[109,60,[32.0]],[118,65,[10.1]]],-1,-1,0,-1,-1,3,[2,7,3610,[]]],[6541451655,3,2,5,-1,[[3,78,[115.9]],[6,68,[75.4]],[114,81,[23.6]],[119,75,[11.5]]],-1,-1,0,-1,-1,3,[3,7,4020,[]]],[6550277040,4,2,5,-1,[[7,68,[15.4]],[116,87,[84.6]],[113,64,[12.6]],[111,60,[26.0]]],-1,-1,0,-1,-1,3,[4,7,3790,[]]],[6541051709,6,2,15,-1,[[602,47,[25.3]],[606,69,[23.0]],[601,23,[48.2]],[20007,7,[672,11.0,664,11.0,75,11.0,76,11.0,686,11.0,687,11.0]],[20005,63,[2060,9.0,2061,9.0,2062,9.0,2063,9.0,2064,9.0,2065,9.0,2066,9.0,2067,9.0,2068,9.0,148,9.0,2069,9.0,149,9.0,2070,9.0,150,9.0,151,9.0,2071,9.0,2072,9.0,2073,9.0,2074,9.0,2075,9.0,2076,9.0,2077,9.0,2078,9.0,2079,9.0,2020,9.0,2021,9.0,2022,9.0,2023,9.0,2024,9.0,2025,9.0,2026,9.0,2027,9.0,2028,9.0,2029,9.0,2030,9.0,2031,9.0,2032,9.0,2033,9.0,2034,9.0,2035,9.0,2036,9.0,2037,9.0,2038,9.0,2039,9.0]]],-1,-1,0,-1,-1,3,[63,4,2390,[]]]]},{"ID":34,"WID":2,"VIS":26,"N":"","GID":-1,"W":1336,"D":1,"SPR":850,"EQ":[[6540944401,1,2,5,-1,[[4,82,[116.1]],[5,62,[75.1]],[117,81,[37.4]],[114,87,[25.0]]],-1,-1,0,-1,-1,3,[1,7,4120,[]]],[6541809059,2,2,5,-1,[[1,66,[85.3]],[2,66,[85.3]],[110,73,[29.9]],[117,60,[29.0]]],-1,-1,0,-1,-1,3,[2,7,3650,[]]],[6544805518,3,2,5,-1,[[3,66,[115.3]],[6,68,[75.4]],[119,69,[10.7]],[111,71,[29.3]]],-1,-1,0,-1,-1,3,[3,7,3740,[]]],[6547263482,4,2,5,-1,[[7,72,[15.6]],[116,47,[52.6]],[110,66,[27.8]],[108,62,[32.8]]],-1,-1,0,-1,-1,3,[4,7,3470,[]]],[6541855971,6,2,15,-1,[[806,64,[84.6]],[809,60,[37.4]],[816,58,[15.3]],[812,64,[24.2]],[20020,50,[17.5]],[20013,67,[9,30.0,58,30.0,714,30.0,10,30.0,59,30.0,715,30.0]]],-1,-1,0,-1,-1,3,[65,7,3460,[]]]]},{"ID":35,"WID":2,"VIS":27,"N":"","GID":127,"L":10,"ST":0,"W":1330,"D":1,"SPR":383,"EQ":[[6545157861,1,2,5,-1,[[4,70,[115.5]],[5,94,[76.7]],[117,87,[39.8]],[114,93,[26.4]]],-1,-1,0,-1,-1,3,[1,7,4440,[]]],[6541451654,2,2,5,-1,[[1,72,[85.6]],[2,74,[85.7]],[117,65,[31.0]],[108,67,[34.8]]],-1,-1,0,-1,-1,3,[2,7,3780,[]]],[6550277039,3,2,5,-1,[[3,64,[115.2]],[6,76,[75.8]],[117,69,[32.6]],[115,68,[32.2]]],-1,-1,0,-1,-1,3,[3,7,3770,[]]],[6540429950,4,2,5,-1,[[7,66,[15.3]],[116,77,[76.6]],[112,47,[22.1]],[111,75,[30.5]]],-1,-1,0,-1,-1,3,[4,7,3650,[]]],[6541853219,6,2,15,-1,[[813,63,[31.3]],[812,30,[14.0]],[807,74,[19.8]],[809,39,[28.2]],[20012,50,[672,40.0,664,40.0,75,40.0,76,40.0,686,40.0,687,40.0]],[20017,53,[195,13.0,196,13.0,197,13.0,198,13.0,199,13.0,200,13.0,201,13.0,202,13.0,203,13.0,204,13.0,205,13.0,206,13.0,207,13.0,208,13.0,209,13.0,210,13.0,211,13.0,212,13.0,213,13.0,214,13.0,215,13.0,216,13.0,217,13.0,218,13.0,219,13.0,220,13.0,221,13.0,222,13.0,223,13.0,224,13.0,225,13.0,226,13.0,227,13.0,228,13.0,229,13.0,230,13.0,231,13.0,232,13.0,233,13.0,234,13.0,235,13.0,236,13.0,237,13.0,238,13.0]]],-1,-1,0,-1,-1,3,[65,6,3060,[]]]]},{"ID":36,"WID":2,"VIS":28,"N":"","GID":102,"L":40,"ST":3,"W":936,"D":3,"SPR":276,"EQ":[[6541855886,1,2,5,-1,[[4,100,[117.0]],[5,100,[77.0]],[120,100,[15.0]],[110,100,[38.0]]],-1,-1,0,-1,-1,3,[1,7,5000,[]]],[6544805517,2,2,5,-1,[[1,68,[85.4]],[2,70,[85.5]],[115,75,[35.0]],[108,77,[38.8]]],-1,-1,0,-1,-1,3,[2,7,3900,[]]],[6541809060,3,2,5,-1,[[3,60,[115.0]],[6,66,[75.3]],[112,80,[32.0]],[111,67,[28.1]]],-1,-1,0,-1,-1,3,[3,7,3730,[]]],[6546798438,4,2,5,-1,[[7,90,[16.5]],[115,74,[34.6]],[114,81,[23.6]],[110,62,[26.6]]],-1,-1,0,-1,-1,3,[4,7,4070,[]]],[6541854288,6,2,15,-1,[[813,53,[27.6]],[810,67,[40.5]],[808,71,[42.2]],[809,30,[24.2]],[20013,40,[9,22.0,58,22.0,714,22.0,10,22.0,59,22.0,715,22.0]],[20019,45,[9.5]]],-1,-1,0,-1,-1,3,[65,6,3210,[]]]]},{"ID":37,"WID":2,"VIS":29,"N":"","GID":-1,"W":980,"D":9,"SPR":285,"EQ":[[6540460262,1,2,5,-1,[[4,72,[115.6]],[5,70,[75.5]],[108,60,[32.0]],[111,83,[32.9]]],-1,-1,0,-1,-1,3,[1,7,3850,[4616468,32,7,5000,[[311,100,[20.0]],[320,100,[20.0]],[317,100,[10.0]],[309,100,[25.0]]],0]]],[6544414775,2,2,5,-1,[[1,78,[85.9]],[2,78,[85.9]],[115,81,[37.4]],[117,70,[33.0]]],-1,-1,0,-1,-1,3,[2,7,4070,[]]],[6541852381,3,2,5,-1,[[3,84,[116.2]],[6,80,[76.0]],[114,87,[25.0]],[117,83,[38.2]]],-1,-1,0,-1,-1,3,[3,7,4340,[]]],[6541850138,4,2,5,-1,[[7,78,[15.9]],[110,78,[31.4]],[109,76,[38.4]],[113,60,[12.0]]],-1,-1,0,-1,-1,3,[4,7,3920,[]]],[6550043234,5,2,0,0,[[21,[6.0]]],1583,-1,0,1471749,-1,2],[6540430038,6,2,15,-1,[[814,54,[28.0]],[812,74,[27.2]],[810,55,[35.2]],[815,73,[33.9]],[20015,35,[22,34.0,23,34.0]],[20018,100,[1.0]]],-1,-1,0,-1,-1,3,[65,6,3560,[]]]]},{"ID":38,"WID":2,"VIS":30,"N":"pvp","GID":-1,"W":761,"D":0,"SPR":761,"EQ":[[6541849855,1,2,5,-1,[[4,52,[114.6]],[5,80,[76.0]],[116,70,[71.0]],[114,82,[23.9]]],-1,-1,0,-1,-1,3,[1,7,3840,[4642480,32,4,2320,[[301,40,[7.7]],[302,30,[23.3]],[307,62,[5.0]]],0]]],[6541861783,2,2,5,-1,[[1,100,[87.0]],[2,100,[87.0]],[115,100,[45.0]],[110,100,[38.0]]],-1,-1,0,-1,-1,3,[2,7,5000,[4634587,32,7,3900,[[312,68,[14.9]],[317,72,[7.5]],[314,77,[20.6]],[318,73,[15.1]]],0]]],[6541853086,3,2,5,-1,[[3,46,[114.3]],[6,72,[75.6]],[111,40,[20.0]],[109,34,[21.6]]],-1,-1,0,-1,-1,3,[3,5,2920,[4641693,32,4,2290,[[305,60,[9.8]],[306,49,[8.6]],[304,20,[2.8]]],0]]],[6541850299,4,2,5,-1,[[7,86,[16.3]],[117,62,[29.8]],[108,69,[35.6]],[109,51,[28.4]]],-1,-1,0,-1,-1,3,[4,7,3680,[4640826,32,7,3840,[[313,63,[10.2]],[315,90,[13.7]],[312,67,[14.7]],[316,64,[27.4]]],0]]],[6540437233,6,2,15,-1,[[815,100,[45.0]],[812,100,[35.0]],[806,100,[90.0]],[814,100,[45.0]],[20015,100,[22,60.0,23,60.0]],[20017,100,[195,20.0,196,20.0,197,20.0,198,20.0,199,20.0,200,20.0,201,20.0,202,20.0,203,20.0,204,20.0,205,20.0,206,20.0,207,20.0,208,20.0,209,20.0,210,20.0,211,20.0,212,20.0,213,20.0,214,20.0,215,20.0,216,20.0,217,20.0,218,20.0,219,20.0,220,20.0,221,20.0,222,20.0,223,20.0,224,20.0,225,20.0,226,20.0,227,20.0,228,20.0,229,20.0,230,20.0,231,20.0,232,20.0,233,20.0,234,20.0,235,20.0,236,20.0,237,20.0,238,20.0]]],-1,-1,0,-1,-1,3,[65,7,5000,[]]]]},{"ID":39,"WID":2,"VIS":31,"N":"pvp","GID":103,"L":20,"ST":1,"W":775,"D":0,"SPR":775,"EQ":[[6541856156,1,2,5,-1,[[4,100,[117.0]],[5,100,[77.0]],[109,100,[48.0]],[115,100,[45.0]]],-1,-1,0,-1,-1,3,[1,7,5000,[4632112,32,7,4030,[[315,61,[9.9]],[316,81,[33.3]],[318,87,[17.7]],[312,74,[15.8]]],0]]],[6541849759,2,2,5,-1,[[1,46,[84.3]],[2,34,[83.7]],[117,62,[29.8]],[116,59,[62.2]]],-1,-1,0,-1,-1,3,[2,5,3010,[4632915,32,2,2690,[[312,49,[11.8]],[310,34,[9.8]],[317,51,[5.6]],[316,35,[17.3]]],0]]],[6541850452,3,2,5,-1,[[3,70,[115.5]],[6,62,[75.1]],[112,77,[31.1]],[113,61,[12.1]]],-1,-1,0,-1,-1,3,[3,7,3700,[4632109,32,7,4240,[[313,78,[12.1]],[311,86,[17.8]],[317,68,[7.1]],[310,92,[23.2]]],0]]],[6540437074,4,2,5,-1,[[7,100,[17.0]],[108,100,[48.0]],[112,100,[38.0]],[116,100,[95.0]]],-1,-1,0,-1,-1,3,[4,7,5000,[4632893,32,6,3580,[[312,59,[13.4]],[311,68,[14.9]],[315,79,[12.3]],[313,52,[8.8]]],0]]],[6540429190,6,2,15,-1,[[808,62,[38.3]],[811,42,[17.6]],[810,80,[46.2]],[809,78,[45.3]],[20020,80,[22.0]],[20013,40,[9,22.0,58,22.0,714,22.0,10,22.0,59,22.0,715,22.0]]],-1,-1,0,-1,-1,3,[65,7,3620,[]]]]},{"ID":40,"WID":2,"VIS":32,"N":"pvp","GID":-1,"W":749,"D":1,"SPR":481,"EQ":[[6541854097,1,2,5,-1,[[4,100,[117.0]],[5,100,[77.0]],[108,100,[48.0]],[120,100,[15.0]]],-1,-1,0,-1,-1,3,[1,7,5000,[4640825,32,7,3940,[[312,68,[14.9]],[316,76,[31.6]],[314,72,[19.7]],[317,78,[8.0]]],0]]],[6540460263,2,2,5,-1,[[1,62,[85.1]],[2,68,[85.4]],[109,77,[38.8]],[116,75,[75.0]]],-1,-1,0,-1,-1,3,[2,7,3820,[4634586,32,7,3570,[[315,62,[10.1]],[309,69,[17.9]],[314,63,[18.0]],[313,63,[10.2]]],0]]],[6540460264,3,2,5,-1,[[3,72,[115.6]],[6,82,[76.1]],[113,78,[14.7]],[108,70,[36.0]]],-1,-1,0,-1,-1,3,[3,7,4020,[4616474,32,7,5000,[[312,100,[20.0]],[320,100,[20.0]],[315,100,[15.0]],[313,100,[15.0]]],0]]],[6541853852,4,2,5,-1,[[7,100,[17.0]],[117,100,[45.0]],[115,100,[45.0]],[113,100,[18.0]]],-1,-1,0,-1,-1,3,[4,7,5000,[4632892,32,5,3250,[[319,52,[5.7]],[312,69,[15.0]],[318,45,[10.1]],[313,59,[9.7]]],0]]],[6541860401,6,2,15,-1,[[810,70,[41.8]],[811,57,[22.1]],[808,41,[29.0]],[813,52,[27.2]],[20016,57,[2060,27.0,2061,27.0,2062,27.0,2063,27.0,2064,27.0,2065,27.0,2066,27.0,2067,27.0,2068,27.0,148,27.0,2069,27.0,149,27.0,2070,27.0,150,27.0,151,27.0,2071,27.0,2072,27.0,2073,27.0,2074,27.0,2075,27.0,2076,27.0,2077,27.0,2078,27.0,2079,27.0,2020,27.0,2021,27.0,2022,27.0,2023,27.0,2024,27.0,2025,27.0,2026,27.0,2027,27.0,2028,27.0,2029,27.0,2030,27.0,2031,27.0,2032,27.0,2033,27.0,2034,27.0,2035,27.0,2036,27.0,2037,27.0,2038,27.0,2039,27.0]],[20012,55,[672,42.0,664,42.0,75,42.0,76,42.0,686,42.0,687,42.0]]],-1,-1,0,-1,-1,3,[65,5,3200,[]]]]},{"ID":41,"WID":2,"VIS":33,"N":"pvp","GID":125,"L":10,"ST":0,"W":785,"D":0,"SPR":785,"EQ":[[6541849865,1,2,5,-1,[[4,36,[113.8]],[5,74,[75.7]],[114,66,[20.2]],[115,64,[30.6]]],-1,-1,0,-1,-1,3,[1,7,3400,[4632903,32,7,4340,[[319,96,[9.6]],[312,84,[17.4]],[309,84,[21.3]],[320,70,[14.6]]],0]]],[6541852054,2,2,5,-1,[[1,74,[85.7]],[2,86,[86.3]],[116,74,[74.2]],[108,82,[40.8]]],-1,-1,0,-1,-1,3,[2,7,4160,[4623236,32,4,2290,[[308,30,[3.3]],[307,37,[3.7]],[306,62,[10.0]]],0]]],[6541860417,3,2,5,-1,[[3,100,[117.0]],[6,100,[77.0]],[117,100,[45.0]],[113,100,[18.0]]],-1,-1,0,-1,-1,3,[3,7,5000,[4632907,32,7,3400,[[313,65,[10.4]],[311,69,[15.0]],[312,62,[13.9]],[317,44,[5.0]]],0]]],[6540430377,4,2,5,-1,[[7,100,[17.0]],[109,100,[48.0]],[111,100,[38.0]],[116,100,[95.0]]],-1,-1,0,-1,-1,3,[4,7,5000,[4622008,32,7,3790,[[314,67,[18.7]],[313,66,[10.6]],[318,63,[13.3]],[309,83,[21.1]]],0]]],[6541852157,6,2,15,-1,[[808,43,[29.9]],[815,67,[31.5]],[810,61,[37.8]],[814,67,[32.8]],[20018,100,[1.0]],[20020,33,[14.9]]],-1,-1,0,-1,-1,3,[65,7,3380,[]]]]},{"ID":42,"WID":2,"VIS":34,"N":"","GID":101,"L":20,"ST":1,"W":681,"D":2,"SPR":373,"EQ":[[6541852868,1,2,5,-1,[[4,100,[117.0]],[5,100,[77.0]],[113,100,[18.0]],[111,100,[38.0]]],-1,-1,0,-1,-1,3,[1,7,5000,[4632916,32,6,3290,[[312,39,[10.2]],[318,39,[9.0]],[313,73,[11.5]],[314,78,[20.8]]],0]]],[6541852722,2,2,5,-1,[[1,84,[86.2]],[2,86,[86.3]],[109,92,[44.8]],[114,83,[24.1]]],-1,-1,0,-1,-1,3,[2,7,4450,[4630210,32,2,2500,[[302,57,[33.2]],[306,57,[9.5]],[305,36,[7.3]]],0]]],[6541856547,3,2,5,-1,[[3,100,[117.0]],[6,100,[77.0]],[108,100,[48.0]],[110,100,[38.0]]],-1,-1,0,-1,-1,3,[3,7,5000,[4632902,32,5,3230,[[318,37,[8.7]],[311,57,[13.1]],[315,55,[9.1]],[314,74,[20.1]]],0]]],[6541860688,4,2,5,-1,[[7,100,[17.0]],[116,100,[95.0]],[115,100,[45.0]],[112,100,[38.0]]],-1,-1,0,-1,-1,3,[4,7,5000,[4632894,32,2,2660,[[317,40,[4.6]],[313,37,[6.8]],[314,31,[11.9]],[312,58,[13.3]]],0]]],[6541856336,6,2,15,-1,[[810,62,[38.3]],[814,79,[37.2]],[809,80,[46.2]],[807,33,[11.6]],[20015,73,[22,49.0,23,49.0]],[20019,59,[10.9]]],-1,-1,0,-1,-1,3,[65,7,3540,[]]]]}]},"MB":1.687011,"AE":[[111,[40.0],"AB"],[66,[2.0],"CI"],[45,[100.0],"TL"],[43,[5.0],"TL"],[43,[5.0],"TL"],[43,[5.0],"TL"],[53,[20.0],"TL"],[76,[10.0],"TL"],[73,[15.0],"TL"],[82,[10.0],"RH"],[54,[80.0],"RH"],[368,[30.0],"AC"]]}%
---
[08:18:10.611] CLIENT -> SERVER
XT PACKET
  fields:
    type: xt
    server_header: EmpireEx_21
    command: cra
    request_id: 1
    payload: {"SX":1310,"SY":111,"TX":1097,"TY":68,"KID":10,"LID":0,"WT":0,"HBW":-1,"BPC":0,"ATT":0,"AV":1,"LP":0,"FC":0,"PTT":1,"SD":0,"ICA":0,"CD":99,"A":[{"L":{"T":[[651,9],[-1,0]],"U":[[10,99],[-1,0]]},"R":{"T":[[651,9],[-1,0]],"U":[[10,99],[-1,0]]},"M":{"T":[[651,12],[-1,0],[-1,0]],"U":[[10,86],[14,70],[-1,0],[-1,0],[-1,0],[-1,0]]}}],"BKS":[],"AST":[-1,-1,-1],"RW":[[-1,0],[-1,0],[-1,0],[-1,0],[-1,0],[-1,0],[-1,0],[-1,0]],"ASCT":0}

  json_payload:
{
  "A": [
    {
      "L": {
        "T": [
          [
            651,
            9
          ],
          [
            -1,
            0
          ]
        ],
        "U": [
          [
            10,
            99
          ],
          [
            -1,
            0
          ]
        ]
      },
      "M": {
        "T": [
          [
            651,
            12
          ],
          [
            -1,
            0
          ],
          [
            -1,
            0
          ]
        ],
        "U": [
          [
            10,
            86
          ],
          [
            14,
            70
          ],
          [
            -1,
            0
          ],
          [
            -1,
            0
          ],
          [
            -1,
            0
          ],
          [
            -1,
            0
          ]
        ]
      },
      "R": {
        "T": [
          [
            651,
            9
          ],
          [
            -1,
            0
          ]
        ],
        "U": [
          [
            10,
            99
          ],
          [
            -1,
            0
          ]
        ]
      }
    }
  ],
  "ASCT": 0,
  "AST": [
    -1,
    -1,
    -1
  ],
  "ATT": 0,
  "AV": 1,
  "BKS": [],
  "BPC": 0,
  "CD": 99,
  "FC": 0,
  "HBW": -1,
  "ICA": 0,
  "KID": 10,
  "LID": 0,
  "LP": 0,
  "PTT": 1,
  "RW": [
    [
      -1,
      0
    ],
    [
      -1,
      0
    ],
    [
      -1,
      0
    ],
    [
      -1,
      0
    ],
    [
      -1,
      0
    ],
    [
      -1,
      0
    ],
    [
      -1,
      0
    ],
    [
      -1,
      0
    ]
  ],
  "SD": 0,
  "SX": 1310,
  "SY": 111,
  "TX": 1097,
  "TY": 68,
  "WT": 0
}

  raw:
%xt%EmpireEx_21%cra%1%{"SX":1310,"SY":111,"TX":1097,"TY":68,"KID":10,"LID":0,"WT":0,"HBW":-1,"BPC":0,"ATT":0,"AV":1,"LP":0,"FC":0,"PTT":1,"SD":0,"ICA":0,"CD":99,"A":[{"L":{"T":[[651,9],[-1,0]],"U":[[10,99],[-1,0]]},"R":{"T":[[651,9],[-1,0]],"U":[[10,99],[-1,0]]},"M":{"T":[[651,12],[-1,0],[-1,0]],"U":[[10,86],[14,70],[-1,0],[-1,0],[-1,0],[-1,0]]}}],"BKS":[],"AST":[-1,-1,-1],"RW":[[-1,0],[-1,0],[-1,0],[-1,0],[-1,0],[-1,0],[-1,0],[-1,0]],"ASCT":0}%
---
