[08:18:10.765] SERVER -> CLIENT
XT PACKET
  fields:
    type: xt
    command: sce
    request_id: 1
    status: 0
    payload: [["PTT",11078]]

  json_payload:
[
  [
    "PTT",
    11078
  ]
]

  raw:
%xt%sce%1%0%[["PTT",11078]]%
---
[08:18:10.767] SERVER -> CLIENT
XT PACKET
  fields:
    type: xt
    command: gcu
    request_id: 1
    status: 0
    payload: {"C1":2147482961,"C2":83067}

  json_payload:
{
  "C1": 2147482961,
  "C2": 83067
}

  raw:
%xt%gcu%1%0%{"C1":2147482961,"C2":83067}%
---
[08:18:10.767] SERVER -> CLIENT
XT PACKET
  fields:
    type: xt
    command: gai
    request_id: 1
    status: 0
    payload: {"AC":210,"ACTH":3500,"ACGR":0.007}

  json_payload:
{
  "AC": 210,
  "ACGR": 0.007,
  "ACTH": 3500
}

  raw:
%xt%gai%1%0%{"AC":210,"ACTH":3500,"ACGR":0.007}%
---
[08:18:10.768] SERVER -> CLIENT
XT PACKET
  fields:
    type: xt
    command: cra
    request_id: 1
    status: 0
    payload: {"AAM":{"M":{"MID":71198334,"PT":0,"TT":95,"D":0,"TID":-411,"T":18,"HBW":1023,"KID":10,"TA":[17,1097,68,-411,0,[],4,60,41027,32],"SID":16862926,"OID":16862926,"SA":[15,1310,111,293,16862926,0,2,2,2,0,"Camp Ventrilo",0,-1,-1,-1,-1,10,0,0]},"UM":{"PWD":0,"TWD":0,"L":{"ID":0,"WID":2,"VIS":0,"N":"","GID":105,"L":30,"ST":2,"W":8719,"D":43,"SPR":2905,"EQ":[[6540437167,1,2,5,-1,[[4,100,[117.0]],[5,100,[77.0]],[109,100,[48.0]],[115,100,[45.0]]],-1,-1,0,-1,-1,3,[1,7,5000,[4619725,31,2,2240,[[207,50,[4.4]],[206,45,[8.2]],[208,29,[9.8]]],0]]],[6541852847,2,2,5,-1,[[1,100,[87.0]],[2,100,[87.0]],[115,100,[45.0]],[108,100,[48.0]]],-1,-1,0,-1,-1,3,[2,7,5000,[4625321,31,4,2590,[[204,39,[3.8]],[208,61,[14.9]],[206,59,[9.7]]],0]]],[6540429546,3,2,5,-1,[[3,68,[115.4]],[6,76,[75.8]],[115,80,[37.0]],[116,77,[76.6]]],-1,-1,0,-1,-1,3,[3,7,4010,[4615428,31,5,2640,[[201,51,[8.9]],[206,53,[9.1]],[208,60,[14.7]]],0]]],[6541854106,4,2,5,-1,[[7,100,[17.0]],[114,100,[28.0]],[121,100,[215,1000.0]],[110,100,[38.0]]],-1,-1,0,-1,-1,3,[4,7,5000,[4637976,31,4,2350,[[205,28,[6.4]],[207,45,[4.1]],[206,62,[10.0]]],0]]],[6553056944,5,2,0,0,[[21,[6.0]]],1071,-1,0,600102,-1,2],[6541854072,6,2,15,-1,[[512,75,[44.0]],[510,39,[22.4]],[514,37,[12.4]],[513,61,[23.3]],[20015,40,[22,36.0,23,36.0]],[20017,73,[195,16.0,196,16.0,197,16.0,198,16.0,199,16.0,200,16.0,201,16.0,202,16.0,203,16.0,204,16.0,205,16.0,206,16.0,207,16.0,208,16.0,209,16.0,210,16.0,211,16.0,212,16.0,213,16.0,214,16.0,215,16.0,216,16.0,217,16.0,218,16.0,219,16.0,220,16.0,221,16.0,222,16.0,223,16.0,224,16.0,225,16.0,226,16.0,227,16.0,228,16.0,229,16.0,230,16.0,231,16.0,232,16.0,233,16.0,234,16.0,235,16.0,236,16.0,237,16.0,238,16.0]]],-1,-1,0,-1,-1,3,[62,6,3120,[]]]],"GASAIDS":[[101053,10393],[101052,10113]],"SIDS":[10510393,10510113,105048,105024],"AE":[[111,[40.0],"AB"],[66,[2.0],"CI"],[45,[100.0],"TL"],[43,[5.0],"TL"],[43,[5.0],"TL"],[43,[5.0],"TL"],[53,[20.0],"TL"],[76,[10.0],"TL"],[73,[15.0],"TL"],[82,[10.0],"RH"],[54,[80.0],"RH"],[368,[30.0],"AC"]]}},"FA":{"L":[[10,99],[651,9]],"M":[[651,12],[10,86],[14,70]],"R":[[10,99],[651,9]],"RW":[]},"AST":[],"ATT":0,"ASCT":0,"FC":0},"O":[{},{"OID":16862926,"DUM":false,"N":"Ventrilo","E":{"BGT":0,"BGC1":1644825,"BGC2":1644825,"SPT":1,"S1":42,"SC1":1644825,"S2":42,"SC2":1644825,"IS":1},"L":70,"LL":950,"H":839,"AVP":61745,"CF":26494216,"HF":147045694,"PRE":13,"SUF":28,"TOPX":-1,"MP":27828847,"R":0,"AID":189639,"AR":7,"AN":"Sons of Guelon","aee":{"ACCA":{"ACLI":11,"ACCS":[4,3,12]},"ACFB":{"ACLI":3,"ACCS":[4,3]}},"RPT":4193471,"AP":[[0,16011862,509,405,1],[0,16632819,505,407,4],[0,16673031,509,407,4],[1,16366514,593,613,12],[2,16366513,654,696,12],[3,16681051,688,582,12],[[10,293,1310,111]]],"VP":[[1,610985,612,588,10],[1,713871,585,658,10],[1,725272,624,582,10],[1,2548320,501,589,10],[1,2548324,494,596,10],[1,2840852,486,575,10]],"SA":0,"VF":0,"PF":0,"RRD":0,"TI":-1,"FN":{"MC":293,"FID":0,"TID":111,"NS":-1,"PMS":-1,"PMT":0,"SPC":0}}]}

  json_payload:
{
  "AAM": {
    "ASCT": 0,
    "AST": [],
    "ATT": 0,
    "FA": {
      "L": [
        [
          10,
          99
        ],
        [
          651,
          9
        ]
      ],
      "M": [
        [
          651,
          12
        ],
        [
          10,
          86
        ],
        [
          14,
          70
        ]
      ],
      "R": [
        [
          10,
          99
        ],
        [
          651,
          9
        ]
      ],
      "RW": []
    },
    "FC": 0,
    "M": {
      "D": 0,
      "HBW": 1023,
      "KID": 10,
      "MID": 71198334,
      "OID": 16862926,
      "PT": 0,
      "SA": [
        15,
        1310,
        111,
        293,
        16862926,
        0,
        2,
        2,
        2,
        0,
        "Camp Ventrilo",
        0,
        -1,
        -1,
        -1,
        -1,
        10,
        0,
        0
      ],
      "SID": 16862926,
      "T": 18,
      "TA": [
        17,
        1097,
        68,
        -411,
        0,
        [],
        4,
        60,
        41027,
        32
      ],
      "TID": -411,
      "TT": 95
    },
    "UM": {
      "L": {
        "AE": [
          [
            111,
            [
              40.0
            ],
            "AB"
          ],
          [
            66,
            [
              2.0
            ],
            "CI"
          ],
          [
            45,
            [
              100.0
            ],
            "TL"
          ],
          [
            43,
            [
              5.0
            ],
            "TL"
          ],
          [
            43,
            [
              5.0
            ],
            "TL"
          ],
          [
            43,
            [
              5.0
            ],
            "TL"
          ],
          [
            53,
            [
              20.0
            ],
            "TL"
          ],
          [
            76,
            [
              10.0
            ],
            "TL"
          ],
          [
            73,
            [
              15.0
            ],
            "TL"
          ],
          [
            82,
            [
              10.0
            ],
            "RH"
          ],
          [
            54,
            [
              80.0
            ],
            "RH"
          ],
          [
            368,
            [
              30.0
            ],
            "AC"
          ]
        ],
        "D": 43,
        "EQ": [
          [
            6540437167,
            1,
            2,
            5,
            -1,
            [
              [
                4,
                100,
                [
                  117.0
                ]
              ],
              [
                5,
                100,
                [
                  77.0
                ]
              ],
              [
                109,
                100,
                [
                  48.0
                ]
              ],
              [
                115,
                100,
                [
                  45.0
                ]
              ]
            ],
            -1,
            -1,
            0,
            -1,
            -1,
            3,
            [
              1,
              7,
              5000,
              [
                4619725,
                31,
                2,
                2240,
                [
                  [
                    207,
                    50,
                    [
                      4.4
                    ]
                  ],
                  [
                    206,
                    45,
                    [
                      8.2
                    ]
                  ],
                  [
                    208,
                    29,
                    [
                      9.8
                    ]
                  ]
                ],
                0
              ]
            ]
          ],
          [
            6541852847,
            2,
            2,
            5,
            -1,
            [
              [
                1,
                100,
                [
                  87.0
                ]
              ],
              [
                2,
                100,
                [
                  87.0
                ]
              ],
              [
                115,
                100,
                [
                  45.0
                ]
              ],
              [
                108,
                100,
                [
                  48.0
                ]
              ]
            ],
            -1,
            -1,
            0,
            -1,
            -1,
            3,
            [
              2,
              7,
              5000,
              [
                4625321,
                31,
                4,
                2590,
                [
                  [
                    204,
                    39,
                    [
                      3.8
                    ]
                  ],
                  [
                    208,
                    61,
                    [
                      14.9
                    ]
                  ],
                  [
                    206,
                    59,
                    [
                      9.7
                    ]
                  ]
                ],
                0
              ]
            ]
          ],
          [
            6540429546,
            3,
            2,
            5,
            -1,
            [
              [
                3,
                68,
                [
                  115.4
                ]
              ],
              [
                6,
                76,
                [
                  75.8
                ]
              ],
              [
                115,
                80,
                [
                  37.0
                ]
              ],
              [
                116,
                77,
                [
                  76.6
                ]
              ]
            ],
            -1,
            -1,
            0,
            -1,
            -1,
            3,
            [
              3,
              7,
              4010,
              [
                4615428,
                31,
                5,
                2640,
                [
                  [
                    201,
                    51,
                    [
                      8.9
                    ]
                  ],
                  [
                    206,
                    53,
                    [
                      9.1
                    ]
                  ],
                  [
                    208,
                    60,
                    [
                      14.7
                    ]
                  ]
                ],
                0
              ]
            ]
          ],
          [
            6541854106,
            4,
            2,
            5,
            -1,
            [
              [
                7,
                100,
                [
                  17.0
                ]
              ],
              [
                114,
                100,
                [
                  28.0
                ]
              ],
              [
                121,
                100,
                [
                  215,
                  1000.0
                ]
              ],
              [
                110,
                100,
                [
                  38.0
                ]
              ]
            ],
            -1,
            -1,
            0,
            -1,
            -1,
            3,
            [
              4,
              7,
              5000,
              [
                4637976,
                31,
                4,
                2350,
                [
                  [
                    205,
                    28,
                    [
                      6.4
                    ]
                  ],
                  [
                    207,
                    45,
                    [
                      4.1
                    ]
                  ],
                  [
                    206,
                    62,
                    [
                      10.0
                    ]
                  ]
                ],
                0
              ]
            ]
          ],
          [
            6553056944,
            5,
            2,
            0,
            0,
            [
              [
                21,
                [
                  6.0
                ]
              ]
            ],
            1071,
            -1,
            0,
            600102,
            -1,
            2
          ],
          [
            6541854072,
            6,
            2,
            15,
            -1,
            [
              [
                512,
                75,
                [
                  44.0
                ]
              ],
              [
                510,
                39,
                [
                  22.4
                ]
              ],
              [
                514,
                37,
                [
                  12.4
                ]
              ],
              [
                513,
                61,
                [
                  23.3
                ]
              ],
              [
                20015,
                40,
                [
                  22,
                  36.0,
                  23,
                  36.0
                ]
              ],
              [
                20017,
                73,
                [
                  195,
                  16.0,
                  196,
                  16.0,
                  197,
                  16.0,
                  198,
                  16.0,
                  199,
                  16.0,
                  200,
                  16.0,
                  201,
                  16.0,
                  202,
                  16.0,
                  203,
                  16.0,
                  204,
                  16.0,
                  205,
                  16.0,
                  206,
                  16.0,
                  207,
                  16.0,
                  208,
                  16.0,
                  209,
                  16.0,
                  210,
                  16.0,
                  211,
                  16.0,
                  212,
                  16.0,
                  213,
                  16.0,
                  214,
                  16.0,
                  215,
                  16.0,
                  216,
                  16.0,
                  217,
                  16.0,
                  218,
                  16.0,
                  219,
                  16.0,
                  220,
                  16.0,
                  221,
                  16.0,
                  222,
                  16.0,
                  223,
                  16.0,
                  224,
                  16.0,
                  225,
                  16.0,
                  226,
                  16.0,
                  227,
                  16.0,
                  228,
                  16.0,
                  229,
                  16.0,
                  230,
                  16.0,
                  231,
                  16.0,
                  232,
                  16.0,
                  233,
                  16.0,
                  234,
                  16.0,
                  235,
                  16.0,
                  236,
                  16.0,
                  237,
                  16.0,
                  238,
                  16.0
                ]
              ]
            ],
            -1,
            -1,
            0,
            -1,
            -1,
            3,
            [
              62,
              6,
              3120,
              []
            ]
          ]
        ],
        "GASAIDS": [
          [
            101053,
            10393
          ],
          [
            101052,
            10113
          ]
        ],
        "GID": 105,
        "ID": 0,
        "L": 30,
        "N": "",
        "SIDS": [
          10510393,
          10510113,
          105048,
          105024
        ],
        "SPR": 2905,
        "ST": 2,
        "VIS": 0,
        "W": 8719,
        "WID": 2
      },
      "PWD": 0,
      "TWD": 0
    }
  },
  "O": [
    {},
    {
      "AID": 189639,
      "AN": "Sons of Guelon",
      "AP": [
        [
          0,
          16011862,
          509,
          405,
          1
        ],
        [
          0,
          16632819,
          505,
          407,
          4
        ],
        [
          0,
          16673031,
          509,
          407,
          4
        ],
        [
          1,
          16366514,
          593,
          613,
          12
        ],
        [
          2,
          16366513,
          654,
          696,
          12
        ],
        [
          3,
          16681051,
          688,
          582,
          12
        ],
        [
          [
            10,
            293,
            1310,
            111
          ]
        ]
      ],
      "AR": 7,
      "AVP": 61745,
      "CF": 26494216,
      "DUM": false,
      "E": {
        "BGC1": 1644825,
        "BGC2": 1644825,
        "BGT": 0,
        "IS": 1,
        "S1": 42,
        "S2": 42,
        "SC1": 1644825,
        "SC2": 1644825,
        "SPT": 1
      },
      "FN": {
        "FID": 0,
        "MC": 293,
        "NS": -1,
        "PMS": -1,
        "PMT": 0,
        "SPC": 0,
        "TID": 111
      },
      "H": 839,
      "HF": 147045694,
      "L": 70,
      "LL": 950,
      "MP": 27828847,
      "N": "Ventrilo",
      "OID": 16862926,
      "PF": 0,
      "PRE": 13,
      "R": 0,
      "RPT": 4193471,
      "RRD": 0,
      "SA": 0,
      "SUF": 28,
      "TI": -1,
      "TOPX": -1,
      "VF": 0,
      "VP": [
        [
          1,
          610985,
          612,
          588,
          10
        ],
        [
          1,
          713871,
          585,
          658,
          10
        ],
        [
          1,
          725272,
          624,
          582,
          10
        ],
        [
          1,
          2548320,
          501,
          589,
          10
        ],
        [
          1,
          2548324,
          494,
          596,
          10
        ],
        [
          1,
          2840852,
          486,
          575,
          10
        ]
      ],
      "aee": {
        "ACCA": {
          "ACCS": [
            4,
            3,
            12
          ],
          "ACLI": 11
        },
        "ACFB": {
          "ACCS": [
            4,
            3
          ],
          "ACLI": 3
        }
      }
    }
  ]
}

  raw:
%xt%cra%1%0%{"AAM":{"M":{"MID":71198334,"PT":0,"TT":95,"D":0,"TID":-411,"T":18,"HBW":1023,"KID":10,"TA":[17,1097,68,-411,0,[],4,60,41027,32],"SID":16862926,"OID":16862926,"SA":[15,1310,111,293,16862926,0,2,2,2,0,"Camp Ventrilo",0,-1,-1,-1,-1,10,0,0]},"UM":{"PWD":0,"TWD":0,"L":{"ID":0,"WID":2,"VIS":0,"N":"","GID":105,"L":30,"ST":2,"W":8719,"D":43,"SPR":2905,"EQ":[[6540437167,1,2,5,-1,[[4,100,[117.0]],[5,100,[77.0]],[109,100,[48.0]],[115,100,[45.0]]],-1,-1,0,-1,-1,3,[1,7,5000,[4619725,31,2,2240,[[207,50,[4.4]],[206,45,[8.2]],[208,29,[9.8]]],0]]],[6541852847,2,2,5,-1,[[1,100,[87.0]],[2,100,[87.0]],[115,100,[45.0]],[108,100,[48.0]]],-1,-1,0,-1,-1,3,[2,7,5000,[4625321,31,4,2590,[[204,39,[3.8]],[208,61,[14.9]],[206,59,[9.7]]],0]]],[6540429546,3,2,5,-1,[[3,68,[115.4]],[6,76,[75.8]],[115,80,[37.0]],[116,77,[76.6]]],-1,-1,0,-1,-1,3,[3,7,4010,[4615428,31,5,2640,[[201,51,[8.9]],[206,53,[9.1]],[208,60,[14.7]]],0]]],[6541854106,4,2,5,-1,[[7,100,[17.0]],[114,100,[28.0]],[121,100,[215,1000.0]],[110,100,[38.0]]],-1,-1,0,-1,-1,3,[4,7,5000,[4637976,31,4,2350,[[205,28,[6.4]],[207,45,[4.1]],[206,62,[10.0]]],0]]],[6553056944,5,2,0,0,[[21,[6.0]]],1071,-1,0,600102,-1,2],[6541854072,6,2,15,-1,[[512,75,[44.0]],[510,39,[22.4]],[514,37,[12.4]],[513,61,[23.3]],[20015,40,[22,36.0,23,36.0]],[20017,73,[195,16.0,196,16.0,197,16.0,198,16.0,199,16.0,200,16.0,201,16.0,202,16.0,203,16.0,204,16.0,205,16.0,206,16.0,207,16.0,208,16.0,209,16.0,210,16.0,211,16.0,212,16.0,213,16.0,214,16.0,215,16.0,216,16.0,217,16.0,218,16.0,219,16.0,220,16.0,221,16.0,222,16.0,223,16.0,224,16.0,225,16.0,226,16.0,227,16.0,228,16.0,229,16.0,230,16.0,231,16.0,232,16.0,233,16.0,234,16.0,235,16.0,236,16.0,237,16.0,238,16.0]]],-1,-1,0,-1,-1,3,[62,6,3120,[]]]],"GASAIDS":[[101053,10393],[101052,10113]],"SIDS":[10510393,10510113,105048,105024],"AE":[[111,[40.0],"AB"],[66,[2.0],"CI"],[45,[100.0],"TL"],[43,[5.0],"TL"],[43,[5.0],"TL"],[43,[5.0],"TL"],[53,[20.0],"TL"],[76,[10.0],"TL"],[73,[15.0],"TL"],[82,[10.0],"RH"],[54,[80.0],"RH"],[368,[30.0],"AC"]]}},"FA":{"L":[[10,99],[651,9]],"M":[[651,12],[10,86],[14,70]],"R":[[10,99],[651,9]],"RW":[]},"AST":[],"ATT":0,"ASCT":0,"FC":0},"O":[{},{"OID":16862926,"DUM":false,"N":"Ventrilo","E":{"BGT":0,"BGC1":1644825,"BGC2":1644825,"SPT":1,"S1":42,"SC1":1644825,"S2":42,"SC2":1644825,"IS":1},"L":70,"LL":950,"H":839,"AVP":61745,"CF":26494216,"HF":147045694,"PRE":13,"SUF":28,"TOPX":-1,"MP":27828847,"R":0,"AID":189639,"AR":7,"AN":"Sons of Guelon","aee":{"ACCA":{"ACLI":11,"ACCS":[4,3,12]},"ACFB":{"ACLI":3,"ACCS":[4,3]}},"RPT":4193471,"AP":[[0,16011862,509,405,1],[0,16632819,505,407,4],[0,16673031,509,407,4],[1,16366514,593,613,12],[2,16366513,654,696,12],[3,16681051,688,582,12],[[10,293,1310,111]]],"VP":[[1,610985,612,588,10],[1,713871,585,658,10],[1,725272,624,582,10],[1,2548320,501,589,10],[1,2548324,494,596,10],[1,2840852,486,575,10]],"SA":0,"VF":0,"PF":0,"RRD":0,"TI":-1,"FN":{"MC":293,"FID":0,"TID":111,"NS":-1,"PMS":-1,"PMT":0,"SPC":0}}]}%
---
[08:18:11.520] SERVER -> CLIENT
XT PACKET
  fields:
    type: xt
    command: irc
    request_id: 1
    status: 0
    payload: {"G":[["C1",14]]}

  json_payload:
{
  "G": [
    [
      "C1",
      14
    ]
  ]
}

  raw:
%xt%irc%1%0%{"G":[["C1",14]]}%
---
[08:18:11.637] CLIENT -> SERVER
XT PACKET
  fields:
    type: xt
    server_header: EmpireEx_21
    command: jaa
    request_id: 1
    payload: {"PX":1310,"PY":111,"KID":10}

  json_payload:
{
  "KID": 10,
  "PX": 1310,
  "PY": 111
}

  raw:
%xt%EmpireEx_21%jaa%1%{"PX":1310,"PY":111,"KID":10}%
---
[08:18:11.761] SERVER -> CLIENT
XT PACKET
  fields:
    type: xt
    command: fgb
    request_id: 1
    status: 0
    payload: {"RP":679,"BP":638}

  json_payload:
{
  "BP": 638,
  "RP": 679
}

  raw:
%xt%fgb%1%0%{"RP":679,"BP":638}%
---
[08:18:11.763] SERVER -> CLIENT
XT PACKET
  fields:
    type: xt
    command: jaa
    request_id: 1
    status: 0
    payload: {"KID":10,"T":15,"gca":{"O":{"OID":16862926,"DUM":false,"N":"Ventrilo","E":{"BGT":0,"BGC1":1644825,"BGC2":1644825,"SPT":1,"S1":42,"SC1":1644825,"S2":42,"SC2":1644825,"IS":1},"L":70,"LL":950,"H":839,"AVP":61745,"CF":26494216,"HF":147045694,"PRE":13,"SUF":28,"TOPX":-1,"MP":27828847,"R":0,"AID":189639,"AR":7,"AN":"Sons of Guelon","aee":{"ACCA":{"ACLI":11,"ACCS":[4,3,12]},"ACFB":{"ACLI":3,"ACCS":[4,3]}},"RPT":4193470,"AP":[[0,16011862,509,405,1],[0,16632819,505,407,4],[0,16673031,509,407,4],[1,16366514,593,613,12],[2,16366513,654,696,12],[3,16681051,688,582,12],[[10,293,1310,111]]],"VP":[[1,610985,612,588,10],[1,713871,585,658,10],[1,725272,624,582,10],[1,2548320,501,589,10],[1,2548324,494,596,10],[1,2840852,486,575,10]],"SA":0,"VF":0,"PF":0,"RRD":0,"TI":-1,"FN":{"MC":293,"FID":0,"TID":111,"NS":-1,"PMS":-1,"PMT":0,"SPC":0}},"RAF":0,"RAW":0,"RAS":0,"RAB":0,"BG":[[201,16,230,220,0,0,4,100,-1,-1,0,0,0,0,-1,-1,-1],[200,1,200,200,0,0,4,100,-1,-1,0,0,0,0,-1,-1,-1],[201,6,220,200,0,0,4,100,-1,-1,0,0,0,0,-1,-1,-1],[201,8,230,200,0,0,4,100,-1,-1,0,0,0,0,-1,-1,-1],[201,10,200,220,1,0,4,100,-1,-1,0,0,0,0,-1,-1,-1],[201,12,200,230,1,0,4,100,-1,-1,0,0,0,0,-1,-1,-1],[201,14,220,220,0,0,4,100,-1,-1,0,0,0,0,-1,-1,-1]],"BD":[[233,19,200,200,0,0,4,100,-1,100,0,0,0,0,-1,-1,-1],[246,20,206,200,0,0,4,100,-1,-1,0,0,0,0,-1,-1,-1],[246,21,200,206,1,0,4,100,-1,-1,0,0,0,0,-1,-1,-1],[246,22,206,206,1,0,4,100,-1,-1,0,0,0,0,-1,-1,-1],[249,23,212,201,0,0,4,100,-1,-1,0,0,0,0,-1,-1,-1],[629,24,218,200,0,0,4,100,-1,-1,0,0,0,0,-1,-1,-1],[624,25,223,200,0,0,4,100,-1,-1,0,0,0,0,-1,-1,-1],[468,26,228,200,0,0,4,100,-1,-1,0,0,0,0,-1,-1,-1],[247,27,228,205,0,0,4,100,-1,-1,0,0,0,0,-1,-1,-1],[337,28,233,200,0,0,4,100,-1,-1,0,0,0,0,-1,-1,-1],[337,29,233,205,0,0,4,100,-1,-1,0,0,0,0,-1,-1,-1],[336,30,237,200,0,0,4,100,-1,-1,0,0,0,0,-1,-1,-1],[336,31,237,203,0,0,4,100,-1,-1,0,0,0,0,-1,-1,-1],[336,32,237,206,0,0,4,100,-1,-1,0,0,0,0,-1,-1,-1],[12,33,200,210,0,0,4,100,-1,-1,0,0,0,0,-1,-1,-1],[12,34,205,210,0,0,4,100,-1,-1,0,0,0,0,-1,-1,-1],[12,35,210,210,0,0,4,100,-1,-1,0,0,0,0,-1,-1,-1],[12,36,215,210,0,0,4,100,-1,-1,0,0,0,0,-1,-1,-1],[12,37,220,210,0,0,4,100,-1,-1,0,0,0,0,-1,-1,-1],[12,38,225,210,0,0,4,100,-1,-1,0,0,0,0,-1,-1,-1],[243,39,200,215,0,0,4,100,-1,-1,0,0,0,0,-1,-1,-1],[243,40,205,215,0,0,4,100,-1,-1,0,0,0,0,-1,-1,-1],[243,41,210,215,0,0,4,100,-1,-1,0,0,0,0,-1,-1,-1],[243,42,215,215,0,0,4,100,-1,-1,0,0,0,0,-1,-1,-1],[243,43,220,215,0,0,4,100,-1,-1,0,0,0,0,-1,-1,-1],[243,44,225,215,0,0,4,100,-1,-1,0,0,0,0,-1,-1,-1],[243,45,200,220,0,0,4,100,-1,-1,0,0,0,0,-1,-1,-1],[243,46,205,220,0,0,4,100,-1,-1,0,0,0,0,-1,-1,-1],[243,47,210,220,0,0,4,100,-1,-1,0,0,0,0,-1,-1,-1],[243,48,215,220,0,0,4,100,-1,-1,0,0,0,0,-1,-1,-1],[243,49,220,220,0,0,4,100,-1,-1,0,0,0,0,-1,-1,-1],[243,50,225,220,0,0,4,100,-1,-1,0,0,0,0,-1,-1,-1],[11,51,200,225,0,0,4,100,-1,-1,0,0,0,0,-1,-1,-1],[11,52,205,225,0,0,4,100,-1,-1,0,0,0,0,-1,-1,-1],[11,53,210,225,0,0,4,100,-1,-1,0,0,0,0,-1,-1,-1],[11,54,215,225,0,0,4,100,-1,-1,0,0,0,0,-1,-1,-1],[11,55,220,225,0,0,4,100,-1,-1,0,0,0,0,-1,-1,-1],[11,56,225,225,0,0,4,100,-1,-1,0,0,0,0,-1,-1,-1],[11,57,200,230,0,0,4,100,-1,-1,0,0,0,0,-1,-1,-1],[11,58,205,230,0,0,4,100,-1,-1,0,0,0,0,-1,-1,-1],[242,59,210,230,0,0,4,100,-1,-1,0,0,0,0,-1,-1,-1],[242,60,215,230,0,0,4,100,-1,-1,0,0,0,0,-1,-1,-1],[242,61,220,230,0,0,4,100,-1,-1,0,0,0,0,-1,-1,-1],[242,62,225,230,0,0,4,100,-1,-1,0,0,0,0,-1,-1,-1],[244,63,200,235,0,0,4,100,-1,-1,0,0,0,0,-1,-1,-1],[244,64,205,235,0,0,4,100,-1,-1,0,0,0,0,-1,-1,-1],[242,65,210,235,0,0,4,100,-1,-1,0,0,0,0,-1,-1,-1],[242,66,215,235,0,0,4,100,-1,-1,0,0,0,0,-1,-1,-1],[337,67,230,210,0,0,4,100,-1,-1,0,0,0,0,-1,-1,-1],[337,68,234,210,0,0,4,100,-1,-1,0,0,0,0,-1,-1,-1],[337,69,230,215,0,0,4,100,-1,-1,0,0,0,0,-1,-1,-1],[337,70,234,215,0,0,4,100,-1,-1,0,0,0,0,-1,-1,-1],[337,71,230,220,0,0,4,100,-1,-1,0,0,0,0,-1,-1,-1],[337,72,234,220,0,0,4,100,-1,-1,0,0,0,0,-1,-1,-1],[337,73,230,225,0,0,4,100,-1,-1,0,0,0,0,-1,-1,-1],[339,74,234,225,0,0,4,100,-1,-1,0,0,0,0,-1,-1,-1],[338,75,230,230,0,0,4,100,-1,-1,0,0,0,0,-1,-1,-1],[338,76,230,233,0,0,4,100,-1,-1,0,0,0,0,-1,-1,-1]],"T":[[237,17,0,0,0,0,4,100,-1,-1,0,0,0,0,-1,-1,-1],[237,2,0,0,0,0,4,100,-1,-1,0,0,0,0,-1,-1,-1],[237,3,0,0,0,0,4,100,-1,-1,0,0,0,0,-1,-1,-1],[237,4,0,0,0,0,4,100,-1,-1,0,0,0,0,-1,-1,-1],[237,5,0,0,0,0,4,100,-1,-1,0,0,0,0,-1,-1,-1],[237,7,0,0,0,0,4,100,-1,-1,0,0,0,0,-1,-1,-1],[237,9,0,0,0,0,4,100,-1,-1,0,0,0,0,-1,-1,-1],[237,11,0,0,0,0,4,100,-1,-1,0,0,0,0,-1,-1,-1],[237,13,0,0,0,0,4,100,-1,-1,0,0,0,0,-1,-1,-1],[237,15,0,0,0,0,4,100,-1,-1,0,0,0,0,-1,-1,-1]],"G":[[239,18,0,0,0,0,4,100,-1,-1,0,0,0,0,-1,-1,-1]],"D":[[235,77,0,0,0,0,4,100,-1,-1,0,0,0,0,-1,-1,-1]],"CI":[],"A":[15,1310,111,293,16862926,0,2,2,2,0,"Camp Ventrilo",0,-1,-1,-1,-1,10,0,0],"scl":{"OIDL":[-1,-2,-2,-2],"SSC":2}},"uap":{"KID":10,"NS":-1,"PMS":-1,"PMT":0},"csl":{},"grc":{"AID":293,"W":15046.5205,"S":16783.52,"F":16952.695,"C":0.0,"O":0.0,"G":0.0,"A":0.0,"I":0.0,"HONEY":0.0,"MEAD":0.0,"BEEF":0.0,"KID":10},"gpa":{"DFC":14200.0,"DMEADC":0.0,"DBEEFC":0.0,"DW":7100,"DS":7100,"DF":13200,"DC":0,"DO":0,"DG":0,"DA":0,"DI":0,"DHONEY":0,"DMEAD":0,"DBEEF":0,"FCR":100,"MEADCR":100,"BEEFCR":100,"MRW":25500,"SAFE_W":0.0,"MRS":25500,"SAFE_S":0.0,"MRF":25500,"SAFE_F":0.0,"MRC":0,"SAFE_C":0.0,"MRO":0,"SAFE_O":0.0,"MRG":0,"SAFE_G":0.0,"MRA":0,"SAFE_A":0.0,"MRI":0,"SAFE_I":0.0,"MRHONEY":0,"SAFE_HONEY":0.0,"MRMEAD":0,"SAFE_MEAD":0.0,"MRBEEF":0,"SAFE_BEEF":0.0,"P":0,"NDP":0,"R":0,"GRD":0,"RS1":403.0,"RS2":0.0,"RS3":0.0,"RSH":100,"BDB":167,"US":302,"AUS":715,"M":439.0,"RFPPA":0.5143939},"gui":{"I":[[14,85],[620,694774],[778,11919],[242,77329],[241,59683],[651,13932]],"SHI":[],"HI":[],"TU":[[14,70],[10,284]]},"spl0":{},"spl1":{"LID":1},"spl2":{"LID":2,"PIDL":[[-1,0,0,0,0,0,0,-1],[-2,0,0,0,0,0,0,0],[-2,0,0,0,0,0,0,0],[-2,0,0,0,0,0,0,0],[-2,0,0,0,0,0,0,0]]},"spl3":{"PS":{"WID":14,"TUA":5,"CBS":0,"RAH":false,"PID":2056480681,"RCT":20,"ICT":50,"SPID":414417790},"QS":[{"P":{"WID":14,"TUA":23,"CBS":0,"RAH":false,"PID":414417790},"SI":{"RUT":-1,"VIP":0}},{"P":{"WID":14,"TUA":28,"CBS":0,"RAH":false,"PID":1640516806},"SI":{"RUT":-1,"VIP":0}},{"P":{"WID":14,"TUA":28,"CBS":0,"RAH":false,"PID":1156744067},"SI":{"RUT":-1,"VIP":0}},{"P":{"WID":14,"TUA":28,"CBS":0,"RAH":false,"PID":2107827399},"SI":{"RUT":-1,"VIP":0}},{"SI":{"RUT":-1,"VIP":0}}],"RM":0,"TCT":1090,"LID":3},"gab":{"B":0.0},"hin":{},"sin":[{"SID":1,"RD":[[321,3,0],[322,4,0],[2498,1,0],[324,1,0],[3142,3,0],[71,1,0],[1545,1,0],[3149,2,0],[2766,4,0],[3151,3,0],[3154,2,0],[3155,3,0],[2837,2,0],[3157,39,0],[2456,2,0],[3160,1,0],[2137,1,0],[3161,2,0],[4441,1,0],[2458,1,0],[2842,2,0],[3108,1,0],[357,3,0],[2214,1,0],[360,1,0],[361,2,0],[1514,2,0],[2282,4,0],[363,1,0],[1515,1,0],[2475,1,0],[364,1,0],[365,1,0],[1646,1,0],[1585,2,0],[307,15,0],[4275,2,0],[4276,15,0],[2997,4,0],[2359,1,0],[4471,2,0],[2490,1,0],[2491,5,0]],"CD":[[342,837952,993,0]],"UD":[]},{"SID":10,"RD":[],"CD":[],"UD":[]},{"SID":2,"RD":[]}],"abpi":[],"crai":{"CAI":{"CBI":[],"CE":[]}}}

  json_payload:
{
  "KID": 10,
  "T": 15,
  "abpi": [],
  "crai": {
    "CAI": {
      "CBI": [],
      "CE": []
    }
  },
  "csl": {},
  "gab": {
    "B": 0.0
  },
  "gca": {
    "A": [
      15,
      1310,
      111,
      293,
      16862926,
      0,
      2,
      2,
      2,
      0,
      "Camp Ventrilo",
      0,
      -1,
      -1,
      -1,
      -1,
      10,
      0,
      0
    ],
    "BD": [
      [
        233,
        19,
        200,
        200,
        0,
        0,
        4,
        100,
        -1,
        100,
        0,
        0,
        0,
        0,
        -1,
        -1,
        -1
      ],
      [
        246,
        20,
        206,
        200,
        0,
        0,
        4,
        100,
        -1,
        -1,
        0,
        0,
        0,
        0,
        -1,
        -1,
        -1
      ],
      [
        246,
        21,
        200,
        206,
        1,
        0,
        4,
        100,
        -1,
        -1,
        0,
        0,
        0,
        0,
        -1,
        -1,
        -1
      ],
      [
        246,
        22,
        206,
        206,
        1,
        0,
        4,
        100,
        -1,
        -1,
        0,
        0,
        0,
        0,
        -1,
        -1,
        -1
      ],
      [
        249,
        23,
        212,
        201,
        0,
        0,
        4,
        100,
        -1,
        -1,
        0,
        0,
        0,
        0,
        -1,
        -1,
        -1
      ],
      [
        629,
        24,
        218,
        200,
        0,
        0,
        4,
        100,
        -1,
        -1,
        0,
        0,
        0,
        0,
        -1,
        -1,
        -1
      ],
      [
        624,
        25,
        223,
        200,
        0,
        0,
        4,
        100,
        -1,
        -1,
        0,
        0,
        0,
        0,
        -1,
        -1,
        -1
      ],
      [
        468,
        26,
        228,
        200,
        0,
        0,
        4,
        100,
        -1,
        -1,
        0,
        0,
        0,
        0,
        -1,
        -1,
        -1
      ],
      [
        247,
        27,
        228,
        205,
        0,
        0,
        4,
        100,
        -1,
        -1,
        0,
        0,
        0,
        0,
        -1,
        -1,
        -1
      ],
      [
        337,
        28,
        233,
        200,
        0,
        0,
        4,
        100,
        -1,
        -1,
        0,
        0,
        0,
        0,
        -1,
        -1,
        -1
      ],
      [
        337,
        29,
        233,
        205,
        0,
        0,
        4,
        100,
        -1,
        -1,
        0,
        0,
        0,
        0,
        -1,
        -1,
        -1
      ],
      [
        336,
        30,
        237,
        200,
        0,
        0,
        4,
        100,
        -1,
        -1,
        0,
        0,
        0,
        0,
        -1,
        -1,
        -1
      ],
      [
        336,
        31,
        237,
        203,
        0,
        0,
        4,
        100,
        -1,
        -1,
        0,
        0,
        0,
        0,
        -1,
        -1,
        -1
      ],
      [
        336,
        32,
        237,
        206,
        0,
        0,
        4,
        100,
        -1,
        -1,
        0,
        0,
        0,
        0,
        -1,
        -1,
        -1
      ],
      [
        12,
        33,
        200,
        210,
        0,
        0,
        4,
        100,
        -1,
        -1,
        0,
        0,
        0,
        0,
        -1,
        -1,
        -1
      ],
      [
        12,
        34,
        205,
        210,
        0,
        0,
        4,
        100,
        -1,
        -1,
        0,
        0,
        0,
        0,
        -1,
        -1,
        -1
      ],
      [
        12,
        35,
        210,
        210,
        0,
        0,
        4,
        100,
        -1,
        -1,
        0,
        0,
        0,
        0,
        -1,
        -1,
        -1
      ],
      [
        12,
        36,
        215,
        210,
        0,
        0,
        4,
        100,
        -1,
        -1,
        0,
        0,
        0,
        0,
        -1,
        -1,
        -1
      ],
      [
        12,
        37,
        220,
        210,
        0,
        0,
        4,
        100,
        -1,
        -1,
        0,
        0,
        0,
        0,
        -1,
        -1,
        -1
      ],
      [
        12,
        38,
        225,
        210,
        0,
        0,
        4,
        100,
        -1,
        -1,
        0,
        0,
        0,
        0,
        -1,
        -1,
        -1
      ],
      [
        243,
        39,
        200,
        215,
        0,
        0,
        4,
        100,
        -1,
        -1,
        0,
        0,
        0,
        0,
        -1,
        -1,
        -1
      ],
      [
        243,
        40,
        205,
        215,
        0,
        0,
        4,
        100,
        -1,
        -1,
        0,
        0,
        0,
        0,
        -1,
        -1,
        -1
      ],
      [
        243,
        41,
        210,
        215,
        0,
        0,
        4,
        100,
        -1,
        -1,
        0,
        0,
        0,
        0,
        -1,
        -1,
        -1
      ],
      [
        243,
        42,
        215,
        215,
        0,
        0,
        4,
        100,
        -1,
        -1,
        0,
        0,
        0,
        0,
        -1,
        -1,
        -1
      ],
      [
        243,
        43,
        220,
        215,
        0,
        0,
        4,
        100,
        -1,
        -1,
        0,
        0,
        0,
        0,
        -1,
        -1,
        -1
      ],
      [
        243,
        44,
        225,
        215,
        0,
        0,
        4,
        100,
        -1,
        -1,
        0,
        0,
        0,
        0,
        -1,
        -1,
        -1
      ],
      [
        243,
        45,
        200,
        220,
        0,
        0,
        4,
        100,
        -1,
        -1,
        0,
        0,
        0,
        0,
        -1,
        -1,
        -1
      ],
      [
        243,
        46,
        205,
        220,
        0,
        0,
        4,
        100,
        -1,
        -1,
        0,
        0,
        0,
        0,
        -1,
        -1,
        -1
      ],
      [
        243,
        47,
        210,
        220,
        0,
        0,
        4,
        100,
        -1,
        -1,
        0,
        0,
        0,
        0,
        -1,
        -1,
        -1
      ],
      [
        243,
        48,
        215,
        220,
        0,
        0,
        4,
        100,
        -1,
        -1,
        0,
        0,
        0,
        0,
        -1,
        -1,
        -1
      ],
      [
        243,
        49,
        220,
        220,
        0,
        0,
        4,
        100,
        -1,
        -1,
        0,
        0,
        0,
        0,
        -1,
        -1,
        -1
      ],
      [
        243,
        50,
        225,
        220,
        0,
        0,
        4,
        100,
        -1,
        -1,
        0,
        0,
        0,
        0,
        -1,
        -1,
        -1
      ],
      [
        11,
        51,
        200,
        225,
        0,
        0,
        4,
        100,
        -1,
        -1,
        0,
        0,
        0,
        0,
        -1,
        -1,
        -1
      ],
      [
        11,
        52,
        205,
        225,
        0,
        0,
        4,
        100,
        -1,
        -1,
        0,
        0,
        0,
        0,
        -1,
        -1,
        -1
      ],
      [
        11,
        53,
        210,
        225,
        0,
        0,
        4,
        100,
        -1,
        -1,
        0,
        0,
        0,
        0,
        -1,
        -1,
        -1
      ],
      [
        11,
        54,
        215,
        225,
        0,
        0,
        4,
        100,
        -1,
        -1,
        0,
        0,
        0,
        0,
        -1,
        -1,
        -1
      ],
      [
        11,
        55,
        220,
        225,
        0,
        0,
        4,
        100,
        -1,
        -1,
        0,
        0,
        0,
        0,
        -1,
        -1,
        -1
      ],
      [
        11,
        56,
        225,
        225,
        0,
        0,
        4,
        100,
        -1,
        -1,
        0,
        0,
        0,
        0,
        -1,
        -1,
        -1
      ],
      [
        11,
        57,
        200,
        230,
        0,
        0,
        4,
        100,
        -1,
        -1,
        0,
        0,
        0,
        0,
        -1,
        -1,
        -1
      ],
      [
        11,
        58,
        205,
        230,
        0,
        0,
        4,
        100,
        -1,
        -1,
        0,
        0,
        0,
        0,
        -1,
        -1,
        -1
      ],
      [
        242,
        59,
        210,
        230,
        0,
        0,
        4,
        100,
        -1,
        -1,
        0,
        0,
        0,
        0,
        -1,
        -1,
        -1
      ],
      [
        242,
        60,
        215,
        230,
        0,
        0,
        4,
        100,
        -1,
        -1,
        0,
        0,
        0,
        0,
        -1,
        -1,
        -1
      ],
      [
        242,
        61,
        220,
        230,
        0,
        0,
        4,
        100,
        -1,
        -1,
        0,
        0,
        0,
        0,
        -1,
        -1,
        -1
      ],
      [
        242,
        62,
        225,
        230,
        0,
        0,
        4,
        100,
        -1,
        -1,
        0,
        0,
        0,
        0,
        -1,
        -1,
        -1
      ],
      [
        244,
        63,
        200,
        235,
        0,
        0,
        4,
        100,
        -1,
        -1,
        0,
        0,
        0,
        0,
        -1,
        -1,
        -1
      ],
      [
        244,
        64,
        205,
        235,
        0,
        0,
        4,
        100,
        -1,
        -1,
        0,
        0,
        0,
        0,
        -1,
        -1,
        -1
      ],
      [
        242,
        65,
        210,
        235,
        0,
        0,
        4,
        100,
        -1,
        -1,
        0,
        0,
        0,
        0,
        -1,
        -1,
        -1
      ],
      [
        242,
        66,
        215,
        235,
        0,
        0,
        4,
        100,
        -1,
        -1,
        0,
        0,
        0,
        0,
        -1,
        -1,
        -1
      ],
      [
        337,
        67,
        230,
        210,
        0,
        0,
        4,
        100,
        -1,
        -1,
        0,
        0,
        0,
        0,
        -1,
        -1,
        -1
      ],
      [
        337,
        68,
        234,
        210,
        0,
        0,
        4,
        100,
        -1,
        -1,
        0,
        0,
        0,
        0,
        -1,
        -1,
        -1
      ],
      [
        337,
        69,
        230,
        215,
        0,
        0,
        4,
        100,
        -1,
        -1,
        0,
        0,
        0,
        0,
        -1,
        -1,
        -1
      ],
      [
        337,
        70,
        234,
        215,
        0,
        0,
        4,
        100,
        -1,
        -1,
        0,
        0,
        0,
        0,
        -1,
        -1,
        -1
      ],
      [
        337,
        71,
        230,
        220,
        0,
        0,
        4,
        100,
        -1,
        -1,
        0,
        0,
        0,
        0,
        -1,
        -1,
        -1
      ],
      [
        337,
        72,
        234,
        220,
        0,
        0,
        4,
        100,
        -1,
        -1,
        0,
        0,
        0,
        0,
        -1,
        -1,
        -1
      ],
      [
        337,
        73,
        230,
        225,
        0,
        0,
        4,
        100,
        -1,
        -1,
        0,
        0,
        0,
        0,
        -1,
        -1,
        -1
      ],
      [
        339,
        74,
        234,
        225,
        0,
        0,
        4,
        100,
        -1,
        -1,
        0,
        0,
        0,
        0,
        -1,
        -1,
        -1
      ],
      [
        338,
        75,
        230,
        230,
        0,
        0,
        4,
        100,
        -1,
        -1,
        0,
        0,
        0,
        0,
        -1,
        -1,
        -1
      ],
      [
        338,
        76,
        230,
        233,
        0,
        0,
        4,
        100,
        -1,
        -1,
        0,
        0,
        0,
        0,
        -1,
        -1,
        -1
      ]
    ],
    "BG": [
      [
        201,
        16,
        230,
        220,
        0,
        0,
        4,
        100,
        -1,
        -1,
        0,
        0,
        0,
        0,
        -1,
        -1,
        -1
      ],
      [
        200,
        1,
        200,
        200,
        0,
        0,
        4,
        100,
        -1,
        -1,
        0,
        0,
        0,
        0,
        -1,
        -1,
        -1
      ],
      [
        201,
        6,
        220,
        200,
        0,
        0,
        4,
        100,
        -1,
        -1,
        0,
        0,
        0,
        0,
        -1,
        -1,
        -1
      ],
      [
        201,
        8,
        230,
        200,
        0,
        0,
        4,
        100,
        -1,
        -1,
        0,
        0,
        0,
        0,
        -1,
        -1,
        -1
      ],
      [
        201,
        10,
        200,
        220,
        1,
        0,
        4,
        100,
        -1,
        -1,
        0,
        0,
        0,
        0,
        -1,
        -1,
        -1
      ],
      [
        201,
        12,
        200,
        230,
        1,
        0,
        4,
        100,
        -1,
        -1,
        0,
        0,
        0,
        0,
        -1,
        -1,
        -1
      ],
      [
        201,
        14,
        220,
        220,
        0,
        0,
        4,
        100,
        -1,
        -1,
        0,
        0,
        0,
        0,
        -1,
        -1,
        -1
      ]
    ],
    "CI": [],
    "D": [
      [
        235,
        77,
        0,
        0,
        0,
        0,
        4,
        100,
        -1,
        -1,
        0,
        0,
        0,
        0,
        -1,
        -1,
        -1
      ]
    ],
    "G": [
      [
        239,
        18,
        0,
        0,
        0,
        0,
        4,
        100,
        -1,
        -1,
        0,
        0,
        0,
        0,
        -1,
        -1,
        -1
      ]
    ],
    "O": {
      "AID": 189639,
      "AN": "Sons of Guelon",
      "AP": [
        [
          0,
          16011862,
          509,
          405,
          1
        ],
        [
          0,
          16632819,
          505,
          407,
          4
        ],
        [
          0,
          16673031,
          509,
          407,
          4
        ],
        [
          1,
          16366514,
          593,
          613,
          12
        ],
        [
          2,
          16366513,
          654,
          696,
          12
        ],
        [
          3,
          16681051,
          688,
          582,
          12
        ],
        [
          [
            10,
            293,
            1310,
            111
          ]
        ]
      ],
      "AR": 7,
      "AVP": 61745,
      "CF": 26494216,
      "DUM": false,
      "E": {
        "BGC1": 1644825,
        "BGC2": 1644825,
        "BGT": 0,
        "IS": 1,
        "S1": 42,
        "S2": 42,
        "SC1": 1644825,
        "SC2": 1644825,
        "SPT": 1
      },
      "FN": {
        "FID": 0,
        "MC": 293,
        "NS": -1,
        "PMS": -1,
        "PMT": 0,
        "SPC": 0,
        "TID": 111
      },
      "H": 839,
      "HF": 147045694,
      "L": 70,
      "LL": 950,
      "MP": 27828847,
      "N": "Ventrilo",
      "OID": 16862926,
      "PF": 0,
      "PRE": 13,
      "R": 0,
      "RPT": 4193470,
      "RRD": 0,
      "SA": 0,
      "SUF": 28,
      "TI": -1,
      "TOPX": -1,
      "VF": 0,
      "VP": [
        [
          1,
          610985,
          612,
          588,
          10
        ],
        [
          1,
          713871,
          585,
          658,
          10
        ],
        [
          1,
          725272,
          624,
          582,
          10
        ],
        [
          1,
          2548320,
          501,
          589,
          10
        ],
        [
          1,
          2548324,
          494,
          596,
          10
        ],
        [
          1,
          2840852,
          486,
          575,
          10
        ]
      ],
      "aee": {
        "ACCA": {
          "ACCS": [
            4,
            3,
            12
          ],
          "ACLI": 11
        },
        "ACFB": {
          "ACCS": [
            4,
            3
          ],
          "ACLI": 3
        }
      }
    },
    "RAB": 0,
    "RAF": 0,
    "RAS": 0,
    "RAW": 0,
    "T": [
      [
        237,
        17,
        0,
        0,
        0,
        0,
        4,
        100,
        -1,
        -1,
        0,
        0,
        0,
        0,
        -1,
        -1,
        -1
      ],
      [
        237,
        2,
        0,
        0,
        0,
        0,
        4,
        100,
        -1,
        -1,
        0,
        0,
        0,
        0,
        -1,
        -1,
        -1
      ],
      [
        237,
        3,
        0,
        0,
        0,
        0,
        4,
        100,
        -1,
        -1,
        0,
        0,
        0,
        0,
        -1,
        -1,
        -1
      ],
      [
        237,
        4,
        0,
        0,
        0,
        0,
        4,
        100,
        -1,
        -1,
        0,
        0,
        0,
        0,
        -1,
        -1,
        -1
      ],
      [
        237,
        5,
        0,
        0,
        0,
        0,
        4,
        100,
        -1,
        -1,
        0,
        0,
        0,
        0,
        -1,
        -1,
        -1
      ],
      [
        237,
        7,
        0,
        0,
        0,
        0,
        4,
        100,
        -1,
        -1,
        0,
        0,
        0,
        0,
        -1,
        -1,
        -1
      ],
      [
        237,
        9,
        0,
        0,
        0,
        0,
        4,
        100,
        -1,
        -1,
        0,
        0,
        0,
        0,
        -1,
        -1,
        -1
      ],
      [
        237,
        11,
        0,
        0,
        0,
        0,
        4,
        100,
        -1,
        -1,
        0,
        0,
        0,
        0,
        -1,
        -1,
        -1
      ],
      [
        237,
        13,
        0,
        0,
        0,
        0,
        4,
        100,
        -1,
        -1,
        0,
        0,
        0,
        0,
        -1,
        -1,
        -1
      ],
      [
        237,
        15,
        0,
        0,
        0,
        0,
        4,
        100,
        -1,
        -1,
        0,
        0,
        0,
        0,
        -1,
        -1,
        -1
      ]
    ],
    "scl": {
      "OIDL": [
        -1,
        -2,
        -2,
        -2
      ],
      "SSC": 2
    }
  },
  "gpa": {
    "AUS": 715,
    "BDB": 167,
    "BEEFCR": 100,
    "DA": 0,
    "DBEEF": 0,
    "DBEEFC": 0.0,
    "DC": 0,
    "DF": 13200,
    "DFC": 14200.0,
    "DG": 0,
    "DHONEY": 0,
    "DI": 0,
    "DMEAD": 0,
    "DMEADC": 0.0,
    "DO": 0,
    "DS": 7100,
    "DW": 7100,
    "FCR": 100,
    "GRD": 0,
    "M": 439.0,
    "MEADCR": 100,
    "MRA": 0,
    "MRBEEF": 0,
    "MRC": 0,
    "MRF": 25500,
    "MRG": 0,
    "MRHONEY": 0,
    "MRI": 0,
    "MRMEAD": 0,
    "MRO": 0,
    "MRS": 25500,
    "MRW": 25500,
    "NDP": 0,
    "P": 0,
    "R": 0,
    "RFPPA": 0.5143939,
    "RS1": 403.0,
    "RS2": 0.0,
    "RS3": 0.0,
    "RSH": 100,
    "SAFE_A": 0.0,
    "SAFE_BEEF": 0.0,
    "SAFE_C": 0.0,
    "SAFE_F": 0.0,
    "SAFE_G": 0.0,
    "SAFE_HONEY": 0.0,
    "SAFE_I": 0.0,
    "SAFE_MEAD": 0.0,
    "SAFE_O": 0.0,
    "SAFE_S": 0.0,
    "SAFE_W": 0.0,
    "US": 302
  },
  "grc": {
    "A": 0.0,
    "AID": 293,
    "BEEF": 0.0,
    "C": 0.0,
    "F": 16952.695,
    "G": 0.0,
    "HONEY": 0.0,
    "I": 0.0,
    "KID": 10,
    "MEAD": 0.0,
    "O": 0.0,
    "S": 16783.52,
    "W": 15046.5205
  },
  "gui": {
    "HI": [],
    "I": [
      [
        14,
        85
      ],
      [
        620,
        694774
      ],
      [
        778,
        11919
      ],
      [
        242,
        77329
      ],
      [
        241,
        59683
      ],
      [
        651,
        13932
      ]
    ],
    "SHI": [],
    "TU": [
      [
        14,
        70
      ],
      [
        10,
        284
      ]
    ]
  },
  "hin": {},
  "sin": [
    {
      "CD": [
        [
          342,
          837952,
          993,
          0
        ]
      ],
      "RD": [
        [
          321,
          3,
          0
        ],
        [
          322,
          4,
          0
        ],
        [
          2498,
          1,
          0
        ],
        [
          324,
          1,
          0
        ],
        [
          3142,
          3,
          0
        ],
        [
          71,
          1,
          0
        ],
        [
          1545,
          1,
          0
        ],
        [
          3149,
          2,
          0
        ],
        [
          2766,
          4,
          0
        ],
        [
          3151,
          3,
          0
        ],
        [
          3154,
          2,
          0
        ],
        [
          3155,
          3,
          0
        ],
        [
          2837,
          2,
          0
        ],
        [
          3157,
          39,
          0
        ],
        [
          2456,
          2,
          0
        ],
        [
          3160,
          1,
          0
        ],
        [
          2137,
          1,
          0
        ],
        [
          3161,
          2,
          0
        ],
        [
          4441,
          1,
          0
        ],
        [
          2458,
          1,
          0
        ],
        [
          2842,
          2,
          0
        ],
        [
          3108,
          1,
          0
        ],
        [
          357,
          3,
          0
        ],
        [
          2214,
          1,
          0
        ],
        [
          360,
          1,
          0
        ],
        [
          361,
          2,
          0
        ],
        [
          1514,
          2,
          0
        ],
        [
          2282,
          4,
          0
        ],
        [
          363,
          1,
          0
        ],
        [
          1515,
          1,
          0
        ],
        [
          2475,
          1,
          0
        ],
        [
          364,
          1,
          0
        ],
        [
          365,
          1,
          0
        ],
        [
          1646,
          1,
          0
        ],
        [
          1585,
          2,
          0
        ],
        [
          307,
          15,
          0
        ],
        [
          4275,
          2,
          0
        ],
        [
          4276,
          15,
          0
        ],
        [
          2997,
          4,
          0
        ],
        [
          2359,
          1,
          0
        ],
        [
          4471,
          2,
          0
        ],
        [
          2490,
          1,
          0
        ],
        [
          2491,
          5,
          0
        ]
      ],
      "SID": 1,
      "UD": []
    },
    {
      "CD": [],
      "RD": [],
      "SID": 10,
      "UD": []
    },
    {
      "RD": [],
      "SID": 2
    }
  ],
  "spl0": {},
  "spl1": {
    "LID": 1
  },
  "spl2": {
    "LID": 2,
    "PIDL": [
      [
        -1,
        0,
        0,
        0,
        0,
        0,
        0,
        -1
      ],
      [
        -2,
        0,
        0,
        0,
        0,
        0,
        0,
        0
      ],
      [
        -2,
        0,
        0,
        0,
        0,
        0,
        0,
        0
      ],
      [
        -2,
        0,
        0,
        0,
        0,
        0,
        0,
        0
      ],
      [
        -2,
        0,
        0,
        0,
        0,
        0,
        0,
        0
      ]
    ]
  },
  "spl3": {
    "LID": 3,
    "PS": {
      "CBS": 0,
      "ICT": 50,
      "PID": 2056480681,
      "RAH": false,
      "RCT": 20,
      "SPID": 414417790,
      "TUA": 5,
      "WID": 14
    },
    "QS": [
      {
        "P": {
          "CBS": 0,
          "PID": 414417790,
          "RAH": false,
          "TUA": 23,
          "WID": 14
        },
        "SI": {
          "RUT": -1,
          "VIP": 0
        }
      },
      {
        "P": {
          "CBS": 0,
          "PID": 1640516806,
          "RAH": false,
          "TUA": 28,
          "WID": 14
        },
        "SI": {
          "RUT": -1,
          "VIP": 0
        }
      },
      {
        "P": {
          "CBS": 0,
          "PID": 1156744067,
          "RAH": false,
          "TUA": 28,
          "WID": 14
        },
        "SI": {
          "RUT": -1,
          "VIP": 0
        }
      },
      {
        "P": {
          "CBS": 0,
          "PID": 2107827399,
          "RAH": false,
          "TUA": 28,
          "WID": 14
        },
        "SI": {
          "RUT": -1,
          "VIP": 0
        }
      },
      {
        "SI": {
          "RUT": -1,
          "VIP": 0
        }
      }
    ],
    "RM": 0,
    "TCT": 1090
  },
  "uap": {
    "KID": 10,
    "NS": -1,
    "PMS": -1,
    "PMT": 0
  }
}

  raw:
%xt%jaa%1%0%{"KID":10,"T":15,"gca":{"O":{"OID":16862926,"DUM":false,"N":"Ventrilo","E":{"BGT":0,"BGC1":1644825,"BGC2":1644825,"SPT":1,"S1":42,"SC1":1644825,"S2":42,"SC2":1644825,"IS":1},"L":70,"LL":950,"H":839,"AVP":61745,"CF":26494216,"HF":147045694,"PRE":13,"SUF":28,"TOPX":-1,"MP":27828847,"R":0,"AID":189639,"AR":7,"AN":"Sons of Guelon","aee":{"ACCA":{"ACLI":11,"ACCS":[4,3,12]},"ACFB":{"ACLI":3,"ACCS":[4,3]}},"RPT":4193470,"AP":[[0,16011862,509,405,1],[0,16632819,505,407,4],[0,16673031,509,407,4],[1,16366514,593,613,12],[2,16366513,654,696,12],[3,16681051,688,582,12],[[10,293,1310,111]]],"VP":[[1,610985,612,588,10],[1,713871,585,658,10],[1,725272,624,582,10],[1,2548320,501,589,10],[1,2548324,494,596,10],[1,2840852,486,575,10]],"SA":0,"VF":0,"PF":0,"RRD":0,"TI":-1,"FN":{"MC":293,"FID":0,"TID":111,"NS":-1,"PMS":-1,"PMT":0,"SPC":0}},"RAF":0,"RAW":0,"RAS":0,"RAB":0,"BG":[[201,16,230,220,0,0,4,100,-1,-1,0,0,0,0,-1,-1,-1],[200,1,200,200,0,0,4,100,-1,-1,0,0,0,0,-1,-1,-1],[201,6,220,200,0,0,4,100,-1,-1,0,0,0,0,-1,-1,-1],[201,8,230,200,0,0,4,100,-1,-1,0,0,0,0,-1,-1,-1],[201,10,200,220,1,0,4,100,-1,-1,0,0,0,0,-1,-1,-1],[201,12,200,230,1,0,4,100,-1,-1,0,0,0,0,-1,-1,-1],[201,14,220,220,0,0,4,100,-1,-1,0,0,0,0,-1,-1,-1]],"BD":[[233,19,200,200,0,0,4,100,-1,100,0,0,0,0,-1,-1,-1],[246,20,206,200,0,0,4,100,-1,-1,0,0,0,0,-1,-1,-1],[246,21,200,206,1,0,4,100,-1,-1,0,0,0,0,-1,-1,-1],[246,22,206,206,1,0,4,100,-1,-1,0,0,0,0,-1,-1,-1],[249,23,212,201,0,0,4,100,-1,-1,0,0,0,0,-1,-1,-1],[629,24,218,200,0,0,4,100,-1,-1,0,0,0,0,-1,-1,-1],[624,25,223,200,0,0,4,100,-1,-1,0,0,0,0,-1,-1,-1],[468,26,228,200,0,0,4,100,-1,-1,0,0,0,0,-1,-1,-1],[247,27,228,205,0,0,4,100,-1,-1,0,0,0,0,-1,-1,-1],[337,28,233,200,0,0,4,100,-1,-1,0,0,0,0,-1,-1,-1],[337,29,233,205,0,0,4,100,-1,-1,0,0,0,0,-1,-1,-1],[336,30,237,200,0,0,4,100,-1,-1,0,0,0,0,-1,-1,-1],[336,31,237,203,0,0,4,100,-1,-1,0,0,0,0,-1,-1,-1],[336,32,237,206,0,0,4,100,-1,-1,0,0,0,0,-1,-1,-1],[12,33,200,210,0,0,4,100,-1,-1,0,0,0,0,-1,-1,-1],[12,34,205,210,0,0,4,100,-1,-1,0,0,0,0,-1,-1,-1],[12,35,210,210,0,0,4,100,-1,-1,0,0,0,0,-1,-1,-1],[12,36,215,210,0,0,4,100,-1,-1,0,0,0,0,-1,-1,-1],[12,37,220,210,0,0,4,100,-1,-1,0,0,0,0,-1,-1,-1],[12,38,225,210,0,0,4,100,-1,-1,0,0,0,0,-1,-1,-1],[243,39,200,215,0,0,4,100,-1,-1,0,0,0,0,-1,-1,-1],[243,40,205,215,0,0,4,100,-1,-1,0,0,0,0,-1,-1,-1],[243,41,210,215,0,0,4,100,-1,-1,0,0,0,0,-1,-1,-1],[243,42,215,215,0,0,4,100,-1,-1,0,0,0,0,-1,-1,-1],[243,43,220,215,0,0,4,100,-1,-1,0,0,0,0,-1,-1,-1],[243,44,225,215,0,0,4,100,-1,-1,0,0,0,0,-1,-1,-1],[243,45,200,220,0,0,4,100,-1,-1,0,0,0,0,-1,-1,-1],[243,46,205,220,0,0,4,100,-1,-1,0,0,0,0,-1,-1,-1],[243,47,210,220,0,0,4,100,-1,-1,0,0,0,0,-1,-1,-1],[243,48,215,220,0,0,4,100,-1,-1,0,0,0,0,-1,-1,-1],[243,49,220,220,0,0,4,100,-1,-1,0,0,0,0,-1,-1,-1],[243,50,225,220,0,0,4,100,-1,-1,0,0,0,0,-1,-1,-1],[11,51,200,225,0,0,4,100,-1,-1,0,0,0,0,-1,-1,-1],[11,52,205,225,0,0,4,100,-1,-1,0,0,0,0,-1,-1,-1],[11,53,210,225,0,0,4,100,-1,-1,0,0,0,0,-1,-1,-1],[11,54,215,225,0,0,4,100,-1,-1,0,0,0,0,-1,-1,-1],[11,55,220,225,0,0,4,100,-1,-1,0,0,0,0,-1,-1,-1],[11,56,225,225,0,0,4,100,-1,-1,0,0,0,0,-1,-1,-1],[11,57,200,230,0,0,4,100,-1,-1,0,0,0,0,-1,-1,-1],[11,58,205,230,0,0,4,100,-1,-1,0,0,0,0,-1,-1,-1],[242,59,210,230,0,0,4,100,-1,-1,0,0,0,0,-1,-1,-1],[242,60,215,230,0,0,4,100,-1,-1,0,0,0,0,-1,-1,-1],[242,61,220,230,0,0,4,100,-1,-1,0,0,0,0,-1,-1,-1],[242,62,225,230,0,0,4,100,-1,-1,0,0,0,0,-1,-1,-1],[244,63,200,235,0,0,4,100,-1,-1,0,0,0,0,-1,-1,-1],[244,64,205,235,0,0,4,100,-1,-1,0,0,0,0,-1,-1,-1],[242,65,210,235,0,0,4,100,-1,-1,0,0,0,0,-1,-1,-1],[242,66,215,235,0,0,4,100,-1,-1,0,0,0,0,-1,-1,-1],[337,67,230,210,0,0,4,100,-1,-1,0,0,0,0,-1,-1,-1],[337,68,234,210,0,0,4,100,-1,-1,0,0,0,0,-1,-1,-1],[337,69,230,215,0,0,4,100,-1,-1,0,0,0,0,-1,-1,-1],[337,70,234,215,0,0,4,100,-1,-1,0,0,0,0,-1,-1,-1],[337,71,230,220,0,0,4,100,-1,-1,0,0,0,0,-1,-1,-1],[337,72,234,220,0,0,4,100,-1,-1,0,0,0,0,-1,-1,-1],[337,73,230,225,0,0,4,100,-1,-1,0,0,0,0,-1,-1,-1],[339,74,234,225,0,0,4,100,-1,-1,0,0,0,0,-1,-1,-1],[338,75,230,230,0,0,4,100,-1,-1,0,0,0,0,-1,-1,-1],[338,76,230,233,0,0,4,100,-1,-1,0,0,0,0,-1,-1,-1]],"T":[[237,17,0,0,0,0,4,100,-1,-1,0,0,0,0,-1,-1,-1],[237,2,0,0,0,0,4,100,-1,-1,0,0,0,0,-1,-1,-1],[237,3,0,0,0,0,4,100,-1,-1,0,0,0,0,-1,-1,-1],[237,4,0,0,0,0,4,100,-1,-1,0,0,0,0,-1,-1,-1],[237,5,0,0,0,0,4,100,-1,-1,0,0,0,0,-1,-1,-1],[237,7,0,0,0,0,4,100,-1,-1,0,0,0,0,-1,-1,-1],[237,9,0,0,0,0,4,100,-1,-1,0,0,0,0,-1,-1,-1],[237,11,0,0,0,0,4,100,-1,-1,0,0,0,0,-1,-1,-1],[237,13,0,0,0,0,4,100,-1,-1,0,0,0,0,-1,-1,-1],[237,15,0,0,0,0,4,100,-1,-1,0,0,0,0,-1,-1,-1]],"G":[[239,18,0,0,0,0,4,100,-1,-1,0,0,0,0,-1,-1,-1]],"D":[[235,77,0,0,0,0,4,100,-1,-1,0,0,0,0,-1,-1,-1]],"CI":[],"A":[15,1310,111,293,16862926,0,2,2,2,0,"Camp Ventrilo",0,-1,-1,-1,-1,10,0,0],"scl":{"OIDL":[-1,-2,-2,-2],"SSC":2}},"uap":{"KID":10,"NS":-1,"PMS":-1,"PMT":0},"csl":{},"grc":{"AID":293,"W":15046.5205,"S":16783.52,"F":16952.695,"C":0.0,"O":0.0,"G":0.0,"A":0.0,"I":0.0,"HONEY":0.0,"MEAD":0.0,"BEEF":0.0,"KID":10},"gpa":{"DFC":14200.0,"DMEADC":0.0,"DBEEFC":0.0,"DW":7100,"DS":7100,"DF":13200,"DC":0,"DO":0,"DG":0,"DA":0,"DI":0,"DHONEY":0,"DMEAD":0,"DBEEF":0,"FCR":100,"MEADCR":100,"BEEFCR":100,"MRW":25500,"SAFE_W":0.0,"MRS":25500,"SAFE_S":0.0,"MRF":25500,"SAFE_F":0.0,"MRC":0,"SAFE_C":0.0,"MRO":0,"SAFE_O":0.0,"MRG":0,"SAFE_G":0.0,"MRA":0,"SAFE_A":0.0,"MRI":0,"SAFE_I":0.0,"MRHONEY":0,"SAFE_HONEY":0.0,"MRMEAD":0,"SAFE_MEAD":0.0,"MRBEEF":0,"SAFE_BEEF":0.0,"P":0,"NDP":0,"R":0,"GRD":0,"RS1":403.0,"RS2":0.0,"RS3":0.0,"RSH":100,"BDB":167,"US":302,"AUS":715,"M":439.0,"RFPPA":0.5143939},"gui":{"I":[[14,85],[620,694774],[778,11919],[242,77329],[241,59683],[651,13932]],"SHI":[],"HI":[],"TU":[[14,70],[10,284]]},"spl0":{},"spl1":{"LID":1},"spl2":{"LID":2,"PIDL":[[-1,0,0,0,0,0,0,-1],[-2,0,0,0,0,0,0,0],[-2,0,0,0,0,0,0,0],[-2,0,0,0,0,0,0,0],[-2,0,0,0,0,0,0,0]]},"spl3":{"PS":{"WID":14,"TUA":5,"CBS":0,"RAH":false,"PID":2056480681,"RCT":20,"ICT":50,"SPID":414417790},"QS":[{"P":{"WID":14,"TUA":23,"CBS":0,"RAH":false,"PID":414417790},"SI":{"RUT":-1,"VIP":0}},{"P":{"WID":14,"TUA":28,"CBS":0,"RAH":false,"PID":1640516806},"SI":{"RUT":-1,"VIP":0}},{"P":{"WID":14,"TUA":28,"CBS":0,"RAH":false,"PID":1156744067},"SI":{"RUT":-1,"VIP":0}},{"P":{"WID":14,"TUA":28,"CBS":0,"RAH":false,"PID":2107827399},"SI":{"RUT":-1,"VIP":0}},{"SI":{"RUT":-1,"VIP":0}}],"RM":0,"TCT":1090,"LID":3},"gab":{"B":0.0},"hin":{},"sin":[{"SID":1,"RD":[[321,3,0],[322,4,0],[2498,1,0],[324,1,0],[3142,3,0],[71,1,0],[1545,1,0],[3149,2,0],[2766,4,0],[3151,3,0],[3154,2,0],[3155,3,0],[2837,2,0],[3157,39,0],[2456,2,0],[3160,1,0],[2137,1,0],[3161,2,0],[4441,1,0],[2458,1,0],[2842,2,0],[3108,1,0],[357,3,0],[2214,1,0],[360,1,0],[361,2,0],[1514,2,0],[2282,4,0],[363,1,0],[1515,1,0],[2475,1,0],[364,1,0],[365,1,0],[1646,1,0],[1585,2,0],[307,15,0],[4275,2,0],[4276,15,0],[2997,4,0],[2359,1,0],[4471,2,0],[2490,1,0],[2491,5,0]],"CD":[[342,837952,993,0]],"UD":[]},{"SID":10,"RD":[],"CD":[],"UD":[]},{"SID":2,"RD":[]}],"abpi":[],"crai":{"CAI":{"CBI":[],"CE":[]}}}%
---
[08:18:12.069] CLIENT -> SERVER
XT PACKET
  fields:
    type: xt
    server_header: EmpireEx_21
    command: dcl
    request_id: 1
    payload: {"CD":1}

  json_payload:
{
  "CD": 1
}

  raw:
%xt%EmpireEx_21%dcl%1%{"CD":1}%
---
[08:18:12.193] SERVER -> CLIENT
XT PACKET
  fields:
    type: xt
    command: dcl
    request_id: 1
    status: 0
    payload: {"PID":16862926,"C":[{"KID":0,"AI":[{"AID":16011862,"W":381971.56,"S":275638.56,"F":749000.0,"C":98886.0,"O":124000.0,"G":124000.0,"A":0.0,"I":114720.0,"HONEY":231100.0,"MEAD":2.1974664E7,"BEEF":0.0,"D":596,"gpa":{"DFC":375580.0,"DMEADC":3.212278E7,"DBEEFC":0.0,"DW":10607,"DS":130,"DF":543591,"DC":0,"DO":0,"DG":0,"DA":0,"DI":0,"DHONEY":290410,"DMEAD":19337720,"DBEEF":0,"S":0,"WM":30.399998,"SM":30.399998,"FM":310.80002,"CM":100.0,"OM":100.0,"GM":100.0,"AM":100.0,"IM":100.0,"HONEYM":137.0,"MEADM":207.8,"BEEFM":100.0,"MP":250,"FCR":75,"MEADCR":60,"BEEFCR":100,"MRW":454000,"SAFE_W":4000.0,"MRS":454000,"SAFE_S":4000.0,"MRF":749000,"SAFE_F":4000.0,"MRC":124000,"SAFE_C":4000.0,"MRO":124000,"SAFE_O":4000.0,"MRG":124000,"SAFE_G":4000.0,"MRA":704000,"SAFE_A":4000.0,"MRI":124000,"SAFE_I":4000.0,"MRHONEY":106100,"SAFE_HONEY":4000.0,"MRMEAD":104950,"SAFE_MEAD":4000.0,"MRBEEF":500000,"SAFE_BEEF":4000.0,"P":0,"NDP":236402,"R":30,"GRD":0,"RS1":4986.0,"RS2":1501.0,"RS3":1501.0,"RSH":1073,"BDB":200,"US":0,"M":0},"AC":[[195,10634],[216,492478],[461,20297],[726,62],[725,15],[656,20],[655,10],[714,20],[715,10],[729,90],[238,159797],[369,25415],[501,23347],[500,13130],[765,10],[227,168633],[760,10],[217,10944],[149,2971],[215,681464],[12,2950],[11,800],[10,1527],[9,89],[6,30],[607,1140],[63,1790],[588,545],[587,7],[579,8],[732,96],[583,1525],[967,9],[580,105],[776,5852],[775,6547],[577,6],[576,63],[771,4682],[770,6252],[178,4400],[571,1],[570,65],[568,335],[1,16300],[169,18809],[168,19862],[167,18124],[166,36490],[165,83100],[164,72670],[163,13920],[162,200],[161,100],[160,6000],[158,5996],[156,6000],[154,6000],[153,35980],[152,65260],[740,122300],[739,128500],[738,120100],[737,171],[735,1745],[143,135346],[142,128310],[141,135193],[611,16999],[256,198],[614,62996],[512,219760],[511,217360],[115,100],[107,47400],[106,270150],[476,15000],[241,101113],[490,204980],[82,12100],[81,14765],[474,69880],[77,4800],[661,156],[660,817],[654,175],[653,264],[651,27507],[650,7383],[649,64454],[648,1794],[56,1],[642,20],[641,707],[640,396],[245,580],[244,27890],[243,7180],[242,63271],[635,685],[240,89520],[239,7000],[734,298530],[30,26550],[620,451956],[27,13939],[26,24463],[25,21031],[812,4],[811,60],[810,120],[808,65],[807,120],[17,100050],[16,8655],[407,16740],[406,14000],[405,244550],[404,12930],[971,9],[777,1000],[773,2200],[774,1100],[110,40004],[627,236],[626,88],[625,1124],[624,1040],[105,1162],[731,29676],[730,12],[315,77],[647,12],[645,4],[637,87],[634,2],[300,113],[112,35035],[629,62],[622,526],[110,3832],[731,3800],[112,1925]],"SHI":[],"HI":[[461,3],[369,3],[501,3],[227,15],[500,1],[238,15]],"TU":[],"MC":65,"B":1,"WS":1,"DW":1,"H":1,"OGT":0,"AOT":-1},{"AID":16632819,"W":47167.71,"S":56564.484,"F":681000.0,"C":67802.0,"O":53892.0,"G":54865.0,"A":0.0,"I":80005.0,"HONEY":0.0,"MEAD":0.0,"BEEF":0.0,"D":105,"gpa":{"DFC":172800.0,"DMEADC":0.0,"DBEEFC":0.0,"DW":40,"DS":40,"DF":473979,"DC":0,"DO":0,"DG":0,"DA":0,"DI":0,"DHONEY":0,"DMEAD":0,"DBEEF":0,"S":0,"WM":26.399998,"SM":26.399998,"FM":274.80002,"CM":100.0,"OM":100.0,"GM":100.0,"AM":100.0,"IM":100.0,"HONEYM":137.0,"MEADM":129.0,"BEEFM":100.0,"MP":250,"FCR":90,"MEADCR":100,"BEEFCR":100,"MRW":81000,"SAFE_W":1000.0,"MRS":81000,"SAFE_S":1000.0,"MRF":681000,"SAFE_F":1000.0,"MRC":81000,"SAFE_C":1000.0,"MRO":81000,"SAFE_O":1000.0,"MRG":81000,"SAFE_G":1000.0,"MRA":601000,"SAFE_A":1000.0,"MRI":81000,"SAFE_I":1000.0,"MRHONEY":0,"SAFE_HONEY":1000.0,"MRMEAD":0,"SAFE_MEAD":1000.0,"MRBEEF":0,"SAFE_BEEF":1000.0,"P":0,"NDP":158765,"R":50,"GRD":0,"RS1":1259.0,"RS2":0.0,"RS3":0.0,"RSH":921,"BDB":200,"US":0,"M":0},"AC":[[607,8640],[620,30491]],"SHI":[],"HI":[],"TU":[],"MC":0,"B":1,"WS":0,"DW":0,"H":0,"OGT":0},{"AID":16673031,"W":46142.34,"S":11596.266,"F":83566.164,"C":13730.0,"O":33133.0,"G":11904.0,"A":0.0,"I":66246.0,"HONEY":102104.89,"MEAD":300.0,"BEEF":0.0,"D":80,"gpa":{"DFC":380690.0,"DMEADC":0.0,"DBEEFC":0.0,"DW":25,"DS":25,"DF":637990,"DC":0,"DO":0,"DG":0,"DA":0,"DI":0,"DHONEY":5394,"DMEAD":204427,"DBEEF":0,"S":0,"WM":26.399998,"SM":26.399998,"FM":298.80002,"CM":100.0,"OM":100.0,"GM":100.0,"AM":100.0,"IM":100.0,"HONEYM":137.0,"MEADM":129.0,"BEEFM":100.0,"MP":250,"FCR":95,"MEADCR":100,"BEEFCR":100,"MRW":81000,"SAFE_W":1000.0,"MRS":81000,"SAFE_S":1000.0,"MRF":681000,"SAFE_F":1000.0,"MRC":81000,"SAFE_C":1000.0,"MRO":81000,"SAFE_O":1000.0,"MRG":81000,"SAFE_G":1000.0,"MRA":601000,"SAFE_A":1000.0,"MRI":81000,"SAFE_I":1000.0,"MRHONEY":300,"SAFE_HONEY":1000.0,"MRMEAD":300,"SAFE_MEAD":1000.0,"MRBEEF":0,"SAFE_BEEF":1000.0,"P":0,"NDP":185140,"R":55,"GRD":0,"RS1":1298.0,"RS2":0.0,"RS3":0.0,"RSH":960,"BDB":175,"US":0,"M":0},"AC":[[10,1],[607,19032],[620,16976],[614,1919]],"SHI":[],"HI":[],"TU":[],"MC":0,"B":1,"WS":0,"DW":0,"H":0,"OGT":0}]},{"KID":1,"AI":[{"AID":16366514,"W":81000.0,"S":81000.0,"F":641245.25,"C":67300.0,"O":1331000.0,"G":16505.0,"A":0.0,"I":15301.0,"HONEY":900.0,"MEAD":450.0,"BEEF":0.0,"D":399,"gpa":{"DFC":8100280.0,"DMEADC":371340.0,"DBEEFC":0.0,"DW":7389,"DS":29,"DF":2252970,"DC":0,"DO":0,"DG":0,"DA":0,"DI":0,"DHONEY":712450,"DMEAD":5532627,"DBEEF":0,"S":0,"WM":26.840004,"SM":29.040005,"FM":604.0,"CM":100.0,"OM":100.0,"GM":100.0,"AM":100.0,"IM":100.0,"HONEYM":137.0,"MEADM":129.0,"BEEFM":100.0,"MP":0,"FCR":35,"MEADCR":100,"BEEFCR":100,"MRW":81000,"SAFE_W":1000.0,"MRS":81000,"SAFE_S":1000.0,"MRF":646000,"SAFE_F":1000.0,"MRC":81000,"SAFE_C":1000.0,"MRO":1331000,"SAFE_O":1000.0,"MRG":81000,"SAFE_G":1000.0,"MRA":601000,"SAFE_A":1000.0,"MRI":81000,"SAFE_I":1000.0,"MRHONEY":900,"SAFE_HONEY":1000.0,"MRMEAD":450,"SAFE_MEAD":1000.0,"MRBEEF":250000,"SAFE_BEEF":1000.0,"P":0,"NDP":197955,"R":165,"GRD":0,"RS1":1535.0,"RS2":577.0,"RS3":0.0,"RSH":1012,"BDB":200,"US":0,"M":0},"AC":[[216,16177],[277,5013],[149,3756],[6,25000],[607,12126],[10,138],[9,7],[689,320],[688,320],[5,25000],[35,75124],[34,35691],[715,8149],[714,11912],[641,188],[620,95225],[635,20],[614,82132],[649,390],[648,144],[17,150]],"SHI":[],"HI":[],"TU":[[607,35],[216,2390]],"MC":0,"B":1,"WS":1,"DW":0,"H":0,"OGT":0,"AOT":-1}]},{"KID":2,"AI":[{"AID":16366513,"W":60800.0,"S":60800.0,"F":58027.09,"C":4014.0,"O":0.0,"G":0.0,"A":0.0,"I":0.0,"HONEY":0.0,"MEAD":0.0,"BEEF":0.0,"D":15,"gpa":{"DFC":61200.0,"DMEADC":0.0,"DBEEFC":0.0,"DW":7655,"DS":7860,"DF":57686,"DC":0,"DO":0,"DG":0,"DA":0,"DI":0,"DHONEY":0,"DMEAD":0,"DBEEF":0,"S":0,"WM":122.0,"SM":122.0,"FM":174.0,"CM":100.0,"OM":100.0,"GM":100.0,"AM":100.0,"IM":100.0,"HONEYM":137.0,"MEADM":129.0,"BEEFM":100.0,"MP":0,"FCR":100,"MEADCR":100,"BEEFCR":100,"MRW":60800,"SAFE_W":800.0,"MRS":60800,"SAFE_S":800.0,"MRF":60800,"SAFE_F":800.0,"MRC":60800,"SAFE_C":800.0,"MRO":60800,"SAFE_O":800.0,"MRG":60800,"SAFE_G":800.0,"MRA":450800,"SAFE_A":800.0,"MRI":60800,"SAFE_I":800.0,"MRHONEY":0,"SAFE_HONEY":800.0,"MRMEAD":0,"SAFE_MEAD":800.0,"MRBEEF":0,"SAFE_BEEF":800.0,"P":0,"NDP":29425,"R":40,"GRD":0,"RS1":766.0,"RS2":0.0,"RS3":0.0,"RSH":443,"BDB":100,"US":0,"M":0},"AC":[[607,3060],[620,27000]],"SHI":[],"HI":[],"TU":[],"MC":0,"B":1,"WS":0,"DW":0,"H":0,"OGT":0,"AOT":-1}]},{"KID":3,"AI":[{"AID":16681051,"W":81493.0,"S":81477.0,"F":681000.0,"C":52557.0,"O":67970.0,"G":15925.0,"A":0.0,"I":14717.0,"HONEY":2400.0,"MEAD":124.0396,"BEEF":0.0,"D":150,"gpa":{"DFC":421920.0,"DMEADC":1.351322E7,"DBEEFC":0.0,"DW":39,"DS":39,"DF":1072938,"DC":0,"DO":0,"DG":0,"DA":0,"DI":0,"DHONEY":416175,"DMEAD":8107942,"DBEEF":0,"S":0,"WM":26.840004,"SM":26.840004,"FM":664.0,"CM":100.0,"OM":100.0,"GM":100.0,"AM":100.0,"IM":100.0,"HONEYM":137.0,"MEADM":214.0,"BEEFM":100.0,"MP":0,"FCR":95,"MEADCR":60,"BEEFCR":100,"MRW":81000,"SAFE_W":1000.0,"MRS":81000,"SAFE_S":1000.0,"MRF":681000,"SAFE_F":1000.0,"MRC":81000,"SAFE_C":1000.0,"MRO":81000,"SAFE_O":1000.0,"MRG":81000,"SAFE_G":1000.0,"MRA":601000,"SAFE_A":1000.0,"MRI":81000,"SAFE_I":1000.0,"MRHONEY":2400,"SAFE_HONEY":1000.0,"MRMEAD":950,"SAFE_MEAD":1000.0,"MRBEEF":250000,"SAFE_BEEF":1000.0,"P":0,"NDP":220410,"R":35,"GRD":0,"RS1":5898.0,"RS2":0.0,"RS3":0.0,"RSH":1060,"BDB":200,"US":0,"M":0},"AC":[[15,49],[149,2374],[607,15161],[215,273727],[216,401885],[620,31000],[641,5],[614,6292],[635,10],[650,2650]],"SHI":[],"HI":[],"TU":[],"MC":0,"B":1,"WS":0,"DW":0,"H":0,"OGT":0,"AOT":-1}]},{"KID":4,"AI":[]},{"KID":10,"AI":[{"AID":293,"W":15046.718,"S":16783.717,"F":16952.668,"C":0.0,"O":0.0,"G":0.0,"A":0.0,"I":0.0,"HONEY":0.0,"MEAD":0.0,"BEEF":0.0,"D":0,"gpa":{"DFC":14200.0,"DMEADC":0.0,"DBEEFC":0.0,"DW":7100,"DS":7100,"DF":13200,"DC":0,"DO":0,"DG":0,"DA":0,"DI":0,"DHONEY":0,"DMEAD":0,"DBEEF":0,"FCR":100,"MEADCR":100,"BEEFCR":100,"MRW":25500,"SAFE_W":0.0,"MRS":25500,"SAFE_S":0.0,"MRF":25500,"SAFE_F":0.0,"MRC":0,"SAFE_C":0.0,"MRO":0,"SAFE_O":0.0,"MRG":0,"SAFE_G":0.0,"MRA":0,"SAFE_A":0.0,"MRI":0,"SAFE_I":0.0,"MRHONEY":0,"SAFE_HONEY":0.0,"MRMEAD":0,"SAFE_MEAD":0.0,"MRBEEF":0,"SAFE_BEEF":0.0,"P":0,"NDP":0,"R":0,"GRD":0,"RS1":403.0,"RS2":0.0,"RS3":0.0,"RSH":100,"BDB":167,"US":302,"AUS":715,"M":439.0,"RFPPA":0.5143939},"AC":[[14,85],[620,694774],[778,11919],[242,77329],[241,59683],[651,13932]],"SHI":[],"HI":[],"TU":[[14,70],[10,284]],"MC":10,"B":1,"WS":0,"DW":0,"H":1,"OGT":0,"AOT":-1}]}]}

  json_payload:
{
  "C": [
    {
      "AI": [
        {
          "A": 0.0,
          "AC": [
            [
              195,
              10634
            ],
            [
              216,
              492478
            ],
            [
              461,
              20297
            ],
            [
              726,
              62
            ],
            [
              725,
              15
            ],
            [
              656,
              20
            ],
            [
              655,
              10
            ],
            [
              714,
              20
            ],
            [
              715,
              10
            ],
            [
              729,
              90
            ],
            [
              238,
              159797
            ],
            [
              369,
              25415
            ],
            [
              501,
              23347
            ],
            [
              500,
              13130
            ],
            [
              765,
              10
            ],
            [
              227,
              168633
            ],
            [
              760,
              10
            ],
            [
              217,
              10944
            ],
            [
              149,
              2971
            ],
            [
              215,
              681464
            ],
            [
              12,
              2950
            ],
            [
              11,
              800
            ],
            [
              10,
              1527
            ],
            [
              9,
              89
            ],
            [
              6,
              30
            ],
            [
              607,
              1140
            ],
            [
              63,
              1790
            ],
            [
              588,
              545
            ],
            [
              587,
              7
            ],
            [
              579,
              8
            ],
            [
              732,
              96
            ],
            [
              583,
              1525
            ],
            [
              967,
              9
            ],
            [
              580,
              105
            ],
            [
              776,
              5852
            ],
            [
              775,
              6547
            ],
            [
              577,
              6
            ],
            [
              576,
              63
            ],
            [
              771,
              4682
            ],
            [
              770,
              6252
            ],
            [
              178,
              4400
            ],
            [
              571,
              1
            ],
            [
              570,
              65
            ],
            [
              568,
              335
            ],
            [
              1,
              16300
            ],
            [
              169,
              18809
            ],
            [
              168,
              19862
            ],
            [
              167,
              18124
            ],
            [
              166,
              36490
            ],
            [
              165,
              83100
            ],
            [
              164,
              72670
            ],
            [
              163,
              13920
            ],
            [
              162,
              200
            ],
            [
              161,
              100
            ],
            [
              160,
              6000
            ],
            [
              158,
              5996
            ],
            [
              156,
              6000
            ],
            [
              154,
              6000
            ],
            [
              153,
              35980
            ],
            [
              152,
              65260
            ],
            [
              740,
              122300
            ],
            [
              739,
              128500
            ],
            [
              738,
              120100
            ],
            [
              737,
              171
            ],
            [
              735,
              1745
            ],
            [
              143,
              135346
            ],
            [
              142,
              128310
            ],
            [
              141,
              135193
            ],
            [
              611,
              16999
            ],
            [
              256,
              198
            ],
            [
              614,
              62996
            ],
            [
              512,
              219760
            ],
            [
              511,
              217360
            ],
            [
              115,
              100
            ],
            [
              107,
              47400
            ],
            [
              106,
              270150
            ],
            [
              476,
              15000
            ],
            [
              241,
              101113
            ],
            [
              490,
              204980
            ],
            [
              82,
              12100
            ],
            [
              81,
              14765
            ],
            [
              474,
              69880
            ],
            [
              77,
              4800
            ],
            [
              661,
              156
            ],
            [
              660,
              817
            ],
            [
              654,
              175
            ],
            [
              653,
              264
            ],
            [
              651,
              27507
            ],
            [
              650,
              7383
            ],
            [
              649,
              64454
            ],
            [
              648,
              1794
            ],
            [
              56,
              1
            ],
            [
              642,
              20
            ],
            [
              641,
              707
            ],
            [
              640,
              396
            ],
            [
              245,
              580
            ],
            [
              244,
              27890
            ],
            [
              243,
              7180
            ],
            [
              242,
              63271
            ],
            [
              635,
              685
            ],
            [
              240,
              89520
            ],
            [
              239,
              7000
            ],
            [
              734,
              298530
            ],
            [
              30,
              26550
            ],
            [
              620,
              451956
            ],
            [
              27,
              13939
            ],
            [
              26,
              24463
            ],
            [
              25,
              21031
            ],
            [
              812,
              4
            ],
            [
              811,
              60
            ],
            [
              810,
              120
            ],
            [
              808,
              65
            ],
            [
              807,
              120
            ],
            [
              17,
              100050
            ],
            [
              16,
              8655
            ],
            [
              407,
              16740
            ],
            [
              406,
              14000
            ],
            [
              405,
              244550
            ],
            [
              404,
              12930
            ],
            [
              971,
              9
            ],
            [
              777,
              1000
            ],
            [
              773,
              2200
            ],
            [
              774,
              1100
            ],
            [
              110,
              40004
            ],
            [
              627,
              236
            ],
            [
              626,
              88
            ],
            [
              625,
              1124
            ],
            [
              624,
              1040
            ],
            [
              105,
              1162
            ],
            [
              731,
              29676
            ],
            [
              730,
              12
            ],
            [
              315,
              77
            ],
            [
              647,
              12
            ],
            [
              645,
              4
            ],
            [
              637,
              87
            ],
            [
              634,
              2
            ],
            [
              300,
              113
            ],
            [
              112,
              35035
            ],
            [
              629,
              62
            ],
            [
              622,
              526
            ],
            [
              110,
              3832
            ],
            [
              731,
              3800
            ],
            [
              112,
              1925
            ]
          ],
          "AID": 16011862,
          "AOT": -1,
          "B": 1,
          "BEEF": 0.0,
          "C": 98886.0,
          "D": 596,
          "DW": 1,
          "F": 749000.0,
          "G": 124000.0,
          "H": 1,
          "HI": [
            [
              461,
              3
            ],
            [
              369,
              3
            ],
            [
              501,
              3
            ],
            [
              227,
              15
            ],
            [
              500,
              1
            ],
            [
              238,
              15
            ]
          ],
          "HONEY": 231100.0,
          "I": 114720.0,
          "MC": 65,
          "MEAD": 21974664.0,
          "O": 124000.0,
          "OGT": 0,
          "S": 275638.56,
          "SHI": [],
          "TU": [],
          "W": 381971.56,
          "WS": 1,
          "gpa": {
            "AM": 100.0,
            "BDB": 200,
            "BEEFCR": 100,
            "BEEFM": 100.0,
            "CM": 100.0,
            "DA": 0,
            "DBEEF": 0,
            "DBEEFC": 0.0,
            "DC": 0,
            "DF": 543591,
            "DFC": 375580.0,
            "DG": 0,
            "DHONEY": 290410,
            "DI": 0,
            "DMEAD": 19337720,
            "DMEADC": 32122780.0,
            "DO": 0,
            "DS": 130,
            "DW": 10607,
            "FCR": 75,
            "FM": 310.80002,
            "GM": 100.0,
            "GRD": 0,
            "HONEYM": 137.0,
            "IM": 100.0,
            "M": 0,
            "MEADCR": 60,
            "MEADM": 207.8,
            "MP": 250,
            "MRA": 704000,
            "MRBEEF": 500000,
            "MRC": 124000,
            "MRF": 749000,
            "MRG": 124000,
            "MRHONEY": 106100,
            "MRI": 124000,
            "MRMEAD": 104950,
            "MRO": 124000,
            "MRS": 454000,
            "MRW": 454000,
            "NDP": 236402,
            "OM": 100.0,
            "P": 0,
            "R": 30,
            "RS1": 4986.0,
            "RS2": 1501.0,
            "RS3": 1501.0,
            "RSH": 1073,
            "S": 0,
            "SAFE_A": 4000.0,
            "SAFE_BEEF": 4000.0,
            "SAFE_C": 4000.0,
            "SAFE_F": 4000.0,
            "SAFE_G": 4000.0,
            "SAFE_HONEY": 4000.0,
            "SAFE_I": 4000.0,
            "SAFE_MEAD": 4000.0,
            "SAFE_O": 4000.0,
            "SAFE_S": 4000.0,
            "SAFE_W": 4000.0,
            "SM": 30.399998,
            "US": 0,
            "WM": 30.399998
          }
        },
        {
          "A": 0.0,
          "AC": [
            [
              607,
              8640
            ],
            [
              620,
              30491
            ]
          ],
          "AID": 16632819,
          "B": 1,
          "BEEF": 0.0,
          "C": 67802.0,
          "D": 105,
          "DW": 0,
          "F": 681000.0,
          "G": 54865.0,
          "H": 0,
          "HI": [],
          "HONEY": 0.0,
          "I": 80005.0,
          "MC": 0,
          "MEAD": 0.0,
          "O": 53892.0,
          "OGT": 0,
          "S": 56564.484,
          "SHI": [],
          "TU": [],
          "W": 47167.71,
          "WS": 0,
          "gpa": {
            "AM": 100.0,
            "BDB": 200,
            "BEEFCR": 100,
            "BEEFM": 100.0,
            "CM": 100.0,
            "DA": 0,
            "DBEEF": 0,
            "DBEEFC": 0.0,
            "DC": 0,
            "DF": 473979,
            "DFC": 172800.0,
            "DG": 0,
            "DHONEY": 0,
            "DI": 0,
            "DMEAD": 0,
            "DMEADC": 0.0,
            "DO": 0,
            "DS": 40,
            "DW": 40,
            "FCR": 90,
            "FM": 274.80002,
            "GM": 100.0,
            "GRD": 0,
            "HONEYM": 137.0,
            "IM": 100.0,
            "M": 0,
            "MEADCR": 100,
            "MEADM": 129.0,
            "MP": 250,
            "MRA": 601000,
            "MRBEEF": 0,
            "MRC": 81000,
            "MRF": 681000,
            "MRG": 81000,
            "MRHONEY": 0,
            "MRI": 81000,
            "MRMEAD": 0,
            "MRO": 81000,
            "MRS": 81000,
            "MRW": 81000,
            "NDP": 158765,
            "OM": 100.0,
            "P": 0,
            "R": 50,
            "RS1": 1259.0,
            "RS2": 0.0,
            "RS3": 0.0,
            "RSH": 921,
            "S": 0,
            "SAFE_A": 1000.0,
            "SAFE_BEEF": 1000.0,
            "SAFE_C": 1000.0,
            "SAFE_F": 1000.0,
            "SAFE_G": 1000.0,
            "SAFE_HONEY": 1000.0,
            "SAFE_I": 1000.0,
            "SAFE_MEAD": 1000.0,
            "SAFE_O": 1000.0,
            "SAFE_S": 1000.0,
            "SAFE_W": 1000.0,
            "SM": 26.399998,
            "US": 0,
            "WM": 26.399998
          }
        },
        {
          "A": 0.0,
          "AC": [
            [
              10,
              1
            ],
            [
              607,
              19032
            ],
            [
              620,
              16976
            ],
            [
              614,
              1919
            ]
          ],
          "AID": 16673031,
          "B": 1,
          "BEEF": 0.0,
          "C": 13730.0,
          "D": 80,
          "DW": 0,
          "F": 83566.164,
          "G": 11904.0,
          "H": 0,
          "HI": [],
          "HONEY": 102104.89,
          "I": 66246.0,
          "MC": 0,
          "MEAD": 300.0,
          "O": 33133.0,
          "OGT": 0,
          "S": 11596.266,
          "SHI": [],
          "TU": [],
          "W": 46142.34,
          "WS": 0,
          "gpa": {
            "AM": 100.0,
            "BDB": 175,
            "BEEFCR": 100,
            "BEEFM": 100.0,
            "CM": 100.0,
            "DA": 0,
            "DBEEF": 0,
            "DBEEFC": 0.0,
            "DC": 0,
            "DF": 637990,
            "DFC": 380690.0,
            "DG": 0,
            "DHONEY": 5394,
            "DI": 0,
            "DMEAD": 204427,
            "DMEADC": 0.0,
            "DO": 0,
            "DS": 25,
            "DW": 25,
            "FCR": 95,
            "FM": 298.80002,
            "GM": 100.0,
            "GRD": 0,
            "HONEYM": 137.0,
            "IM": 100.0,
            "M": 0,
            "MEADCR": 100,
            "MEADM": 129.0,
            "MP": 250,
            "MRA": 601000,
            "MRBEEF": 0,
            "MRC": 81000,
            "MRF": 681000,
            "MRG": 81000,
            "MRHONEY": 300,
            "MRI": 81000,
            "MRMEAD": 300,
            "MRO": 81000,
            "MRS": 81000,
            "MRW": 81000,
            "NDP": 185140,
            "OM": 100.0,
            "P": 0,
            "R": 55,
            "RS1": 1298.0,
            "RS2": 0.0,
            "RS3": 0.0,
            "RSH": 960,
            "S": 0,
            "SAFE_A": 1000.0,
            "SAFE_BEEF": 1000.0,
            "SAFE_C": 1000.0,
            "SAFE_F": 1000.0,
            "SAFE_G": 1000.0,
            "SAFE_HONEY": 1000.0,
            "SAFE_I": 1000.0,
            "SAFE_MEAD": 1000.0,
            "SAFE_O": 1000.0,
            "SAFE_S": 1000.0,
            "SAFE_W": 1000.0,
            "SM": 26.399998,
            "US": 0,
            "WM": 26.399998
          }
        }
      ],
      "KID": 0
    },
    {
      "AI": [
        {
          "A": 0.0,
          "AC": [
            [
              216,
              16177
            ],
            [
              277,
              5013
            ],
            [
              149,
              3756
            ],
            [
              6,
              25000
            ],
            [
              607,
              12126
            ],
            [
              10,
              138
            ],
            [
              9,
              7
            ],
            [
              689,
              320
            ],
            [
              688,
              320
            ],
            [
              5,
              25000
            ],
            [
              35,
              75124
            ],
            [
              34,
              35691
            ],
            [
              715,
              8149
            ],
            [
              714,
              11912
            ],
            [
              641,
              188
            ],
            [
              620,
              95225
            ],
            [
              635,
              20
            ],
            [
              614,
              82132
            ],
            [
              649,
              390
            ],
            [
              648,
              144
            ],
            [
              17,
              150
            ]
          ],
          "AID": 16366514,
          "AOT": -1,
          "B": 1,
          "BEEF": 0.0,
          "C": 67300.0,
          "D": 399,
          "DW": 0,
          "F": 641245.25,
          "G": 16505.0,
          "H": 0,
          "HI": [],
          "HONEY": 900.0,
          "I": 15301.0,
          "MC": 0,
          "MEAD": 450.0,
          "O": 1331000.0,
          "OGT": 0,
          "S": 81000.0,
          "SHI": [],
          "TU": [
            [
              607,
              35
            ],
            [
              216,
              2390
            ]
          ],
          "W": 81000.0,
          "WS": 1,
          "gpa": {
            "AM": 100.0,
            "BDB": 200,
            "BEEFCR": 100,
            "BEEFM": 100.0,
            "CM": 100.0,
            "DA": 0,
            "DBEEF": 0,
            "DBEEFC": 0.0,
            "DC": 0,
            "DF": 2252970,
            "DFC": 8100280.0,
            "DG": 0,
            "DHONEY": 712450,
            "DI": 0,
            "DMEAD": 5532627,
            "DMEADC": 371340.0,
            "DO": 0,
            "DS": 29,
            "DW": 7389,
            "FCR": 35,
            "FM": 604.0,
            "GM": 100.0,
            "GRD": 0,
            "HONEYM": 137.0,
            "IM": 100.0,
            "M": 0,
            "MEADCR": 100,
            "MEADM": 129.0,
            "MP": 0,
            "MRA": 601000,
            "MRBEEF": 250000,
            "MRC": 81000,
            "MRF": 646000,
            "MRG": 81000,
            "MRHONEY": 900,
            "MRI": 81000,
            "MRMEAD": 450,
            "MRO": 1331000,
            "MRS": 81000,
            "MRW": 81000,
            "NDP": 197955,
            "OM": 100.0,
            "P": 0,
            "R": 165,
            "RS1": 1535.0,
            "RS2": 577.0,
            "RS3": 0.0,
            "RSH": 1012,
            "S": 0,
            "SAFE_A": 1000.0,
            "SAFE_BEEF": 1000.0,
            "SAFE_C": 1000.0,
            "SAFE_F": 1000.0,
            "SAFE_G": 1000.0,
            "SAFE_HONEY": 1000.0,
            "SAFE_I": 1000.0,
            "SAFE_MEAD": 1000.0,
            "SAFE_O": 1000.0,
            "SAFE_S": 1000.0,
            "SAFE_W": 1000.0,
            "SM": 29.040005,
            "US": 0,
            "WM": 26.840004
          }
        }
      ],
      "KID": 1
    },
    {
      "AI": [
        {
          "A": 0.0,
          "AC": [
            [
              607,
              3060
            ],
            [
              620,
              27000
            ]
          ],
          "AID": 16366513,
          "AOT": -1,
          "B": 1,
          "BEEF": 0.0,
          "C": 4014.0,
          "D": 15,
          "DW": 0,
          "F": 58027.09,
          "G": 0.0,
          "H": 0,
          "HI": [],
          "HONEY": 0.0,
          "I": 0.0,
          "MC": 0,
          "MEAD": 0.0,
          "O": 0.0,
          "OGT": 0,
          "S": 60800.0,
          "SHI": [],
          "TU": [],
          "W": 60800.0,
          "WS": 0,
          "gpa": {
            "AM": 100.0,
            "BDB": 100,
            "BEEFCR": 100,
            "BEEFM": 100.0,
            "CM": 100.0,
            "DA": 0,
            "DBEEF": 0,
            "DBEEFC": 0.0,
            "DC": 0,
            "DF": 57686,
            "DFC": 61200.0,
            "DG": 0,
            "DHONEY": 0,
            "DI": 0,
            "DMEAD": 0,
            "DMEADC": 0.0,
            "DO": 0,
            "DS": 7860,
            "DW": 7655,
            "FCR": 100,
            "FM": 174.0,
            "GM": 100.0,
            "GRD": 0,
            "HONEYM": 137.0,
            "IM": 100.0,
            "M": 0,
            "MEADCR": 100,
            "MEADM": 129.0,
            "MP": 0,
            "MRA": 450800,
            "MRBEEF": 0,
            "MRC": 60800,
            "MRF": 60800,
            "MRG": 60800,
            "MRHONEY": 0,
            "MRI": 60800,
            "MRMEAD": 0,
            "MRO": 60800,
            "MRS": 60800,
            "MRW": 60800,
            "NDP": 29425,
            "OM": 100.0,
            "P": 0,
            "R": 40,
            "RS1": 766.0,
            "RS2": 0.0,
            "RS3": 0.0,
            "RSH": 443,
            "S": 0,
            "SAFE_A": 800.0,
            "SAFE_BEEF": 800.0,
            "SAFE_C": 800.0,
            "SAFE_F": 800.0,
            "SAFE_G": 800.0,
            "SAFE_HONEY": 800.0,
            "SAFE_I": 800.0,
            "SAFE_MEAD": 800.0,
            "SAFE_O": 800.0,
            "SAFE_S": 800.0,
            "SAFE_W": 800.0,
            "SM": 122.0,
            "US": 0,
            "WM": 122.0
          }
        }
      ],
      "KID": 2
    },
    {
      "AI": [
        {
          "A": 0.0,
          "AC": [
            [
              15,
              49
            ],
            [
              149,
              2374
            ],
            [
              607,
              15161
            ],
            [
              215,
              273727
            ],
            [
              216,
              401885
            ],
            [
              620,
              31000
            ],
            [
              641,
              5
            ],
            [
              614,
              6292
            ],
            [
              635,
              10
            ],
            [
              650,
              2650
            ]
          ],
          "AID": 16681051,
          "AOT": -1,
          "B": 1,
          "BEEF": 0.0,
          "C": 52557.0,
          "D": 150,
          "DW": 0,
          "F": 681000.0,
          "G": 15925.0,
          "H": 0,
          "HI": [],
          "HONEY": 2400.0,
          "I": 14717.0,
          "MC": 0,
          "MEAD": 124.0396,
          "O": 67970.0,
          "OGT": 0,
          "S": 81477.0,
          "SHI": [],
          "TU": [],
          "W": 81493.0,
          "WS": 0,
          "gpa": {
            "AM": 100.0,
            "BDB": 200,
            "BEEFCR": 100,
            "BEEFM": 100.0,
            "CM": 100.0,
            "DA": 0,
            "DBEEF": 0,
            "DBEEFC": 0.0,
            "DC": 0,
            "DF": 1072938,
            "DFC": 421920.0,
            "DG": 0,
            "DHONEY": 416175,
            "DI": 0,
            "DMEAD": 8107942,
            "DMEADC": 13513220.0,
            "DO": 0,
            "DS": 39,
            "DW": 39,
            "FCR": 95,
            "FM": 664.0,
            "GM": 100.0,
            "GRD": 0,
            "HONEYM": 137.0,
            "IM": 100.0,
            "M": 0,
            "MEADCR": 60,
            "MEADM": 214.0,
            "MP": 0,
            "MRA": 601000,
            "MRBEEF": 250000,
            "MRC": 81000,
            "MRF": 681000,
            "MRG": 81000,
            "MRHONEY": 2400,
            "MRI": 81000,
            "MRMEAD": 950,
            "MRO": 81000,
            "MRS": 81000,
            "MRW": 81000,
            "NDP": 220410,
            "OM": 100.0,
            "P": 0,
            "R": 35,
            "RS1": 5898.0,
            "RS2": 0.0,
            "RS3": 0.0,
            "RSH": 1060,
            "S": 0,
            "SAFE_A": 1000.0,
            "SAFE_BEEF": 1000.0,
            "SAFE_C": 1000.0,
            "SAFE_F": 1000.0,
            "SAFE_G": 1000.0,
            "SAFE_HONEY": 1000.0,
            "SAFE_I": 1000.0,
            "SAFE_MEAD": 1000.0,
            "SAFE_O": 1000.0,
            "SAFE_S": 1000.0,
            "SAFE_W": 1000.0,
            "SM": 26.840004,
            "US": 0,
            "WM": 26.840004
          }
        }
      ],
      "KID": 3
    },
    {
      "AI": [],
      "KID": 4
    },
    {
      "AI": [
        {
          "A": 0.0,
          "AC": [
            [
              14,
              85
            ],
            [
              620,
              694774
            ],
            [
              778,
              11919
            ],
            [
              242,
              77329
            ],
            [
              241,
              59683
            ],
            [
              651,
              13932
            ]
          ],
          "AID": 293,
          "AOT": -1,
          "B": 1,
          "BEEF": 0.0,
          "C": 0.0,
          "D": 0,
          "DW": 0,
          "F": 16952.668,
          "G": 0.0,
          "H": 1,
          "HI": [],
          "HONEY": 0.0,
          "I": 0.0,
          "MC": 10,
          "MEAD": 0.0,
          "O": 0.0,
          "OGT": 0,
          "S": 16783.717,
          "SHI": [],
          "TU": [
            [
              14,
              70
            ],
            [
              10,
              284
            ]
          ],
          "W": 15046.718,
          "WS": 0,
          "gpa": {
            "AUS": 715,
            "BDB": 167,
            "BEEFCR": 100,
            "DA": 0,
            "DBEEF": 0,
            "DBEEFC": 0.0,
            "DC": 0,
            "DF": 13200,
            "DFC": 14200.0,
            "DG": 0,
            "DHONEY": 0,
            "DI": 0,
            "DMEAD": 0,
            "DMEADC": 0.0,
            "DO": 0,
            "DS": 7100,
            "DW": 7100,
            "FCR": 100,
            "GRD": 0,
            "M": 439.0,
            "MEADCR": 100,
            "MRA": 0,
            "MRBEEF": 0,
            "MRC": 0,
            "MRF": 25500,
            "MRG": 0,
            "MRHONEY": 0,
            "MRI": 0,
            "MRMEAD": 0,
            "MRO": 0,
            "MRS": 25500,
            "MRW": 25500,
            "NDP": 0,
            "P": 0,
            "R": 0,
            "RFPPA": 0.5143939,
            "RS1": 403.0,
            "RS2": 0.0,
            "RS3": 0.0,
            "RSH": 100,
            "SAFE_A": 0.0,
            "SAFE_BEEF": 0.0,
            "SAFE_C": 0.0,
            "SAFE_F": 0.0,
            "SAFE_G": 0.0,
            "SAFE_HONEY": 0.0,
            "SAFE_I": 0.0,
            "SAFE_MEAD": 0.0,
            "SAFE_O": 0.0,
            "SAFE_S": 0.0,
            "SAFE_W": 0.0,
            "US": 302
          }
        }
      ],
      "KID": 10
    }
  ],
  "PID": 16862926
}

  raw:
%xt%dcl%1%0%{"PID":16862926,"C":[{"KID":0,"AI":[{"AID":16011862,"W":381971.56,"S":275638.56,"F":749000.0,"C":98886.0,"O":124000.0,"G":124000.0,"A":0.0,"I":114720.0,"HONEY":231100.0,"MEAD":2.1974664E7,"BEEF":0.0,"D":596,"gpa":{"DFC":375580.0,"DMEADC":3.212278E7,"DBEEFC":0.0,"DW":10607,"DS":130,"DF":543591,"DC":0,"DO":0,"DG":0,"DA":0,"DI":0,"DHONEY":290410,"DMEAD":19337720,"DBEEF":0,"S":0,"WM":30.399998,"SM":30.399998,"FM":310.80002,"CM":100.0,"OM":100.0,"GM":100.0,"AM":100.0,"IM":100.0,"HONEYM":137.0,"MEADM":207.8,"BEEFM":100.0,"MP":250,"FCR":75,"MEADCR":60,"BEEFCR":100,"MRW":454000,"SAFE_W":4000.0,"MRS":454000,"SAFE_S":4000.0,"MRF":749000,"SAFE_F":4000.0,"MRC":124000,"SAFE_C":4000.0,"MRO":124000,"SAFE_O":4000.0,"MRG":124000,"SAFE_G":4000.0,"MRA":704000,"SAFE_A":4000.0,"MRI":124000,"SAFE_I":4000.0,"MRHONEY":106100,"SAFE_HONEY":4000.0,"MRMEAD":104950,"SAFE_MEAD":4000.0,"MRBEEF":500000,"SAFE_BEEF":4000.0,"P":0,"NDP":236402,"R":30,"GRD":0,"RS1":4986.0,"RS2":1501.0,"RS3":1501.0,"RSH":1073,"BDB":200,"US":0,"M":0},"AC":[[195,10634],[216,492478],[461,20297],[726,62],[725,15],[656,20],[655,10],[714,20],[715,10],[729,90],[238,159797],[369,25415],[501,23347],[500,13130],[765,10],[227,168633],[760,10],[217,10944],[149,2971],[215,681464],[12,2950],[11,800],[10,1527],[9,89],[6,30],[607,1140],[63,1790],[588,545],[587,7],[579,8],[732,96],[583,1525],[967,9],[580,105],[776,5852],[775,6547],[577,6],[576,63],[771,4682],[770,6252],[178,4400],[571,1],[570,65],[568,335],[1,16300],[169,18809],[168,19862],[167,18124],[166,36490],[165,83100],[164,72670],[163,13920],[162,200],[161,100],[160,6000],[158,5996],[156,6000],[154,6000],[153,35980],[152,65260],[740,122300],[739,128500],[738,120100],[737,171],[735,1745],[143,135346],[142,128310],[141,135193],[611,16999],[256,198],[614,62996],[512,219760],[511,217360],[115,100],[107,47400],[106,270150],[476,15000],[241,101113],[490,204980],[82,12100],[81,14765],[474,69880],[77,4800],[661,156],[660,817],[654,175],[653,264],[651,27507],[650,7383],[649,64454],[648,1794],[56,1],[642,20],[641,707],[640,396],[245,580],[244,27890],[243,7180],[242,63271],[635,685],[240,89520],[239,7000],[734,298530],[30,26550],[620,451956],[27,13939],[26,24463],[25,21031],[812,4],[811,60],[810,120],[808,65],[807,120],[17,100050],[16,8655],[407,16740],[406,14000],[405,244550],[404,12930],[971,9],[777,1000],[773,2200],[774,1100],[110,40004],[627,236],[626,88],[625,1124],[624,1040],[105,1162],[731,29676],[730,12],[315,77],[647,12],[645,4],[637,87],[634,2],[300,113],[112,35035],[629,62],[622,526],[110,3832],[731,3800],[112,1925]],"SHI":[],"HI":[[461,3],[369,3],[501,3],[227,15],[500,1],[238,15]],"TU":[],"MC":65,"B":1,"WS":1,"DW":1,"H":1,"OGT":0,"AOT":-1},{"AID":16632819,"W":47167.71,"S":56564.484,"F":681000.0,"C":67802.0,"O":53892.0,"G":54865.0,"A":0.0,"I":80005.0,"HONEY":0.0,"MEAD":0.0,"BEEF":0.0,"D":105,"gpa":{"DFC":172800.0,"DMEADC":0.0,"DBEEFC":0.0,"DW":40,"DS":40,"DF":473979,"DC":0,"DO":0,"DG":0,"DA":0,"DI":0,"DHONEY":0,"DMEAD":0,"DBEEF":0,"S":0,"WM":26.399998,"SM":26.399998,"FM":274.80002,"CM":100.0,"OM":100.0,"GM":100.0,"AM":100.0,"IM":100.0,"HONEYM":137.0,"MEADM":129.0,"BEEFM":100.0,"MP":250,"FCR":90,"MEADCR":100,"BEEFCR":100,"MRW":81000,"SAFE_W":1000.0,"MRS":81000,"SAFE_S":1000.0,"MRF":681000,"SAFE_F":1000.0,"MRC":81000,"SAFE_C":1000.0,"MRO":81000,"SAFE_O":1000.0,"MRG":81000,"SAFE_G":1000.0,"MRA":601000,"SAFE_A":1000.0,"MRI":81000,"SAFE_I":1000.0,"MRHONEY":0,"SAFE_HONEY":1000.0,"MRMEAD":0,"SAFE_MEAD":1000.0,"MRBEEF":0,"SAFE_BEEF":1000.0,"P":0,"NDP":158765,"R":50,"GRD":0,"RS1":1259.0,"RS2":0.0,"RS3":0.0,"RSH":921,"BDB":200,"US":0,"M":0},"AC":[[607,8640],[620,30491]],"SHI":[],"HI":[],"TU":[],"MC":0,"B":1,"WS":0,"DW":0,"H":0,"OGT":0},{"AID":16673031,"W":46142.34,"S":11596.266,"F":83566.164,"C":13730.0,"O":33133.0,"G":11904.0,"A":0.0,"I":66246.0,"HONEY":102104.89,"MEAD":300.0,"BEEF":0.0,"D":80,"gpa":{"DFC":380690.0,"DMEADC":0.0,"DBEEFC":0.0,"DW":25,"DS":25,"DF":637990,"DC":0,"DO":0,"DG":0,"DA":0,"DI":0,"DHONEY":5394,"DMEAD":204427,"DBEEF":0,"S":0,"WM":26.399998,"SM":26.399998,"FM":298.80002,"CM":100.0,"OM":100.0,"GM":100.0,"AM":100.0,"IM":100.0,"HONEYM":137.0,"MEADM":129.0,"BEEFM":100.0,"MP":250,"FCR":95,"MEADCR":100,"BEEFCR":100,"MRW":81000,"SAFE_W":1000.0,"MRS":81000,"SAFE_S":1000.0,"MRF":681000,"SAFE_F":1000.0,"MRC":81000,"SAFE_C":1000.0,"MRO":81000,"SAFE_O":1000.0,"MRG":81000,"SAFE_G":1000.0,"MRA":601000,"SAFE_A":1000.0,"MRI":81000,"SAFE_I":1000.0,"MRHONEY":300,"SAFE_HONEY":1000.0,"MRMEAD":300,"SAFE_MEAD":1000.0,"MRBEEF":0,"SAFE_BEEF":1000.0,"P":0,"NDP":185140,"R":55,"GRD":0,"RS1":1298.0,"RS2":0.0,"RS3":0.0,"RSH":960,"BDB":175,"US":0,"M":0},"AC":[[10,1],[607,19032],[620,16976],[614,1919]],"SHI":[],"HI":[],"TU":[],"MC":0,"B":1,"WS":0,"DW":0,"H":0,"OGT":0}]},{"KID":1,"AI":[{"AID":16366514,"W":81000.0,"S":81000.0,"F":641245.25,"C":67300.0,"O":1331000.0,"G":16505.0,"A":0.0,"I":15301.0,"HONEY":900.0,"MEAD":450.0,"BEEF":0.0,"D":399,"gpa":{"DFC":8100280.0,"DMEADC":371340.0,"DBEEFC":0.0,"DW":7389,"DS":29,"DF":2252970,"DC":0,"DO":0,"DG":0,"DA":0,"DI":0,"DHONEY":712450,"DMEAD":5532627,"DBEEF":0,"S":0,"WM":26.840004,"SM":29.040005,"FM":604.0,"CM":100.0,"OM":100.0,"GM":100.0,"AM":100.0,"IM":100.0,"HONEYM":137.0,"MEADM":129.0,"BEEFM":100.0,"MP":0,"FCR":35,"MEADCR":100,"BEEFCR":100,"MRW":81000,"SAFE_W":1000.0,"MRS":81000,"SAFE_S":1000.0,"MRF":646000,"SAFE_F":1000.0,"MRC":81000,"SAFE_C":1000.0,"MRO":1331000,"SAFE_O":1000.0,"MRG":81000,"SAFE_G":1000.0,"MRA":601000,"SAFE_A":1000.0,"MRI":81000,"SAFE_I":1000.0,"MRHONEY":900,"SAFE_HONEY":1000.0,"MRMEAD":450,"SAFE_MEAD":1000.0,"MRBEEF":250000,"SAFE_BEEF":1000.0,"P":0,"NDP":197955,"R":165,"GRD":0,"RS1":1535.0,"RS2":577.0,"RS3":0.0,"RSH":1012,"BDB":200,"US":0,"M":0},"AC":[[216,16177],[277,5013],[149,3756],[6,25000],[607,12126],[10,138],[9,7],[689,320],[688,320],[5,25000],[35,75124],[34,35691],[715,8149],[714,11912],[641,188],[620,95225],[635,20],[614,82132],[649,390],[648,144],[17,150]],"SHI":[],"HI":[],"TU":[[607,35],[216,2390]],"MC":0,"B":1,"WS":1,"DW":0,"H":0,"OGT":0,"AOT":-1}]},{"KID":2,"AI":[{"AID":16366513,"W":60800.0,"S":60800.0,"F":58027.09,"C":4014.0,"O":0.0,"G":0.0,"A":0.0,"I":0.0,"HONEY":0.0,"MEAD":0.0,"BEEF":0.0,"D":15,"gpa":{"DFC":61200.0,"DMEADC":0.0,"DBEEFC":0.0,"DW":7655,"DS":7860,"DF":57686,"DC":0,"DO":0,"DG":0,"DA":0,"DI":0,"DHONEY":0,"DMEAD":0,"DBEEF":0,"S":0,"WM":122.0,"SM":122.0,"FM":174.0,"CM":100.0,"OM":100.0,"GM":100.0,"AM":100.0,"IM":100.0,"HONEYM":137.0,"MEADM":129.0,"BEEFM":100.0,"MP":0,"FCR":100,"MEADCR":100,"BEEFCR":100,"MRW":60800,"SAFE_W":800.0,"MRS":60800,"SAFE_S":800.0,"MRF":60800,"SAFE_F":800.0,"MRC":60800,"SAFE_C":800.0,"MRO":60800,"SAFE_O":800.0,"MRG":60800,"SAFE_G":800.0,"MRA":450800,"SAFE_A":800.0,"MRI":60800,"SAFE_I":800.0,"MRHONEY":0,"SAFE_HONEY":800.0,"MRMEAD":0,"SAFE_MEAD":800.0,"MRBEEF":0,"SAFE_BEEF":800.0,"P":0,"NDP":29425,"R":40,"GRD":0,"RS1":766.0,"RS2":0.0,"RS3":0.0,"RSH":443,"BDB":100,"US":0,"M":0},"AC":[[607,3060],[620,27000]],"SHI":[],"HI":[],"TU":[],"MC":0,"B":1,"WS":0,"DW":0,"H":0,"OGT":0,"AOT":-1}]},{"KID":3,"AI":[{"AID":16681051,"W":81493.0,"S":81477.0,"F":681000.0,"C":52557.0,"O":67970.0,"G":15925.0,"A":0.0,"I":14717.0,"HONEY":2400.0,"MEAD":124.0396,"BEEF":0.0,"D":150,"gpa":{"DFC":421920.0,"DMEADC":1.351322E7,"DBEEFC":0.0,"DW":39,"DS":39,"DF":1072938,"DC":0,"DO":0,"DG":0,"DA":0,"DI":0,"DHONEY":416175,"DMEAD":8107942,"DBEEF":0,"S":0,"WM":26.840004,"SM":26.840004,"FM":664.0,"CM":100.0,"OM":100.0,"GM":100.0,"AM":100.0,"IM":100.0,"HONEYM":137.0,"MEADM":214.0,"BEEFM":100.0,"MP":0,"FCR":95,"MEADCR":60,"BEEFCR":100,"MRW":81000,"SAFE_W":1000.0,"MRS":81000,"SAFE_S":1000.0,"MRF":681000,"SAFE_F":1000.0,"MRC":81000,"SAFE_C":1000.0,"MRO":81000,"SAFE_O":1000.0,"MRG":81000,"SAFE_G":1000.0,"MRA":601000,"SAFE_A":1000.0,"MRI":81000,"SAFE_I":1000.0,"MRHONEY":2400,"SAFE_HONEY":1000.0,"MRMEAD":950,"SAFE_MEAD":1000.0,"MRBEEF":250000,"SAFE_BEEF":1000.0,"P":0,"NDP":220410,"R":35,"GRD":0,"RS1":5898.0,"RS2":0.0,"RS3":0.0,"RSH":1060,"BDB":200,"US":0,"M":0},"AC":[[15,49],[149,2374],[607,15161],[215,273727],[216,401885],[620,31000],[641,5],[614,6292],[635,10],[650,2650]],"SHI":[],"HI":[],"TU":[],"MC":0,"B":1,"WS":0,"DW":0,"H":0,"OGT":0,"AOT":-1}]},{"KID":4,"AI":[]},{"KID":10,"AI":[{"AID":293,"W":15046.718,"S":16783.717,"F":16952.668,"C":0.0,"O":0.0,"G":0.0,"A":0.0,"I":0.0,"HONEY":0.0,"MEAD":0.0,"BEEF":0.0,"D":0,"gpa":{"DFC":14200.0,"DMEADC":0.0,"DBEEFC":0.0,"DW":7100,"DS":7100,"DF":13200,"DC":0,"DO":0,"DG":0,"DA":0,"DI":0,"DHONEY":0,"DMEAD":0,"DBEEF":0,"FCR":100,"MEADCR":100,"BEEFCR":100,"MRW":25500,"SAFE_W":0.0,"MRS":25500,"SAFE_S":0.0,"MRF":25500,"SAFE_F":0.0,"MRC":0,"SAFE_C":0.0,"MRO":0,"SAFE_O":0.0,"MRG":0,"SAFE_G":0.0,"MRA":0,"SAFE_A":0.0,"MRI":0,"SAFE_I":0.0,"MRHONEY":0,"SAFE_HONEY":0.0,"MRMEAD":0,"SAFE_MEAD":0.0,"MRBEEF":0,"SAFE_BEEF":0.0,"P":0,"NDP":0,"R":0,"GRD":0,"RS1":403.0,"RS2":0.0,"RS3":0.0,"RSH":100,"BDB":167,"US":302,"AUS":715,"M":439.0,"RFPPA":0.5143939},"AC":[[14,85],[620,694774],[778,11919],[242,77329],[241,59683],[651,13932]],"SHI":[],"HI":[],"TU":[[14,70],[10,284]],"MC":10,"B":1,"WS":0,"DW":0,"H":1,"OGT":0,"AOT":-1}]}]}%
---
[08:18:12.199] SERVER -> CLIENT
XT PACKET
  fields:
    type: xt
    command: gkl
    request_id: 1
    status: 0
    payload: {"AI":[]}

  json_payload:
{
  "AI": []
}

  raw:
%xt%gkl%1%0%{"AI":[]}%
---
[08:18:12.200] SERVER -> CLIENT
XT PACKET
  fields:
    type: xt
    command: gml
    request_id: 1
    status: 0
    payload: {"AI":[]}

  json_payload:
{
  "AI": []
}

  raw:
%xt%gml%1%0%{"AI":[]}%
---
[08:18:12.201] SERVER -> CLIENT
XT PACKET
  fields:
    type: xt
    command: gll
    request_id: 1
    status: 0
    payload: {"AI":[]}

  json_payload:
{
  "AI": []
}

  raw:
%xt%gll%1%0%{"AI":[]}%
---
[08:18:14.017] CLIENT -> SERVER
XT PACKET
  fields:
    type: xt
    server_header: EmpireEx_21
    command: gbc
    request_id: 1
    payload: {"CID":293,"KID":10}

  json_payload:
{
  "CID": 293,
  "KID": 10
}

  raw:
%xt%EmpireEx_21%gbc%1%{"CID":293,"KID":10}%
---
[08:18:14.127] SERVER -> CLIENT
XT PACKET
  fields:
    type: xt
    command: gbc
    request_id: 1
    status: 0
    payload: {"PL":[{"PID":2503,"AMT":3},{"PID":2502,"AMT":3},{"PID":1991,"AMT":5}]}

  json_payload:
{
  "PL": [
    {
      "AMT": 3,
      "PID": 2503
    },
    {
      "AMT": 3,
      "PID": 2502
    },
    {
      "AMT": 5,
      "PID": 1991
    }
  ]
}

  raw:
%xt%gbc%1%0%{"PL":[{"PID":2503,"AMT":3},{"PID":2502,"AMT":3},{"PID":1991,"AMT":5}]}%
---
[08:18:18.076] SERVER -> CLIENT
XT PACKET
  fields:
    type: xt
    command: ahh
    request_id: 1
    status: 0
    payload: {"LID":144681,"P":0,"PID":10439302,"PN":"Curt Cuddy","TID":6,"AC":0,"RT":36849,"OP":{"AID":12539092,"SID":1,"RLID":0},"TSL":-1}

  json_payload:
{
  "AC": 0,
  "LID": 144681,
  "OP": {
    "AID": 12539092,
    "RLID": 0,
    "SID": 1
  },
  "P": 0,
  "PID": 10439302,
  "PN": "Curt Cuddy",
  "RT": 36849,
  "TID": 6,
  "TSL": -1
}

  raw:
%xt%ahh%1%0%{"LID":144681,"P":0,"PID":10439302,"PN":"Curt Cuddy","TID":6,"AC":0,"RT":36849,"OP":{"AID":12539092,"SID":1,"RLID":0},"TSL":-1}%
---
[08:18:18.756] CLIENT -> SERVER
XT PACKET
  fields:
    type: xt
    server_header: EmpireEx_21
    command: sbp
    request_id: 1
    payload: {"PID":36,"BT":0,"TID":27,"AMT":1000,"KID":10,"AID":-1,"PC2":-1,"BA":0,"PWR":0,"_PO":-1}

  json_payload:
{
  "AID": -1,
  "AMT": 1000,
  "BA": 0,
  "BT": 0,
  "KID": 10,
  "PC2": -1,
  "PID": 36,
  "PWR": 0,
  "TID": 27,
  "_PO": -1
}

  raw:
%xt%EmpireEx_21%sbp%1%{"PID":36,"BT":0,"TID":27,"AMT":1000,"KID":10,"AID":-1,"PC2":-1,"BA":0,"PWR":0,"_PO":-1}%
---
[08:18:18.776] SERVER -> CLIENT
XT PACKET
  fields:
    type: xt
    command: ahh
    request_id: 1
    status: 0
    payload: {"LID":144681,"P":1,"PID":10439302,"PN":"Curt Cuddy","TID":6,"AC":0,"RT":36848,"OP":{"AID":12539092,"SID":1,"RLID":0},"TSL":-1}

  json_payload:
{
  "AC": 0,
  "LID": 144681,
  "OP": {
    "AID": 12539092,
    "RLID": 0,
    "SID": 1
  },
  "P": 1,
  "PID": 10439302,
  "PN": "Curt Cuddy",
  "RT": 36848,
  "TID": 6,
  "TSL": -1
}

  raw:
%xt%ahh%1%0%{"LID":144681,"P":1,"PID":10439302,"PN":"Curt Cuddy","TID":6,"AC":0,"RT":36848,"OP":{"AID":12539092,"SID":1,"RLID":0},"TSL":-1}%
---
[08:18:18.871] SERVER -> CLIENT
XT PACKET
  fields:
    type: xt
    command: ahh
    request_id: 1
    status: 0
    payload: {"LID":144681,"P":2,"PID":10439302,"PN":"Curt Cuddy","TID":6,"AC":0,"RT":36848,"OP":{"AID":12539092,"SID":1,"RLID":0},"TSL":-1}

  json_payload:
{
  "AC": 0,
  "LID": 144681,
  "OP": {
    "AID": 12539092,
    "RLID": 0,
    "SID": 1
  },
  "P": 2,
  "PID": 10439302,
  "PN": "Curt Cuddy",
  "RT": 36848,
  "TID": 6,
  "TSL": -1
}

  raw:
%xt%ahh%1%0%{"LID":144681,"P":2,"PID":10439302,"PN":"Curt Cuddy","TID":6,"AC":0,"RT":36848,"OP":{"AID":12539092,"SID":1,"RLID":0},"TSL":-1}%
---
[08:18:18.882] SERVER -> CLIENT
XT PACKET
  fields:
    type: xt
    command: ahh
    request_id: 1
    status: 0
    payload: {"LID":144681,"P":3,"PID":10439302,"PN":"Curt Cuddy","TID":6,"AC":0,"RT":36848,"OP":{"AID":12539092,"SID":1,"RLID":0},"TSL":-1}

  json_payload:
{
  "AC": 0,
  "LID": 144681,
  "OP": {
    "AID": 12539092,
    "RLID": 0,
    "SID": 1
  },
  "P": 3,
  "PID": 10439302,
  "PN": "Curt Cuddy",
  "RT": 36848,
  "TID": 6,
  "TSL": -1
}

  raw:
%xt%ahh%1%0%{"LID":144681,"P":3,"PID":10439302,"PN":"Curt Cuddy","TID":6,"AC":0,"RT":36848,"OP":{"AID":12539092,"SID":1,"RLID":0},"TSL":-1}%
---
[08:18:18.895] SERVER -> CLIENT
XT PACKET
  fields:
    type: xt
    command: ahd
    request_id: 1
    status: 0
    payload: {"LID":144681}

  json_payload:
{
  "LID": 144681
}

  raw:
%xt%ahd%1%0%{"LID":144681}%
---
[08:18:18.904] SERVER -> CLIENT
XT PACKET
  fields:
    type: xt
    command: gcu
    request_id: 1
    status: 0
    payload: {"C1":2146672961,"C2":83067}

  json_payload:
{
  "C1": 2146672961,
  "C2": 83067
}

  raw:
%xt%gcu%1%0%{"C1":2146672961,"C2":83067}%
---
[08:18:18.905] SERVER -> CLIENT
XT PACKET
  fields:
    type: xt
    command: rue
    request_id: 1
    status: 0
    payload: {"AID":293,"SID":10,"WID":620,"NUA":695774,"RUA":1000}

  json_payload:
{
  "AID": 293,
  "NUA": 695774,
  "RUA": 1000,
  "SID": 10,
  "WID": 620
}

  raw:
%xt%rue%1%0%{"AID":293,"SID":10,"WID":620,"NUA":695774,"RUA":1000}%
---
[08:18:18.906] SERVER -> CLIENT
XT PACKET
  fields:
    type: xt
    command: sbp
    request_id: 1
    status: 0
    payload: {"gcu":{"C1":2146672961,"C2":83067},"cpi":{"APM":0,"TPM":0},"gui":{"I":[[14,85],[620,695774],[778,11919],[242,77329],[241,59683],[651,13932]],"SHI":[],"HI":[],"TU":[[14,70],[10,284]]},"grc":{"AID":293,"W":15047.901,"S":16784.9,"F":16952.502,"C":0.0,"O":0.0,"G":0.0,"A":0.0,"I":0.0,"HONEY":0.0,"MEAD":0.0,"BEEF":0.0,"KID":10},"PID":36,"AMT":1000}

  json_payload:
{
  "AMT": 1000,
  "PID": 36,
  "cpi": {
    "APM": 0,
    "TPM": 0
  },
  "gcu": {
    "C1": 2146672961,
    "C2": 83067
  },
  "grc": {
    "A": 0.0,
    "AID": 293,
    "BEEF": 0.0,
    "C": 0.0,
    "F": 16952.502,
    "G": 0.0,
    "HONEY": 0.0,
    "I": 0.0,
    "KID": 10,
    "MEAD": 0.0,
    "O": 0.0,
    "S": 16784.9,
    "W": 15047.901
  },
  "gui": {
    "HI": [],
    "I": [
      [
        14,
        85
      ],
      [
        620,
        695774
      ],
      [
        778,
        11919
      ],
      [
        242,
        77329
      ],
      [
        241,
        59683
      ],
      [
        651,
        13932
      ]
    ],
    "SHI": [],
    "TU": [
      [
        14,
        70
      ],
      [
        10,
        284
      ]
    ]
  }
}

  raw:
%xt%sbp%1%0%{"gcu":{"C1":2146672961,"C2":83067},"cpi":{"APM":0,"TPM":0},"gui":{"I":[[14,85],[620,695774],[778,11919],[242,77329],[241,59683],[651,13932]],"SHI":[],"HI":[],"TU":[[14,70],[10,284]]},"grc":{"AID":293,"W":15047.901,"S":16784.9,"F":16952.502,"C":0.0,"O":0.0,"G":0.0,"A":0.0,"I":0.0,"HONEY":0.0,"MEAD":0.0,"BEEF":0.0,"KID":10},"PID":36,"AMT":1000}%
---
[08:18:18.907] SERVER -> CLIENT
XT PACKET
  fields:
    type: xt
    command: gpa
    request_id: 1
    status: 0
    payload: {"DFC":14200.0,"DMEADC":0.0,"DBEEFC":0.0,"DW":7100,"DS":7100,"DF":13200,"DC":0,"DO":0,"DG":0,"DA":0,"DI":0,"DHONEY":0,"DMEAD":0,"DBEEF":0,"FCR":100,"MEADCR":100,"BEEFCR":100,"MRW":25500,"SAFE_W":0.0,"MRS":25500,"SAFE_S":0.0,"MRF":25500,"SAFE_F":0.0,"MRC":0,"SAFE_C":0.0,"MRO":0,"SAFE_O":0.0,"MRG":0,"SAFE_G":0.0,"MRA":0,"SAFE_A":0.0,"MRI":0,"SAFE_I":0.0,"MRHONEY":0,"SAFE_HONEY":0.0,"MRMEAD":0,"SAFE_MEAD":0.0,"MRBEEF":0,"SAFE_BEEF":0.0,"P":0,"NDP":0,"R":0,"GRD":0,"RS1":403.0,"RS2":0.0,"RS3":0.0,"RSH":100,"BDB":167,"US":302,"AUS":715,"M":439.0,"RFPPA":0.5143939}

  json_payload:
{
  "AUS": 715,
  "BDB": 167,
  "BEEFCR": 100,
  "DA": 0,
  "DBEEF": 0,
  "DBEEFC": 0.0,
  "DC": 0,
  "DF": 13200,
  "DFC": 14200.0,
  "DG": 0,
  "DHONEY": 0,
  "DI": 0,
  "DMEAD": 0,
  "DMEADC": 0.0,
  "DO": 0,
  "DS": 7100,
  "DW": 7100,
  "FCR": 100,
  "GRD": 0,
  "M": 439.0,
  "MEADCR": 100,
  "MRA": 0,
  "MRBEEF": 0,
  "MRC": 0,
  "MRF": 25500,
  "MRG": 0,
  "MRHONEY": 0,
  "MRI": 0,
  "MRMEAD": 0,
  "MRO": 0,
  "MRS": 25500,
  "MRW": 25500,
  "NDP": 0,
  "P": 0,
  "R": 0,
  "RFPPA": 0.5143939,
  "RS1": 403.0,
  "RS2": 0.0,
  "RS3": 0.0,
  "RSH": 100,
  "SAFE_A": 0.0,
  "SAFE_BEEF": 0.0,
  "SAFE_C": 0.0,
  "SAFE_F": 0.0,
  "SAFE_G": 0.0,
  "SAFE_HONEY": 0.0,
  "SAFE_I": 0.0,
  "SAFE_MEAD": 0.0,
  "SAFE_O": 0.0,
  "SAFE_S": 0.0,
  "SAFE_W": 0.0,
  "US": 302
}

  raw:
%xt%gpa%1%0%{"DFC":14200.0,"DMEADC":0.0,"DBEEFC":0.0,"DW":7100,"DS":7100,"DF":13200,"DC":0,"DO":0,"DG":0,"DA":0,"DI":0,"DHONEY":0,"DMEAD":0,"DBEEF":0,"FCR":100,"MEADCR":100,"BEEFCR":100,"MRW":25500,"SAFE_W":0.0,"MRS":25500,"SAFE_S":0.0,"MRF":25500,"SAFE_F":0.0,"MRC":0,"SAFE_C":0.0,"MRO":0,"SAFE_O":0.0,"MRG":0,"SAFE_G":0.0,"MRA":0,"SAFE_A":0.0,"MRI":0,"SAFE_I":0.0,"MRHONEY":0,"SAFE_HONEY":0.0,"MRMEAD":0,"SAFE_MEAD":0.0,"MRBEEF":0,"SAFE_BEEF":0.0,"P":0,"NDP":0,"R":0,"GRD":0,"RS1":403.0,"RS2":0.0,"RS3":0.0,"RSH":100,"BDB":167,"US":302,"AUS":715,"M":439.0,"RFPPA":0.5143939}%
---
[08:18:20.563] CLIENT -> SERVER
XT PACKET
  fields:
    type: xt
    server_header: EmpireEx_21
    command: sbp
    request_id: 1
    payload: {"PID":36,"BT":0,"TID":27,"AMT":1000,"KID":10,"AID":-1,"PC2":-1,"BA":0,"PWR":0,"_PO":-1}

  json_payload:
{
  "AID": -1,
  "AMT": 1000,
  "BA": 0,
  "BT": 0,
  "KID": 10,
  "PC2": -1,
  "PID": 36,
  "PWR": 0,
  "TID": 27,
  "_PO": -1
}

  raw:
%xt%EmpireEx_21%sbp%1%{"PID":36,"BT":0,"TID":27,"AMT":1000,"KID":10,"AID":-1,"PC2":-1,"BA":0,"PWR":0,"_PO":-1}%
---
[08:18:20.680] SERVER -> CLIENT
XT PACKET
  fields:
    type: xt
    command: gcu
    request_id: 1
    status: 0
    payload: {"C1":2145862961,"C2":83067}

  json_payload:
{
  "C1": 2145862961,
  "C2": 83067
}

  raw:
%xt%gcu%1%0%{"C1":2145862961,"C2":83067}%
---
[08:18:20.681] SERVER -> CLIENT
XT PACKET
  fields:
    type: xt
    command: rue
    request_id: 1
    status: 0
    payload: {"AID":293,"SID":10,"WID":620,"NUA":696774,"RUA":1000}

  json_payload:
{
  "AID": 293,
  "NUA": 696774,
  "RUA": 1000,
  "SID": 10,
  "WID": 620
}

  raw:
%xt%rue%1%0%{"AID":293,"SID":10,"WID":620,"NUA":696774,"RUA":1000}%
---
[08:18:20.681] SERVER -> CLIENT
XT PACKET
  fields:
    type: xt
    command: sbp
    request_id: 1
    status: 0
    payload: {"gcu":{"C1":2145862961,"C2":83067},"cpi":{"APM":0,"TPM":0},"gui":{"I":[[14,85],[620,696774],[778,11919],[242,77329],[241,59683],[651,13932]],"SHI":[],"HI":[],"TU":[[14,70],[10,284]]},"grc":{"AID":293,"W":15048.296,"S":16785.295,"F":16952.447,"C":0.0,"O":0.0,"G":0.0,"A":0.0,"I":0.0,"HONEY":0.0,"MEAD":0.0,"BEEF":0.0,"KID":10},"PID":36,"AMT":1000}

  json_payload:
{
  "AMT": 1000,
  "PID": 36,
  "cpi": {
    "APM": 0,
    "TPM": 0
  },
  "gcu": {
    "C1": 2145862961,
    "C2": 83067
  },
  "grc": {
    "A": 0.0,
    "AID": 293,
    "BEEF": 0.0,
    "C": 0.0,
    "F": 16952.447,
    "G": 0.0,
    "HONEY": 0.0,
    "I": 0.0,
    "KID": 10,
    "MEAD": 0.0,
    "O": 0.0,
    "S": 16785.295,
    "W": 15048.296
  },
  "gui": {
    "HI": [],
    "I": [
      [
        14,
        85
      ],
      [
        620,
        696774
      ],
      [
        778,
        11919
      ],
      [
        242,
        77329
      ],
      [
        241,
        59683
      ],
      [
        651,
        13932
      ]
    ],
    "SHI": [],
    "TU": [
      [
        14,
        70
      ],
      [
        10,
        284
      ]
    ]
  }
}

  raw:
%xt%sbp%1%0%{"gcu":{"C1":2145862961,"C2":83067},"cpi":{"APM":0,"TPM":0},"gui":{"I":[[14,85],[620,696774],[778,11919],[242,77329],[241,59683],[651,13932]],"SHI":[],"HI":[],"TU":[[14,70],[10,284]]},"grc":{"AID":293,"W":15048.296,"S":16785.295,"F":16952.447,"C":0.0,"O":0.0,"G":0.0,"A":0.0,"I":0.0,"HONEY":0.0,"MEAD":0.0,"BEEF":0.0,"KID":10},"PID":36,"AMT":1000}%
---
[08:18:20.683] SERVER -> CLIENT
XT PACKET
  fields:
    type: xt
    command: gpa
    request_id: 1
    status: 0
    payload: {"DFC":14200.0,"DMEADC":0.0,"DBEEFC":0.0,"DW":7100,"DS":7100,"DF":13200,"DC":0,"DO":0,"DG":0,"DA":0,"DI":0,"DHONEY":0,"DMEAD":0,"DBEEF":0,"FCR":100,"MEADCR":100,"BEEFCR":100,"MRW":25500,"SAFE_W":0.0,"MRS":25500,"SAFE_S":0.0,"MRF":25500,"SAFE_F":0.0,"MRC":0,"SAFE_C":0.0,"MRO":0,"SAFE_O":0.0,"MRG":0,"SAFE_G":0.0,"MRA":0,"SAFE_A":0.0,"MRI":0,"SAFE_I":0.0,"MRHONEY":0,"SAFE_HONEY":0.0,"MRMEAD":0,"SAFE_MEAD":0.0,"MRBEEF":0,"SAFE_BEEF":0.0,"P":0,"NDP":0,"R":0,"GRD":0,"RS1":403.0,"RS2":0.0,"RS3":0.0,"RSH":100,"BDB":167,"US":302,"AUS":715,"M":439.0,"RFPPA":0.5143939}

  json_payload:
{
  "AUS": 715,
  "BDB": 167,
  "BEEFCR": 100,
  "DA": 0,
  "DBEEF": 0,
  "DBEEFC": 0.0,
  "DC": 0,
  "DF": 13200,
  "DFC": 14200.0,
  "DG": 0,
  "DHONEY": 0,
  "DI": 0,
  "DMEAD": 0,
  "DMEADC": 0.0,
  "DO": 0,
  "DS": 7100,
  "DW": 7100,
  "FCR": 100,
  "GRD": 0,
  "M": 439.0,
  "MEADCR": 100,
  "MRA": 0,
  "MRBEEF": 0,
  "MRC": 0,
  "MRF": 25500,
  "MRG": 0,
  "MRHONEY": 0,
  "MRI": 0,
  "MRMEAD": 0,
  "MRO": 0,
  "MRS": 25500,
  "MRW": 25500,
  "NDP": 0,
  "P": 0,
  "R": 0,
  "RFPPA": 0.5143939,
  "RS1": 403.0,
  "RS2": 0.0,
  "RS3": 0.0,
  "RSH": 100,
  "SAFE_A": 0.0,
  "SAFE_BEEF": 0.0,
  "SAFE_C": 0.0,
  "SAFE_F": 0.0,
  "SAFE_G": 0.0,
  "SAFE_HONEY": 0.0,
  "SAFE_I": 0.0,
  "SAFE_MEAD": 0.0,
  "SAFE_O": 0.0,
  "SAFE_S": 0.0,
  "SAFE_W": 0.0,
  "US": 302
}

  raw:
%xt%gpa%1%0%{"DFC":14200.0,"DMEADC":0.0,"DBEEFC":0.0,"DW":7100,"DS":7100,"DF":13200,"DC":0,"DO":0,"DG":0,"DA":0,"DI":0,"DHONEY":0,"DMEAD":0,"DBEEF":0,"FCR":100,"MEADCR":100,"BEEFCR":100,"MRW":25500,"SAFE_W":0.0,"MRS":25500,"SAFE_S":0.0,"MRF":25500,"SAFE_F":0.0,"MRC":0,"SAFE_C":0.0,"MRO":0,"SAFE_O":0.0,"MRG":0,"SAFE_G":0.0,"MRA":0,"SAFE_A":0.0,"MRI":0,"SAFE_I":0.0,"MRHONEY":0,"SAFE_HONEY":0.0,"MRMEAD":0,"SAFE_MEAD":0.0,"MRBEEF":0,"SAFE_BEEF":0.0,"P":0,"NDP":0,"R":0,"GRD":0,"RS1":403.0,"RS2":0.0,"RS3":0.0,"RSH":100,"BDB":167,"US":302,"AUS":715,"M":439.0,"RFPPA":0.5143939}%
---
